shipment_id,origin,destination,distance_km,weather_condition,temperature,rainfall,traffic_level,route_type,package_weight,shipment_type,dispatch_time,historical_delay_rate,estimated_delivery_time,actual_delivery_time,delay_minutes,delay_status,traffic_score,weather_score,route_score,traffic_distance_interaction,weather_traffic_interaction,dispatch_hour,is_peak_hour,distance_category
1,3,7,761.6,2,43.3,0.0,0,0,36.7,2,2025-03-13 09:00:00,0.36,1015.5,1124.5,109.0,Slight Delay,3,2,4,2284.8,6,9,1,0
2,0,3,383.1,5,20.6,44.4,3,1,21.9,2,2025-02-17 12:00:00,0.17,510.8,659.3,148.5,Moderate Delay,4,5,1,1532.4,20,12,0,1
3,2,5,1574.6,5,17.0,43.6,1,0,29.8,1,2025-11-29 19:00:00,0.03,2099.5,2221.1,121.6,Moderate Delay,1,5,4,1574.6,5,19,1,3
4,2,0,213.4,5,33.9,38.0,0,1,6.5,2,2025-12-24 19:00:00,0.3,284.5,413.8,129.3,Moderate Delay,3,5,1,640.2,15,19,1,1
5,4,6,1049.7,1,29.1,0.9,2,3,48.5,2,2025-02-17 18:00:00,0.47,1399.6,1476.7,77.1,Slight Delay,2,1,3,2099.4,2,18,1,3
6,3,8,557.3,4,39.0,31.8,0,1,14.4,1,2025-08-24 09:00:00,0.33,743.1,822.0,78.9,Slight Delay,3,3,1,1671.8999999999999,9,9,1,0
7,8,3,413.5,5,10.2,66.2,0,3,35.5,1,2025-04-09 08:00:00,0.44,551.3,692.2,140.9,Moderate Delay,3,5,3,1240.5,15,8,1,1
8,7,6,145.8,4,20.9,29.4,1,0,36.6,2,2025-07-14 14:00:00,0.38,194.4,277.8,83.4,Slight Delay,1,3,4,145.8,3,14,0,1
9,9,4,1131.3,1,37.0,2.5,0,3,26.4,2,2025-12-10 14:00:00,0.26,1508.4,1600.8,92.4,Slight Delay,3,1,3,3393.8999999999996,3,14,0,3
10,3,2,513.6,5,24.4,61.7,2,0,11.8,0,2025-07-14 14:00:00,0.05,684.8,795.1,110.3,Slight Delay,2,5,4,1027.2,10,14,0,0
11,0,2,1745.5,2,38.1,0.0,0,1,9.7,2,2025-01-17 16:00:00,0.54,2327.3,2449.8,122.5,Moderate Delay,3,2,1,5236.5,6,16,0,3
12,8,6,1639.7,0,40.1,0.0,2,3,0.8,2,2025-12-02 21:00:00,0.31,2186.3,2250.0,63.7,On Time,2,0,3,3279.4,0,21,0,3
13,8,0,659.9,1,28.2,3.5,0,0,18.5,2,2025-10-15 14:00:00,0.58,879.9,979.2,99.3,Slight Delay,3,1,4,1979.6999999999998,3,14,0,0
14,5,8,1015.3,5,11.8,25.9,3,3,45.5,2,2025-03-12 22:00:00,0.14,1353.7,1528.2,174.5,Severe Delay,4,5,3,4061.2,20,22,0,3
15,9,3,1528.0,0,18.3,0.0,1,0,36.5,1,2025-03-23 19:00:00,0.22,2037.3,2073.5,36.2,On Time,1,0,4,1528.0,0,19,1,3
16,5,3,100.7,3,30.7,55.8,3,2,1.3,1,2025-05-09 06:00:00,0.31,134.3,270.2,135.9,Moderate Delay,4,4,2,402.8,16,6,0,1
17,3,5,1874.7,4,14.8,30.6,0,1,6.1,0,2025-08-11 11:00:00,0.55,2499.6,2621.5,121.9,Moderate Delay,3,3,1,5624.1,9,11,0,3
18,9,7,204.3,2,41.4,0.0,0,0,45.1,1,2025-02-24 15:00:00,0.38,272.4,387.8,115.4,Moderate Delay,3,2,4,612.9000000000001,6,15,0,1
19,0,2,1564.2,1,32.5,0.4,0,0,8.5,1,2025-09-29 06:00:00,0.54,2085.6,2178.9,93.3,Slight Delay,3,1,4,4692.6,3,6,0,3
20,5,4,1390.0,3,32.8,21.8,1,1,35.8,0,2025-06-07 13:00:00,0.14,1853.3,1923.6,70.3,On Time,1,4,1,1390.0,4,13,0,3
21,7,6,1145.3,5,13.3,32.6,1,1,13.6,1,2025-09-06 08:00:00,0.15,1527.1,1671.9,144.8,Moderate Delay,1,5,1,1145.3,5,8,1,3
22,0,1,995.2,1,16.8,3.6,3,0,14.4,0,2025-09-28 19:00:00,0.01,1326.9,1447.8,120.9,Moderate Delay,4,1,4,3980.8,4,19,1,0
23,2,5,752.9,2,10.5,0.0,2,3,46.5,0,2025-12-10 17:00:00,0.26,1003.9,1096.0,92.1,Slight Delay,2,2,3,1505.8,4,17,1,0
24,9,5,355.6,3,29.5,75.2,1,0,35.0,2,2025-02-02 16:00:00,0.34,474.1,568.0,93.9,Slight Delay,1,4,4,355.6,4,16,0,1
25,7,5,1757.2,1,35.9,3.5,2,1,35.3,2,2025-12-29 07:00:00,0.22,2342.9,2436.9,94.0,Slight Delay,2,1,1,3514.4,2,7,1,3
26,2,3,1600.6,0,32.7,0.0,0,1,35.2,1,2025-05-02 14:00:00,0.48,2134.1,2248.8,114.7,Slight Delay,3,0,1,4801.799999999999,0,14,0,3
27,9,2,91.2,5,26.3,45.7,2,2,14.7,2,2025-08-31 19:00:00,0.35,121.6,225.0,103.4,Slight Delay,2,5,2,182.4,10,19,1,2
28,2,3,447.3,0,31.8,0.0,3,3,4.7,0,2025-07-30 20:00:00,0.03,596.4,704.5,108.1,Slight Delay,4,0,3,1789.2,0,20,1,1
29,7,1,1042.3,0,21.3,0.0,3,3,39.9,2,2025-05-08 12:00:00,0.16,1389.7,1495.8,106.1,Slight Delay,4,0,3,4169.2,0,12,0,3
30,2,5,363.1,3,15.5,23.8,2,2,27.7,2,2025-05-23 20:00:00,0.43,484.1,612.0,127.9,Moderate Delay,2,4,2,726.2,8,20,1,1
31,2,3,1231.2,3,24.7,23.6,1,1,18.1,1,2025-10-04 06:00:00,0.45,1641.6,1711.0,69.4,On Time,1,4,1,1231.2,4,6,0,3
32,3,6,213.7,1,27.2,2.4,3,2,9.1,0,2025-04-20 18:00:00,0.26,284.9,415.7,130.8,Moderate Delay,4,1,2,854.8,4,18,1,1
33,7,2,1259.2,3,27.6,69.2,1,2,33.1,0,2025-08-21 15:00:00,0.1,1678.9,1731.5,52.6,On Time,1,4,2,1259.2,4,15,0,3
34,8,5,1293.7,2,26.0,0.0,3,0,27.5,2,2025-06-01 12:00:00,0.56,1724.9,1929.8,204.9,Severe Delay,4,2,4,5174.8,8,12,0,3
35,7,5,219.5,0,10.6,0.0,0,1,5.2,2,2025-10-27 21:00:00,0.41,292.7,356.8,64.1,On Time,3,0,1,658.5,0,21,0,1
36,0,5,1399.5,1,32.0,4.4,1,1,36.9,2,2025-02-05 08:00:00,0.48,1866.0,1946.3,80.3,Slight Delay,1,1,1,1399.5,1,8,1,3
37,2,9,837.0,0,23.0,0.0,2,1,38.9,1,2025-02-11 19:00:00,0.2,1116.0,1173.3,57.3,On Time,2,0,1,1674.0,0,19,1,0
38,5,0,653.7,4,41.3,34.2,0,0,1.0,1,2025-06-10 13:00:00,0.54,871.6,991.7,120.1,Moderate Delay,3,3,4,1961.1000000000001,9,13,0,0
39,6,9,1271.0,1,25.7,1.5,0,2,16.8,0,2025-02-07 06:00:00,0.4,1694.7,1793.8,99.1,Slight Delay,3,1,2,3813.0,3,6,0,3
40,9,3,894.2,0,41.1,0.0,2,3,17.9,2,2025-06-28 08:00:00,0.07,1192.3,1232.1,39.8,On Time,2,0,3,1788.4,0,8,1,0
41,2,8,1407.9,4,12.5,66.6,2,2,35.5,1,2025-12-27 15:00:00,0.05,1877.2,1932.7,55.5,On Time,2,3,2,2815.8,6,15,0,3
42,5,0,185.3,0,37.2,0.0,0,1,28.1,2,2025-05-16 09:00:00,0.25,247.1,307.8,60.7,On Time,3,0,1,555.9000000000001,0,9,1,1
43,3,5,131.5,1,14.2,0.6,0,3,32.6,1,2025-04-18 16:00:00,0.45,175.3,276.8,101.5,Slight Delay,3,1,3,394.5,3,16,0,1
44,2,4,166.1,5,29.4,77.7,3,3,26.4,2,2025-02-17 19:00:00,0.38,221.5,429.4,207.9,Severe Delay,4,5,3,664.4,20,19,1,1
45,6,7,110.0,0,19.8,0.0,0,0,47.5,1,2025-05-15 11:00:00,0.53,146.7,239.4,92.7,Slight Delay,3,0,4,330.0,0,11,0,1
46,9,5,173.9,2,44.1,0.0,3,1,49.3,2,2025-02-08 10:00:00,0.42,231.9,336.1,104.2,Slight Delay,4,2,1,695.6,8,10,1,1
47,0,7,1823.6,4,38.8,76.2,2,2,36.4,2,2025-01-22 15:00:00,0.37,2431.5,2525.0,93.5,Slight Delay,2,3,2,3647.2,6,15,0,3
48,4,7,1974.8,4,15.3,49.6,2,0,19.4,1,2025-02-22 17:00:00,0.58,2633.1,2743.2,110.1,Slight Delay,2,3,4,3949.6,6,17,1,3
49,0,8,131.6,5,40.3,66.0,2,0,50.0,2,2025-04-01 19:00:00,0.6,175.5,310.4,134.9,Moderate Delay,2,5,4,263.2,10,19,1,1
50,7,2,1909.0,2,31.2,0.0,0,2,11.8,1,2025-05-08 14:00:00,0.4,2545.3,2679.5,134.2,Moderate Delay,3,2,2,5727.0,6,14,0,3
51,1,3,1549.2,3,28.2,68.9,1,2,27.8,2,2025-04-13 20:00:00,0.34,2065.6,2185.5,119.9,Moderate Delay,1,4,2,1549.2,4,20,1,3
52,4,6,441.7,1,14.8,0.1,2,1,17.9,1,2025-04-09 18:00:00,0.35,588.9,635.6,46.7,On Time,2,1,1,883.4,2,18,1,1
53,4,6,1571.6,0,23.9,0.0,0,3,31.3,1,2025-09-18 18:00:00,0.52,2095.5,2194.6,99.1,Slight Delay,3,0,3,4714.799999999999,0,18,1,3
54,0,4,995.4,0,21.5,0.0,1,3,31.9,2,2025-10-25 14:00:00,0.14,1327.2,1356.9,29.7,On Time,1,0,3,995.4,0,14,0,0
55,7,1,1288.9,5,16.4,30.9,3,3,44.9,1,2025-06-10 19:00:00,0.28,1718.5,1879.1,160.6,Moderate Delay,4,5,3,5155.6,20,19,1,3
56,5,0,195.6,0,14.2,0.0,3,0,23.3,0,2025-01-23 19:00:00,0.12,260.8,364.1,103.3,Slight Delay,4,0,4,782.4,0,19,1,1
57,7,5,1263.2,5,12.9,70.5,2,3,46.1,0,2025-02-05 16:00:00,0.04,1684.3,1791.2,106.9,Slight Delay,2,5,3,2526.4,10,16,0,3
58,5,4,1244.1,2,22.9,0.0,1,3,23.4,1,2025-06-08 19:00:00,0.45,1658.8,1726.4,67.6,On Time,1,2,3,1244.1,2,19,1,3
59,4,9,1073.6,2,13.8,0.0,0,0,22.6,2,2025-08-04 18:00:00,0.32,1431.5,1530.3,98.8,Slight Delay,3,2,4,3220.7999999999997,6,18,1,3
60,1,4,257.1,3,41.2,49.5,1,3,34.1,0,2025-04-18 19:00:00,0.47,342.8,428.0,85.2,Slight Delay,1,4,3,257.1,4,19,1,1
61,5,4,874.7,3,14.5,26.3,3,2,18.5,1,2025-04-20 22:00:00,0.39,1166.3,1319.3,153.0,Moderate Delay,4,4,2,3498.8,16,22,0,0
62,9,1,389.4,2,20.0,0.0,1,3,9.1,1,2025-12-06 16:00:00,0.54,519.2,572.3,53.1,On Time,1,2,3,389.4,2,16,0,1
63,3,6,807.8,2,43.9,0.0,0,0,43.3,2,2025-03-17 06:00:00,0.49,1077.1,1194.3,117.2,Moderate Delay,3,2,4,2423.3999999999996,6,6,0,0
64,7,6,1543.6,3,16.5,29.3,1,2,21.6,0,2025-11-19 12:00:00,0.3,2058.1,2151.1,93.0,Slight Delay,1,4,2,1543.6,4,12,0,3
65,8,0,325.6,3,26.8,44.9,2,0,3.1,1,2025-12-19 06:00:00,0.2,434.1,525.6,91.5,Slight Delay,2,4,4,651.2,8,6,0,1
66,3,9,1525.3,1,30.8,2.4,2,2,20.9,2,2025-10-13 13:00:00,0.21,2033.7,2094.0,60.3,On Time,2,1,2,3050.6,2,13,0,3
67,3,0,1877.9,1,16.3,0.3,3,3,37.2,0,2025-11-10 22:00:00,0.34,2503.9,2629.1,125.2,Moderate Delay,4,1,3,7511.6,4,22,0,3
68,8,5,1337.1,3,28.3,31.9,2,2,43.9,0,2025-05-13 13:00:00,0.24,1782.8,1888.1,105.3,Slight Delay,2,4,2,2674.2,8,13,0,3
69,6,5,1500.3,3,27.6,22.4,2,3,45.0,0,2025-02-09 15:00:00,0.23,2000.4,2099.9,99.5,Slight Delay,2,4,3,3000.6,8,15,0,3
70,2,4,295.8,4,37.8,51.5,0,1,26.9,2,2025-03-19 13:00:00,0.54,394.4,505.7,111.3,Slight Delay,3,3,1,887.4000000000001,9,13,0,1
71,8,1,86.4,2,29.9,0.0,2,1,38.2,0,2025-07-28 16:00:00,0.53,115.2,190.4,75.2,Slight Delay,2,2,1,172.8,4,16,0,2
72,0,9,316.8,3,18.0,59.2,1,0,36.1,0,2025-07-19 06:00:00,0.38,422.4,501.1,78.7,Slight Delay,1,4,4,316.8,4,6,0,1
73,5,8,1818.7,3,30.4,35.1,1,3,23.4,0,2025-07-19 19:00:00,0.57,2424.9,2546.6,121.7,Moderate Delay,1,4,3,1818.7,4,19,1,3
74,0,5,1846.5,5,34.8,16.4,2,2,29.0,2,2025-05-20 19:00:00,0.36,2462.0,2637.6,175.6,Severe Delay,2,5,2,3693.0,10,19,1,3
75,9,7,244.2,3,44.5,67.9,0,2,6.7,1,2025-03-26 20:00:00,0.55,325.6,455.0,129.4,Moderate Delay,3,4,2,732.5999999999999,12,20,1,1
76,1,5,29.2,0,21.7,0.0,3,1,20.2,2,2025-11-26 19:00:00,0.32,38.9,124.7,85.8,Slight Delay,4,0,1,116.8,0,19,1,2
77,1,0,464.7,1,25.8,0.7,1,3,9.2,0,2025-06-17 12:00:00,0.3,619.6,660.9,41.3,On Time,1,1,3,464.7,1,12,0,1
78,9,4,189.0,4,44.9,42.7,3,3,30.0,0,2025-05-10 08:00:00,0.04,252.0,347.9,95.9,Slight Delay,4,3,3,756.0,12,8,1,1
79,9,7,92.4,2,26.5,0.0,1,3,28.5,2,2025-11-29 08:00:00,0.04,123.2,165.5,42.3,On Time,1,2,3,92.4,2,8,1,2
80,7,3,380.2,1,40.2,4.7,2,1,19.0,1,2025-03-20 13:00:00,0.16,506.9,535.2,28.3,On Time,2,1,1,760.4,2,13,0,1
81,1,0,1324.7,2,10.9,0.0,1,0,11.5,0,2025-12-25 14:00:00,0.14,1766.3,1837.6,71.3,Slight Delay,1,2,4,1324.7,2,14,0,3
82,4,1,216.9,5,18.5,59.2,1,0,42.9,0,2025-02-25 06:00:00,0.5,289.2,418.8,129.6,Moderate Delay,1,5,4,216.9,5,6,0,1
83,6,9,45.7,3,13.0,20.6,2,1,1.8,1,2025-12-20 13:00:00,0.11,60.9,112.2,51.3,On Time,2,4,1,91.4,8,13,0,2
84,3,4,1188.8,2,19.4,0.0,1,1,31.4,0,2025-09-30 19:00:00,0.25,1585.1,1650.3,65.2,On Time,1,2,1,1188.8,2,19,1,3
85,4,3,297.4,5,40.4,41.6,0,1,44.8,0,2025-09-08 09:00:00,0.48,396.5,519.5,123.0,Moderate Delay,3,5,1,892.1999999999999,15,9,1,1
86,8,4,1673.2,2,44.5,0.0,3,0,26.5,0,2025-04-01 22:00:00,0.1,2230.9,2356.6,125.7,Moderate Delay,4,2,4,6692.8,8,22,0,3
87,6,5,562.6,3,29.4,53.9,3,2,41.6,1,2025-10-31 14:00:00,0.12,750.1,886.9,136.8,Moderate Delay,4,4,2,2250.4,16,14,0,0
88,4,2,367.2,0,42.0,0.0,0,2,21.2,2,2025-08-26 18:00:00,0.23,489.6,554.0,64.4,On Time,3,0,2,1101.6,0,18,1,1
89,4,7,1214.2,3,18.6,34.2,0,0,14.8,0,2025-04-19 17:00:00,0.21,1618.9,1760.1,141.2,Moderate Delay,3,4,4,3642.6000000000004,12,17,1,3
90,6,8,445.6,4,11.1,24.7,0,1,30.0,1,2025-04-08 08:00:00,0.03,594.1,660.6,66.5,On Time,3,3,1,1336.8000000000002,9,8,1,1
91,2,9,168.8,3,35.5,42.2,2,2,34.6,1,2025-12-31 21:00:00,0.26,225.1,281.4,56.3,On Time,2,4,2,337.6,8,21,0,1
92,9,7,201.3,0,42.1,0.0,0,0,7.3,0,2025-12-21 13:00:00,0.57,268.4,375.5,107.1,Slight Delay,3,0,4,603.9000000000001,0,13,0,1
93,6,8,1617.0,3,33.1,56.9,0,2,42.5,1,2025-10-09 16:00:00,0.15,2156.0,2292.8,136.8,Moderate Delay,3,4,2,4851.0,12,16,0,3
94,4,0,377.5,4,29.9,73.7,0,3,2.2,2,2025-03-03 12:00:00,0.42,503.3,627.8,124.5,Moderate Delay,3,3,3,1132.5,9,12,0,1
95,4,3,1726.8,2,39.6,0.0,2,0,16.3,2,2025-09-05 14:00:00,0.5,2302.4,2385.0,82.6,Slight Delay,2,2,4,3453.6,4,14,0,3
96,5,0,1455.0,5,12.3,28.6,0,1,27.2,2,2025-06-01 13:00:00,0.47,1940.0,2111.3,171.3,Severe Delay,3,5,1,4365.0,15,13,0,3
97,4,1,68.3,4,40.5,6.6,1,0,43.8,0,2025-01-24 07:00:00,0.32,91.1,157.7,66.6,On Time,1,3,4,68.3,3,7,1,2
98,0,6,1262.5,2,40.6,0.0,2,2,49.2,2,2025-01-07 15:00:00,0.46,1683.3,1748.2,64.9,On Time,2,2,2,2525.0,4,15,0,3
99,9,0,722.2,3,20.1,27.2,0,0,12.1,2,2025-05-10 21:00:00,0.03,962.9,1090.5,127.6,Moderate Delay,3,4,4,2166.6000000000004,12,21,0,0
100,3,1,1890.6,3,26.4,51.0,3,1,8.8,1,2025-11-19 07:00:00,0.59,2520.8,2725.4,204.6,Severe Delay,4,4,1,7562.4,16,7,1,3
101,1,2,476.7,5,16.2,21.5,0,1,9.7,2,2025-03-02 19:00:00,0.47,635.6,796.4,160.8,Moderate Delay,3,5,1,1430.1,15,19,1,1
102,5,2,1398.1,5,15.4,66.2,3,2,11.6,0,2025-06-02 19:00:00,0.13,1864.1,2047.2,183.1,Severe Delay,4,5,2,5592.4,20,19,1,3
103,6,7,545.9,5,14.5,71.7,1,0,47.8,1,2025-04-19 14:00:00,0.52,727.9,842.5,114.6,Slight Delay,1,5,4,545.9,5,14,0,0
104,3,2,1452.4,1,27.4,0.4,2,1,11.4,2,2025-01-02 19:00:00,0.41,1936.5,2006.4,69.9,On Time,2,1,1,2904.8,2,19,1,3
105,9,0,1652.9,4,22.2,55.9,1,0,28.5,0,2025-12-28 15:00:00,0.16,2203.9,2311.3,107.4,Slight Delay,1,3,4,1652.9,3,15,0,3
106,9,3,1401.0,2,33.8,0.0,2,3,31.1,1,2025-10-29 12:00:00,0.45,1868.0,1974.3,106.3,Slight Delay,2,2,3,2802.0,4,12,0,3
107,8,3,275.2,5,21.7,60.8,2,0,8.5,0,2025-03-14 08:00:00,0.49,366.9,512.4,145.5,Moderate Delay,2,5,4,550.4,10,8,1,1
108,7,2,534.4,4,32.2,45.5,0,2,39.1,2,2025-08-28 15:00:00,0.06,712.5,803.4,90.9,Slight Delay,3,3,2,1603.1999999999998,9,15,0,0
109,8,6,1865.4,5,13.6,75.3,3,2,34.6,2,2025-11-03 07:00:00,0.04,2487.2,2683.8,196.6,Severe Delay,4,5,2,7461.6,20,7,1,3
110,8,4,1745.6,5,44.1,77.7,0,1,37.6,2,2025-04-28 06:00:00,0.08,2327.5,2471.7,144.2,Moderate Delay,3,5,1,5236.799999999999,15,6,0,3
111,6,7,1545.4,1,33.9,2.2,3,2,14.0,0,2025-04-03 19:00:00,0.6,2060.5,2240.1,179.6,Severe Delay,4,1,2,6181.6,4,19,1,3
112,9,3,561.1,3,43.3,16.3,0,2,21.9,0,2025-06-14 09:00:00,0.57,748.1,911.2,163.1,Moderate Delay,3,4,2,1683.3000000000002,12,9,1,0
113,1,8,830.5,3,41.3,22.2,3,3,11.0,1,2025-07-25 07:00:00,0.02,1107.3,1259.0,151.7,Moderate Delay,4,4,3,3322.0,16,7,1,0
114,9,3,1557.7,4,37.0,68.4,0,3,38.2,2,2025-07-26 22:00:00,0.38,2076.9,2202.1,125.2,Moderate Delay,3,3,3,4673.1,9,22,0,3
115,7,5,973.4,3,14.1,14.4,3,1,34.4,2,2025-09-23 17:00:00,0.26,1297.9,1441.1,143.2,Moderate Delay,4,4,1,3893.6,16,17,1,0
116,5,9,921.3,2,10.4,0.0,3,1,4.1,2,2025-05-17 10:00:00,0.24,1228.4,1394.4,166.0,Moderate Delay,4,2,1,3685.2,8,10,1,0
117,6,0,1564.1,2,11.4,0.0,3,1,24.3,2,2025-11-19 13:00:00,0.06,2085.5,2254.7,169.2,Severe Delay,4,2,1,6256.4,8,13,0,3
118,1,4,39.3,5,21.4,43.8,1,2,4.8,2,2025-04-26 09:00:00,0.21,52.4,143.9,91.5,Slight Delay,1,5,2,39.3,5,9,1,2
119,9,3,1385.1,2,38.0,0.0,2,2,10.4,1,2025-05-30 22:00:00,0.1,1846.8,1911.1,64.3,On Time,2,2,2,2770.2,4,22,0,3
120,6,9,1423.9,3,40.5,58.6,3,0,40.2,0,2025-10-10 10:00:00,0.2,1898.5,2070.8,172.3,Severe Delay,4,4,4,5695.6,16,10,1,3
121,8,2,915.6,5,32.5,44.5,2,1,36.7,0,2025-08-01 16:00:00,0.05,1220.8,1312.6,91.8,Slight Delay,2,5,1,1831.2,10,16,0,0
122,0,6,1324.2,0,27.4,0.0,0,3,28.0,1,2025-10-24 21:00:00,0.43,1765.6,1869.6,104.0,Slight Delay,3,0,3,3972.6000000000004,0,21,0,3
123,1,0,1366.9,5,12.5,7.3,3,3,13.3,0,2025-10-10 18:00:00,0.28,1822.5,2035.0,212.5,Severe Delay,4,5,3,5467.6,20,18,1,3
124,9,4,1456.0,1,27.0,4.4,2,2,45.1,2,2025-07-30 07:00:00,0.25,1941.3,2031.5,90.2,Slight Delay,2,1,2,2912.0,2,7,1,3
125,4,0,1270.5,2,35.7,0.0,3,2,7.0,1,2025-11-30 10:00:00,0.43,1694.0,1849.1,155.1,Moderate Delay,4,2,2,5082.0,8,10,1,3
126,9,7,509.5,1,40.5,2.2,0,1,26.0,0,2025-02-21 22:00:00,0.22,679.3,748.2,68.9,On Time,3,1,1,1528.5,3,22,0,0
127,9,7,1320.3,2,21.4,0.0,2,2,38.8,1,2025-03-21 08:00:00,0.08,1760.4,1809.3,48.9,On Time,2,2,2,2640.6,4,8,1,3
128,9,6,1661.2,4,25.1,23.7,3,1,31.0,0,2025-12-12 18:00:00,0.42,2214.9,2362.9,148.0,Moderate Delay,4,3,1,6644.8,12,18,1,3
129,4,0,959.8,5,39.5,65.4,1,1,29.5,2,2025-11-20 15:00:00,0.52,1279.7,1378.9,99.2,Slight Delay,1,5,1,959.8,5,15,0,0
130,2,3,1869.1,3,21.1,43.0,1,1,2.6,0,2025-03-27 15:00:00,0.09,2492.1,2595.3,103.2,Slight Delay,1,4,1,1869.1,4,15,0,3
131,7,3,1738.5,4,25.9,43.7,1,3,24.7,0,2025-07-11 19:00:00,0.4,2318.0,2403.4,85.4,Slight Delay,1,3,3,1738.5,3,19,1,3
132,1,6,898.6,5,40.4,18.3,3,0,34.8,2,2025-03-31 08:00:00,0.5,1198.1,1450.2,252.1,Severe Delay,4,5,4,3594.4,20,8,1,0
133,5,8,1149.8,5,11.1,74.8,2,2,34.6,1,2025-03-15 13:00:00,0.41,1533.1,1658.4,125.3,Moderate Delay,2,5,2,2299.6,10,13,0,3
134,9,6,1569.1,3,29.8,60.4,0,1,44.0,0,2025-05-28 11:00:00,0.24,2092.1,2227.2,135.1,Moderate Delay,3,4,1,4707.299999999999,12,11,0,3
135,3,0,882.5,4,38.6,14.0,0,2,27.5,1,2025-05-09 20:00:00,0.0,1176.7,1236.3,59.6,On Time,3,3,2,2647.5,9,20,1,0
136,6,2,759.0,3,18.0,10.5,3,1,30.4,2,2025-07-15 17:00:00,0.4,1012.0,1180.6,168.6,Moderate Delay,4,4,1,3036.0,16,17,1,0
137,5,6,968.8,2,10.9,0.0,0,1,17.4,1,2025-07-22 14:00:00,0.23,1291.7,1396.7,105.0,Slight Delay,3,2,1,2906.3999999999996,6,14,0,0
138,7,3,1911.9,5,10.6,19.7,3,3,0.9,2,2025-11-07 17:00:00,0.39,2549.2,2786.0,236.8,Severe Delay,4,5,3,7647.6,20,17,1,3
139,2,6,716.2,5,13.5,41.4,0,0,13.2,1,2025-02-19 07:00:00,0.17,954.9,1087.6,132.7,Moderate Delay,3,5,4,2148.6000000000004,15,7,1,0
140,6,0,838.8,0,14.3,0.0,0,0,9.5,2,2025-06-01 16:00:00,0.41,1118.4,1227.4,109.0,Slight Delay,3,0,4,2516.3999999999996,0,16,0,0
141,8,1,528.0,1,43.7,2.4,2,3,40.4,1,2025-09-14 14:00:00,0.33,704.0,767.8,63.8,On Time,2,1,3,1056.0,2,14,0,0
142,1,4,439.8,3,31.4,35.8,0,3,42.1,2,2025-08-28 08:00:00,0.54,586.4,732.3,145.9,Moderate Delay,3,4,3,1319.4,12,8,1,1
143,1,6,859.0,2,33.4,0.0,3,3,5.2,2,2025-07-22 06:00:00,0.37,1145.3,1320.3,175.0,Severe Delay,4,2,3,3436.0,8,6,0,0
144,6,5,66.8,0,32.5,0.0,3,3,30.6,1,2025-12-11 14:00:00,0.33,89.1,199.2,110.1,Slight Delay,4,0,3,267.2,0,14,0,2
145,5,8,290.2,2,34.3,0.0,0,1,20.5,1,2025-04-30 21:00:00,0.26,386.9,474.2,87.3,Slight Delay,3,2,1,870.5999999999999,6,21,0,1
146,7,5,562.8,4,12.8,11.4,2,1,44.8,1,2025-08-26 15:00:00,0.12,750.4,800.9,50.5,On Time,2,3,1,1125.6,6,15,0,0
147,8,3,153.9,1,38.0,1.2,1,1,27.2,0,2025-09-10 09:00:00,0.53,205.2,262.1,56.9,On Time,1,1,1,153.9,1,9,1,1
148,3,6,941.1,5,12.1,47.2,2,2,47.9,0,2025-07-09 19:00:00,0.11,1254.8,1372.0,117.2,Moderate Delay,2,5,2,1882.2,10,19,1,0
149,5,1,1517.2,3,22.2,54.9,1,2,39.9,1,2025-07-28 14:00:00,0.56,2022.9,2164.0,141.1,Moderate Delay,1,4,2,1517.2,4,14,0,3
150,7,8,1051.5,1,31.8,0.4,3,2,37.9,2,2025-07-05 09:00:00,0.08,1402.0,1529.3,127.3,Moderate Delay,4,1,2,4206.0,4,9,1,3
151,4,5,541.0,2,22.6,0.0,0,1,4.8,0,2025-05-22 12:00:00,0.56,721.3,838.2,116.9,Moderate Delay,3,2,1,1623.0,6,12,0,0
152,3,0,1004.0,0,44.7,0.0,2,1,42.6,2,2025-06-20 13:00:00,0.13,1338.7,1379.0,40.3,On Time,2,0,1,2008.0,0,13,0,3
153,1,6,1738.8,0,38.2,0.0,2,0,39.6,2,2025-06-18 10:00:00,0.18,2318.4,2399.8,81.4,Slight Delay,2,0,4,3477.6,0,10,1,3
154,5,7,1648.5,4,14.6,69.7,2,0,46.2,1,2025-05-09 11:00:00,0.29,2198.0,2293.2,95.2,Slight Delay,2,3,4,3297.0,6,11,0,3
155,3,7,309.8,1,22.9,0.3,1,3,1.8,2,2025-10-29 16:00:00,0.08,413.1,419.5,6.4,On Time,1,1,3,309.8,1,16,0,1
156,7,2,229.2,4,32.4,21.2,1,0,31.2,1,2025-08-04 22:00:00,0.39,305.6,355.2,49.6,On Time,1,3,4,229.2,3,22,0,1
157,3,1,1989.8,3,12.0,57.1,3,3,49.2,1,2025-10-31 09:00:00,0.14,2653.1,2787.6,134.5,Moderate Delay,4,4,3,7959.2,16,9,1,3
158,9,5,1993.5,1,38.5,3.1,1,3,15.7,0,2025-11-26 06:00:00,0.37,2658.0,2738.8,80.8,Slight Delay,1,1,3,1993.5,1,6,0,3
159,7,0,405.4,3,22.9,36.1,3,1,41.5,0,2025-12-31 20:00:00,0.44,540.5,674.6,134.1,Moderate Delay,4,4,1,1621.6,16,20,1,1
160,3,1,291.5,4,28.7,21.1,2,1,1.1,2,2025-05-21 16:00:00,0.14,388.7,435.0,46.3,On Time,2,3,1,583.0,6,16,0,1
161,8,5,1105.0,4,25.9,68.3,3,2,5.4,2,2025-12-26 09:00:00,0.29,1473.3,1600.2,126.9,Moderate Delay,4,3,2,4420.0,12,9,1,3
162,0,2,1574.3,3,41.2,76.7,3,0,39.5,0,2025-06-23 20:00:00,0.19,2099.1,2263.8,164.7,Moderate Delay,4,4,4,6297.2,16,20,1,3
163,8,9,1805.5,2,26.2,0.0,1,3,32.0,0,2025-06-10 14:00:00,0.4,2407.3,2504.9,97.6,Slight Delay,1,2,3,1805.5,2,14,0,3
164,4,1,1034.2,2,33.8,0.0,3,1,2.6,2,2025-02-13 08:00:00,0.05,1378.9,1480.4,101.5,Slight Delay,4,2,1,4136.8,8,8,1,3
165,8,3,1480.3,2,22.4,0.0,0,0,15.2,1,2025-01-31 16:00:00,0.21,1973.7,2098.1,124.4,Moderate Delay,3,2,4,4440.9,6,16,0,3
166,3,9,544.8,4,10.7,11.2,3,1,48.4,0,2025-11-04 15:00:00,0.18,726.4,852.2,125.8,Moderate Delay,4,3,1,2179.2,12,15,0,0
167,4,3,1237.7,5,37.1,53.3,2,0,26.7,1,2025-09-04 13:00:00,0.03,1650.3,1819.1,168.8,Moderate Delay,2,5,4,2475.4,10,13,0,3
168,3,8,1627.3,5,33.0,14.6,0,1,17.2,0,2025-10-21 13:00:00,0.56,2169.7,2333.1,163.4,Moderate Delay,3,5,1,4881.9,15,13,0,3
169,8,5,1887.3,5,18.4,14.1,1,3,10.3,2,2025-04-03 14:00:00,0.53,2516.4,2702.9,186.5,Severe Delay,1,5,3,1887.3,5,14,0,3
170,6,8,1515.0,4,26.1,68.1,1,0,36.6,2,2025-10-17 18:00:00,0.47,2020.0,2150.8,130.8,Moderate Delay,1,3,4,1515.0,3,18,1,3
171,3,2,105.5,2,15.8,0.0,1,1,7.0,1,2025-09-29 12:00:00,0.44,140.7,224.8,84.1,Slight Delay,1,2,1,105.5,2,12,0,1
172,8,9,1026.6,3,20.4,47.4,0,0,34.6,0,2025-06-09 16:00:00,0.52,1368.8,1521.1,152.3,Moderate Delay,3,4,4,3079.7999999999997,12,16,0,3
173,5,3,508.4,0,35.4,0.0,2,0,49.6,1,2025-01-26 08:00:00,0.06,677.9,705.3,27.4,On Time,2,0,4,1016.8,0,8,1,0
174,6,0,723.7,2,37.4,0.0,3,2,27.9,1,2025-08-15 19:00:00,0.0,964.9,1073.4,108.5,Slight Delay,4,2,2,2894.8,8,19,1,0
175,6,2,748.5,5,21.4,16.2,1,3,15.6,0,2025-02-26 15:00:00,0.53,998.0,1143.8,145.8,Moderate Delay,1,5,3,748.5,5,15,0,0
176,5,9,837.0,5,34.3,5.2,0,1,31.2,2,2025-07-22 07:00:00,0.21,1116.0,1274.0,158.0,Moderate Delay,3,5,1,2511.0,15,7,1,0
177,7,6,148.4,4,30.3,47.1,2,0,28.3,0,2025-05-29 16:00:00,0.36,197.9,286.7,88.8,Slight Delay,2,3,4,296.8,6,16,0,1
178,3,7,1421.2,3,37.6,43.8,3,0,22.3,2,2025-07-14 13:00:00,0.09,1894.9,2047.1,152.2,Moderate Delay,4,4,4,5684.8,16,13,0,3
179,0,5,1476.6,2,44.9,0.0,0,1,46.7,0,2025-01-22 19:00:00,0.39,1968.8,2071.5,102.7,Slight Delay,3,2,1,4429.799999999999,6,19,1,3
180,7,0,1152.3,0,30.6,0.0,0,2,9.6,1,2025-07-27 19:00:00,0.22,1536.4,1614.0,77.6,Slight Delay,3,0,2,3456.8999999999996,0,19,1,3
181,6,3,1045.8,3,20.5,75.6,1,3,13.3,2,2025-11-13 20:00:00,0.26,1394.4,1492.7,98.3,Slight Delay,1,4,3,1045.8,4,20,1,3
182,4,3,179.6,3,35.5,42.2,1,0,22.1,0,2025-10-29 18:00:00,0.44,239.5,342.8,103.3,Slight Delay,1,4,4,179.6,4,18,1,1
183,0,3,1320.8,3,43.5,10.2,0,3,3.3,2,2025-06-20 11:00:00,0.17,1761.1,1876.9,115.8,Moderate Delay,3,4,3,3962.3999999999996,12,11,0,3
184,3,5,1557.9,2,12.3,0.0,1,0,24.6,0,2025-06-29 10:00:00,0.02,2077.2,2158.9,81.7,Slight Delay,1,2,4,1557.9,2,10,1,3
185,2,3,707.7,1,41.5,0.1,0,0,33.4,2,2025-11-05 10:00:00,0.58,943.6,1061.3,117.7,Moderate Delay,3,1,4,2123.1000000000004,3,10,1,0
186,3,2,412.2,2,29.8,0.0,3,2,23.5,1,2025-10-24 20:00:00,0.58,549.6,670.1,120.5,Moderate Delay,4,2,2,1648.8,8,20,1,1
187,5,4,516.9,2,39.8,0.0,0,0,28.3,0,2025-02-04 21:00:00,0.31,689.2,798.6,109.4,Slight Delay,3,2,4,1550.6999999999998,6,21,0,0
188,9,6,927.4,4,27.0,17.4,1,3,47.3,1,2025-02-07 15:00:00,0.51,1236.5,1316.9,80.4,Slight Delay,1,3,3,927.4,3,15,0,0
189,9,0,143.3,0,27.9,0.0,1,3,40.4,0,2025-02-09 08:00:00,0.28,191.1,223.4,32.3,On Time,1,0,3,143.3,0,8,1,1
190,5,0,1048.4,3,17.2,70.8,3,1,44.0,0,2025-10-20 12:00:00,0.52,1397.9,1543.9,146.0,Moderate Delay,4,4,1,4193.6,16,12,0,3
191,4,0,149.1,5,26.2,73.2,2,1,27.2,0,2025-02-22 16:00:00,0.3,198.8,270.9,72.1,Slight Delay,2,5,1,298.2,10,16,0,1
192,3,5,1589.9,2,30.2,0.0,2,1,31.9,2,2025-12-29 20:00:00,0.48,2119.9,2224.1,104.2,Slight Delay,2,2,1,3179.8,4,20,1,3
193,9,5,1590.7,5,21.1,69.3,2,3,45.4,0,2025-05-25 18:00:00,0.17,2120.9,2256.7,135.8,Moderate Delay,2,5,3,3181.4,10,18,1,3
194,8,4,891.8,2,31.5,0.0,1,3,4.6,2,2025-06-18 09:00:00,0.53,1189.1,1311.6,122.5,Moderate Delay,1,2,3,891.8,2,9,1,0
195,0,8,1342.5,4,32.2,17.4,0,0,44.2,0,2025-02-11 10:00:00,0.26,1790.0,1888.5,98.5,Slight Delay,3,3,4,4027.5,9,10,1,3
196,4,6,1719.2,2,38.7,0.0,3,0,27.3,1,2025-12-29 08:00:00,0.43,2292.3,2472.5,180.2,Severe Delay,4,2,4,6876.8,8,8,1,3
197,6,5,998.5,3,39.0,30.1,0,0,9.1,1,2025-12-26 22:00:00,0.43,1331.3,1473.2,141.9,Moderate Delay,3,4,4,2995.5,12,22,0,0
198,3,9,1309.3,5,31.7,31.4,0,1,42.2,0,2025-06-08 11:00:00,0.28,1745.7,1915.5,169.8,Severe Delay,3,5,1,3927.8999999999996,15,11,0,3
199,2,8,1378.9,3,12.4,18.1,2,0,42.9,2,2025-03-21 08:00:00,0.14,1838.5,1958.8,120.3,Moderate Delay,2,4,4,2757.8,8,8,1,3
200,6,3,85.7,5,20.6,54.0,1,3,46.9,1,2025-03-09 18:00:00,0.52,114.3,240.4,126.1,Moderate Delay,1,5,3,85.7,5,18,1,2
201,1,2,1348.0,1,29.6,0.6,2,2,22.6,2,2025-07-30 17:00:00,0.28,1797.3,1872.8,75.5,Slight Delay,2,1,2,2696.0,2,17,1,3
202,2,0,1485.0,5,42.1,26.0,0,2,43.0,2,2025-10-01 13:00:00,0.18,1980.0,2155.5,175.5,Severe Delay,3,5,2,4455.0,15,13,0,3
203,6,0,1458.8,1,20.7,4.1,0,2,14.4,0,2025-05-25 18:00:00,0.52,1945.1,2039.4,94.3,Slight Delay,3,1,2,4376.4,3,18,1,3
204,0,5,616.5,3,30.9,27.3,2,0,15.3,1,2025-03-12 14:00:00,0.45,822.0,928.5,106.5,Slight Delay,2,4,4,1233.0,8,14,0,0
205,7,0,1786.8,4,16.5,10.9,1,1,12.4,0,2025-02-12 11:00:00,0.48,2382.4,2460.4,78.0,Slight Delay,1,3,1,1786.8,3,11,0,3
206,6,0,205.8,5,41.8,55.2,2,2,41.5,2,2025-04-24 20:00:00,0.53,274.4,407.6,133.2,Moderate Delay,2,5,2,411.6,10,20,1,1
207,4,7,1552.3,3,31.1,71.9,1,2,22.4,1,2025-07-11 13:00:00,0.36,2069.7,2161.8,92.1,Slight Delay,1,4,2,1552.3,4,13,0,3
208,8,3,985.6,4,32.8,76.3,2,1,30.2,0,2025-02-20 16:00:00,0.45,1314.1,1375.1,61.0,On Time,2,3,1,1971.2,6,16,0,0
209,1,2,955.5,0,11.6,0.0,0,2,7.4,1,2025-03-13 21:00:00,0.17,1274.0,1325.5,51.5,On Time,3,0,2,2866.5,0,21,0,0
210,9,7,1042.8,0,10.2,0.0,1,3,0.9,2,2025-03-18 22:00:00,0.13,1390.4,1432.8,42.4,On Time,1,0,3,1042.8,0,22,0,3
211,8,3,1035.1,4,20.3,74.9,2,3,20.2,2,2025-01-25 13:00:00,0.05,1380.1,1470.6,90.5,Slight Delay,2,3,3,2070.2,6,13,0,3
212,8,0,1985.8,0,14.6,0.0,1,2,14.1,1,2025-10-02 06:00:00,0.24,2647.7,2713.7,66.0,On Time,1,0,2,1985.8,0,6,0,3
213,0,2,632.6,2,38.8,0.0,2,3,47.8,0,2025-01-01 17:00:00,0.49,843.5,928.9,85.4,Slight Delay,2,2,3,1265.2,4,17,1,0
214,2,9,246.7,1,23.4,2.3,1,3,18.8,2,2025-09-27 22:00:00,0.07,328.9,360.2,31.3,On Time,1,1,3,246.7,1,22,0,1
215,0,5,1884.6,0,33.4,0.0,3,2,34.1,2,2025-11-22 18:00:00,0.22,2512.8,2651.9,139.1,Moderate Delay,4,0,2,7538.4,0,18,1,3
216,4,6,258.7,2,41.6,0.0,1,3,3.8,2,2025-06-26 13:00:00,0.32,344.9,412.2,67.3,On Time,1,2,3,258.7,2,13,0,1
217,3,8,1162.9,1,11.5,0.6,1,3,28.2,1,2025-06-23 11:00:00,0.21,1550.5,1591.8,41.3,On Time,1,1,3,1162.9,1,11,0,3
218,9,0,626.5,2,37.6,0.0,2,0,22.6,2,2025-08-23 07:00:00,0.48,835.3,958.8,123.5,Moderate Delay,2,2,4,1253.0,4,7,1,0
219,6,2,1172.8,0,23.0,0.0,2,1,30.3,0,2025-06-08 22:00:00,0.42,1563.7,1607.5,43.8,On Time,2,0,1,2345.6,0,22,0,3
220,8,5,325.8,3,10.9,53.4,0,1,32.0,1,2025-04-08 15:00:00,0.2,434.4,524.4,90.0,Slight Delay,3,4,1,977.4000000000001,12,15,0,1
221,4,7,741.9,2,17.6,0.0,0,3,49.4,2,2025-07-08 19:00:00,0.27,989.2,1091.9,102.7,Slight Delay,3,2,3,2225.7,6,19,1,0
222,8,0,97.2,3,11.1,34.1,0,0,8.4,0,2025-12-21 21:00:00,0.01,129.6,240.2,110.6,Slight Delay,3,4,4,291.6,12,21,0,2
223,4,5,1912.7,4,21.0,71.6,1,2,30.3,2,2025-08-09 11:00:00,0.5,2550.3,2654.8,104.5,Slight Delay,1,3,2,1912.7,3,11,0,3
224,0,6,325.2,4,29.4,45.6,1,1,38.2,0,2025-12-05 15:00:00,0.5,433.6,448.7,15.1,On Time,1,3,1,325.2,3,15,0,1
225,6,0,698.0,5,19.5,77.5,3,0,28.1,1,2025-08-16 17:00:00,0.21,930.7,1107.2,176.5,Severe Delay,4,5,4,2792.0,20,17,1,0
226,9,7,1147.4,2,31.7,0.0,0,2,10.5,0,2025-11-24 07:00:00,0.24,1529.9,1643.1,113.2,Slight Delay,3,2,2,3442.2000000000003,6,7,1,3
227,3,9,1820.7,4,35.3,45.0,2,1,43.6,2,2025-11-08 20:00:00,0.08,2427.6,2501.3,73.7,Slight Delay,2,3,1,3641.4,6,20,1,3
228,7,2,977.1,0,40.2,0.0,2,3,29.6,0,2025-07-16 07:00:00,0.23,1302.8,1358.5,55.7,On Time,2,0,3,1954.2,0,7,1,0
229,5,1,994.8,2,30.2,0.0,3,3,43.3,0,2025-08-16 08:00:00,0.59,1326.4,1533.8,207.4,Severe Delay,4,2,3,3979.2,8,8,1,0
230,5,1,1710.8,5,25.4,68.5,0,2,44.7,0,2025-11-29 14:00:00,0.04,2281.1,2451.5,170.4,Severe Delay,3,5,2,5132.4,15,14,0,3
231,2,3,57.8,0,26.7,0.0,2,2,34.5,1,2025-07-18 09:00:00,0.43,77.1,113.3,36.2,On Time,2,0,2,115.6,0,9,1,2
232,6,4,1915.7,2,10.3,0.0,3,0,49.9,1,2025-05-27 21:00:00,0.41,2554.3,2737.9,183.6,Severe Delay,4,2,4,7662.8,8,21,0,3
233,2,3,1486.1,1,15.0,3.8,1,2,38.6,2,2025-08-16 08:00:00,0.4,1981.5,2037.5,56.0,On Time,1,1,2,1486.1,1,8,1,3
234,4,8,826.1,2,12.3,0.0,1,3,17.8,0,2025-03-22 11:00:00,0.07,1101.5,1164.1,62.6,On Time,1,2,3,826.1,2,11,0,0
235,4,5,613.1,1,12.7,2.5,1,0,39.8,2,2025-05-02 21:00:00,0.42,817.5,876.9,59.4,On Time,1,1,4,613.1,1,21,0,0
236,7,8,1859.9,5,24.2,73.0,0,2,16.4,1,2025-03-08 08:00:00,0.29,2479.9,2634.3,154.4,Moderate Delay,3,5,2,5579.700000000001,15,8,1,3
237,3,4,1302.7,3,14.3,71.6,3,2,25.4,0,2025-10-22 08:00:00,0.27,1736.9,1923.9,187.0,Severe Delay,4,4,2,5210.8,16,8,1,3
238,1,8,1611.8,2,29.3,0.0,1,2,26.2,0,2025-12-15 22:00:00,0.09,2149.1,2223.3,74.2,Slight Delay,1,2,2,1611.8,2,22,0,3
239,4,1,1266.5,5,11.9,61.1,2,0,16.2,0,2025-09-15 07:00:00,0.0,1688.7,1821.2,132.5,Moderate Delay,2,5,4,2533.0,10,7,1,3
240,3,5,646.2,1,13.6,1.8,0,0,13.9,2,2025-06-15 13:00:00,0.51,861.6,984.2,122.6,Moderate Delay,3,1,4,1938.6000000000001,3,13,0,0
241,4,5,767.1,4,43.7,11.7,1,3,34.5,2,2025-11-22 14:00:00,0.3,1022.8,1087.7,64.9,On Time,1,3,3,767.1,3,14,0,0
242,1,4,1932.8,5,36.6,76.3,1,0,35.3,1,2025-10-25 10:00:00,0.18,2577.1,2685.1,108.0,Slight Delay,1,5,4,1932.8,5,10,1,3
243,1,8,1914.5,5,27.5,37.5,1,1,23.2,2,2025-01-24 14:00:00,0.13,2552.7,2676.1,123.4,Moderate Delay,1,5,1,1914.5,5,14,0,3
244,2,9,439.7,5,33.0,40.4,1,2,44.1,1,2025-10-07 15:00:00,0.13,586.3,680.1,93.8,Slight Delay,1,5,2,439.7,5,15,0,1
245,6,0,1482.4,1,21.0,3.2,3,3,20.1,0,2025-02-07 07:00:00,0.43,1976.5,2128.0,151.5,Moderate Delay,4,1,3,5929.6,4,7,1,3
246,1,0,549.8,3,39.2,6.1,3,2,19.3,2,2025-06-24 10:00:00,0.2,733.1,848.3,115.2,Moderate Delay,4,4,2,2199.2,16,10,1,0
247,4,8,1071.3,2,30.8,0.0,0,2,1.0,2,2025-07-09 22:00:00,0.28,1428.4,1558.3,129.9,Moderate Delay,3,2,2,3213.8999999999996,6,22,0,3
248,0,3,1952.5,4,14.4,6.3,2,2,38.6,2,2025-05-17 20:00:00,0.48,2603.3,2721.9,118.6,Moderate Delay,2,3,2,3905.0,6,20,1,3
249,2,1,1045.6,0,22.2,0.0,1,3,18.9,0,2025-11-12 19:00:00,0.0,1394.1,1438.3,44.2,On Time,1,0,3,1045.6,0,19,1,3
250,2,1,1565.1,4,26.0,34.9,0,0,15.5,2,2025-09-13 22:00:00,0.04,2086.8,2201.1,114.3,Slight Delay,3,3,4,4695.299999999999,9,22,0,3
251,9,0,134.5,4,43.5,75.7,3,1,39.4,2,2025-07-21 22:00:00,0.59,179.3,326.3,147.0,Moderate Delay,4,3,1,538.0,12,22,0,1
252,9,2,1252.4,1,37.3,2.9,0,1,7.8,2,2025-05-25 21:00:00,0.49,1669.9,1753.3,83.4,Slight Delay,3,1,1,3757.2000000000003,3,21,0,3
253,5,9,1836.6,4,20.2,40.2,1,1,44.6,0,2025-03-10 14:00:00,0.42,2448.8,2507.9,59.1,On Time,1,3,1,1836.6,3,14,0,3
254,4,9,1011.2,4,33.8,10.7,1,2,14.1,2,2025-10-19 12:00:00,0.48,1348.3,1409.4,61.1,On Time,1,3,2,1011.2,3,12,0,3
255,4,5,902.2,4,17.3,8.7,1,2,42.3,1,2025-08-19 14:00:00,0.59,1202.9,1259.9,57.0,On Time,1,3,2,902.2,3,14,0,0
256,5,3,885.3,1,30.8,0.4,1,2,31.3,0,2025-06-23 17:00:00,0.59,1180.4,1273.8,93.4,Slight Delay,1,1,2,885.3,1,17,1,0
257,1,6,1052.5,5,44.2,61.8,3,1,8.5,2,2025-01-20 10:00:00,0.29,1403.3,1601.3,198.0,Severe Delay,4,5,1,4210.0,20,10,1,3
258,4,0,1007.8,5,10.4,5.7,3,0,18.2,1,2025-09-21 10:00:00,0.56,1343.7,1560.8,217.1,Severe Delay,4,5,4,4031.2,20,10,1,3
259,4,8,1463.1,1,13.3,2.1,3,3,1.9,1,2025-06-22 22:00:00,0.29,1950.8,2065.6,114.8,Slight Delay,4,1,3,5852.4,4,22,0,3
260,0,5,797.1,3,36.4,73.9,0,2,47.6,2,2025-07-08 16:00:00,0.35,1062.8,1207.6,144.8,Moderate Delay,3,4,2,2391.3,12,16,0,0
261,3,9,1320.1,5,18.4,19.4,0,1,46.0,1,2025-08-31 14:00:00,0.06,1760.1,1866.2,106.1,Slight Delay,3,5,1,3960.2999999999997,15,14,0,3
262,5,2,1901.9,2,30.4,0.0,1,2,22.1,2,2025-09-26 18:00:00,0.35,2535.9,2643.5,107.6,Slight Delay,1,2,2,1901.9,2,18,1,3
263,1,6,1894.0,0,41.2,0.0,1,0,21.3,2,2025-08-14 16:00:00,0.47,2525.3,2611.3,86.0,Slight Delay,1,0,4,1894.0,0,16,0,3
264,8,1,430.0,3,12.5,10.2,2,2,47.1,1,2025-11-10 21:00:00,0.3,573.3,660.1,86.8,Slight Delay,2,4,2,860.0,8,21,0,1
265,7,2,1546.8,5,32.9,16.4,2,3,43.9,1,2025-09-02 22:00:00,0.32,2062.4,2175.4,113.0,Slight Delay,2,5,3,3093.6,10,22,0,3
266,8,4,1946.7,1,17.9,1.5,3,3,15.5,1,2025-07-01 14:00:00,0.14,2595.6,2737.6,142.0,Moderate Delay,4,1,3,7786.8,4,14,0,3
267,5,9,1489.0,1,39.7,2.1,2,3,15.5,1,2025-06-02 13:00:00,0.2,1985.3,2047.7,62.4,On Time,2,1,3,2978.0,2,13,0,3
268,6,4,1189.5,2,33.1,0.0,2,2,4.4,0,2025-09-03 17:00:00,0.33,1586.0,1707.2,121.2,Moderate Delay,2,2,2,2379.0,4,17,1,3
269,0,6,104.0,4,19.3,50.1,1,2,15.2,0,2025-06-26 10:00:00,0.43,138.7,202.2,63.5,On Time,1,3,2,104.0,3,10,1,1
270,6,7,934.2,4,42.2,57.1,1,3,36.6,0,2025-12-02 14:00:00,0.52,1245.6,1322.0,76.4,Slight Delay,1,3,3,934.2,3,14,0,0
271,9,2,1957.5,1,40.0,3.5,0,3,36.5,2,2025-02-25 13:00:00,0.34,2610.0,2715.2,105.2,Slight Delay,3,1,3,5872.5,3,13,0,3
272,2,7,69.9,2,39.4,0.0,2,0,1.1,2,2025-02-21 19:00:00,0.42,93.2,212.2,119.0,Moderate Delay,2,2,4,139.8,4,19,1,2
273,4,0,1101.9,0,43.8,0.0,2,1,3.1,1,2025-03-22 19:00:00,0.3,1469.2,1515.1,45.9,On Time,2,0,1,2203.8,0,19,1,3
274,9,0,1733.3,2,15.5,0.0,2,3,15.8,0,2025-05-27 07:00:00,0.17,2311.1,2411.7,100.6,Slight Delay,2,2,3,3466.6,4,7,1,3
275,3,6,1152.1,5,39.1,73.0,1,0,1.1,0,2025-04-01 07:00:00,0.4,1536.1,1623.6,87.5,Slight Delay,1,5,4,1152.1,5,7,1,3
276,8,0,1470.7,1,24.2,0.3,0,1,39.3,2,2025-06-02 09:00:00,0.17,1960.9,2046.6,85.7,Slight Delay,3,1,1,4412.1,3,9,1,3
277,4,6,1890.0,3,32.5,55.4,3,0,31.8,1,2025-08-28 14:00:00,0.12,2520.0,2698.5,178.5,Severe Delay,4,4,4,7560.0,16,14,0,3
278,2,3,153.7,4,28.2,18.5,2,2,48.5,1,2025-05-12 11:00:00,0.07,204.9,248.0,43.1,On Time,2,3,2,307.4,6,11,0,1
279,7,8,807.3,4,19.2,20.4,2,0,24.4,1,2025-11-24 18:00:00,0.16,1076.4,1143.8,67.4,On Time,2,3,4,1614.6,6,18,1,0
280,8,5,1206.1,4,31.8,53.6,1,2,13.7,1,2025-02-18 11:00:00,0.01,1608.1,1661.8,53.7,On Time,1,3,2,1206.1,3,11,0,3
281,1,0,639.6,4,19.5,49.8,2,1,43.4,0,2025-07-16 13:00:00,0.57,852.8,942.0,89.2,Slight Delay,2,3,1,1279.2,6,13,0,0
282,9,6,1408.3,4,33.8,35.6,0,1,1.3,0,2025-12-01 17:00:00,0.35,1877.7,1968.7,91.0,Slight Delay,3,3,1,4224.9,9,17,1,3
283,2,7,393.3,2,33.5,0.0,1,2,48.9,0,2025-03-23 18:00:00,0.06,524.4,547.0,22.6,On Time,1,2,2,393.3,2,18,1,1
284,0,6,880.1,2,35.3,0.0,1,3,0.9,0,2025-11-11 13:00:00,0.35,1173.5,1242.6,69.1,On Time,1,2,3,880.1,2,13,0,0
285,2,1,414.6,3,40.7,60.4,2,2,1.2,1,2025-11-07 17:00:00,0.15,552.8,621.6,68.8,On Time,2,4,2,829.2,8,17,1,1
286,8,5,1352.3,3,12.8,76.4,2,0,42.0,1,2025-11-02 08:00:00,0.48,1803.1,1952.2,149.1,Moderate Delay,2,4,4,2704.6,8,8,1,3
287,0,9,1490.9,5,35.8,44.1,0,1,3.9,1,2025-02-27 07:00:00,0.22,1987.9,2145.0,157.1,Moderate Delay,3,5,1,4472.700000000001,15,7,1,3
288,0,5,1579.0,1,25.9,3.2,2,0,12.8,0,2025-09-24 20:00:00,0.42,2105.3,2208.1,102.8,Slight Delay,2,1,4,3158.0,2,20,1,3
289,3,6,1653.0,2,20.2,0.0,3,1,22.5,1,2025-08-17 07:00:00,0.01,2204.0,2336.7,132.7,Moderate Delay,4,2,1,6612.0,8,7,1,3
290,9,1,831.1,5,32.9,24.5,3,2,8.4,1,2025-01-30 20:00:00,0.1,1108.1,1253.0,144.9,Moderate Delay,4,5,2,3324.4,20,20,1,0
291,6,7,1376.6,3,13.9,26.7,0,1,15.8,1,2025-04-22 08:00:00,0.15,1835.5,1940.5,105.0,Slight Delay,3,4,1,4129.799999999999,12,8,1,3
292,7,9,1829.3,4,43.3,29.5,1,1,18.0,2,2025-08-30 07:00:00,0.3,2439.1,2526.1,87.0,Slight Delay,1,3,1,1829.3,3,7,1,3
293,6,9,1016.2,1,16.8,4.3,2,2,34.0,0,2025-07-15 20:00:00,0.5,1354.9,1415.4,60.5,On Time,2,1,2,2032.4,2,20,1,3
294,8,9,1394.0,0,18.0,0.0,2,3,6.3,2,2025-04-02 18:00:00,0.1,1858.7,1930.4,71.7,Slight Delay,2,0,3,2788.0,0,18,1,3
295,0,1,185.4,2,10.7,0.0,2,1,8.7,2,2025-06-02 20:00:00,0.53,247.2,307.1,59.9,On Time,2,2,1,370.8,4,20,1,1
296,0,8,134.3,5,23.7,22.6,3,0,11.4,2,2025-08-24 17:00:00,0.58,179.1,400.4,221.3,Severe Delay,4,5,4,537.2,20,17,1,1
297,1,4,1398.9,1,34.6,0.9,1,1,25.3,1,2025-08-03 06:00:00,0.25,1865.2,1891.8,26.6,On Time,1,1,1,1398.9,1,6,0,3
298,2,6,302.8,0,34.2,0.0,1,1,10.7,0,2025-11-03 07:00:00,0.24,403.7,403.8,0.1,On Time,1,0,1,302.8,0,7,1,1
299,2,7,1589.7,3,12.4,40.6,3,0,28.3,1,2025-04-22 07:00:00,0.38,2119.6,2308.2,188.6,Severe Delay,4,4,4,6358.8,16,7,1,3
300,1,5,1689.8,4,27.0,30.0,2,3,39.7,1,2025-11-03 16:00:00,0.27,2253.1,2341.8,88.7,Slight Delay,2,3,3,3379.6,6,16,0,3
301,2,4,787.9,1,38.1,4.5,2,2,10.6,0,2025-05-21 07:00:00,0.04,1050.5,1094.3,43.8,On Time,2,1,2,1575.8,2,7,1,0
302,0,1,763.4,2,38.1,0.0,3,2,22.0,2,2025-06-26 18:00:00,0.6,1017.9,1175.2,157.3,Moderate Delay,4,2,2,3053.6,8,18,1,0
303,0,4,156.1,2,22.9,0.0,3,2,23.5,2,2025-06-03 18:00:00,0.43,208.1,368.2,160.1,Moderate Delay,4,2,2,624.4,8,18,1,1
304,1,5,1612.9,3,37.0,46.1,2,0,3.8,0,2025-12-29 10:00:00,0.46,2150.5,2303.4,152.9,Moderate Delay,2,4,4,3225.8,8,10,1,3
305,9,7,297.8,5,33.5,51.5,3,2,37.2,1,2025-09-29 10:00:00,0.1,397.1,587.5,190.4,Severe Delay,4,5,2,1191.2,20,10,1,1
306,8,2,1780.5,4,30.3,52.4,2,3,8.2,1,2025-02-10 20:00:00,0.28,2374.0,2464.0,90.0,Slight Delay,2,3,3,3561.0,6,20,1,3
307,4,3,445.5,5,24.9,73.1,2,1,25.6,0,2025-07-13 07:00:00,0.11,594.0,670.9,76.9,Slight Delay,2,5,1,891.0,10,7,1,1
308,3,6,1390.9,5,19.2,75.4,2,2,32.0,2,2025-06-20 15:00:00,0.19,1854.5,1979.2,124.7,Moderate Delay,2,5,2,2781.8,10,15,0,3
309,7,6,544.0,1,33.2,4.1,1,2,39.0,2,2025-12-23 12:00:00,0.46,725.3,779.2,53.9,On Time,1,1,2,544.0,1,12,0,0
310,8,2,97.2,5,33.3,29.2,0,3,44.9,0,2025-08-27 17:00:00,0.53,129.6,286.0,156.4,Moderate Delay,3,5,3,291.6,15,17,1,2
311,6,4,513.0,4,30.2,10.0,3,2,5.2,2,2025-08-29 16:00:00,0.6,684.0,863.4,179.4,Severe Delay,4,3,2,2052.0,12,16,0,0
312,2,8,64.4,4,22.6,63.8,3,1,28.5,1,2025-04-24 10:00:00,0.19,85.9,176.9,91.0,Slight Delay,4,3,1,257.6,12,10,1,2
313,7,4,1529.4,5,11.4,67.8,3,3,31.2,2,2025-04-11 16:00:00,0.34,2039.2,2287.7,248.5,Severe Delay,4,5,3,6117.6,20,16,0,3
314,2,9,1420.6,5,23.6,22.2,2,2,30.0,1,2025-12-02 16:00:00,0.56,1894.1,2082.0,187.9,Severe Delay,2,5,2,2841.2,10,16,0,3
315,6,0,1962.6,2,32.7,0.0,3,2,40.3,2,2025-06-30 11:00:00,0.43,2616.8,2798.8,182.0,Severe Delay,4,2,2,7850.4,8,11,0,3
316,1,5,351.4,3,27.5,56.8,2,1,35.0,1,2025-01-18 08:00:00,0.39,468.5,531.4,62.9,On Time,2,4,1,702.8,8,8,1,1
317,7,3,1416.2,3,25.9,55.1,2,0,41.9,2,2025-12-29 10:00:00,0.1,1888.3,1991.4,103.1,Slight Delay,2,4,4,2832.4,8,10,1,3
318,7,6,815.7,5,15.4,47.9,3,3,14.2,2,2025-11-13 21:00:00,0.55,1087.6,1316.4,228.8,Severe Delay,4,5,3,3262.8,20,21,0,0
319,9,7,858.2,0,13.0,0.0,3,1,30.5,2,2025-09-29 14:00:00,0.53,1144.3,1305.7,161.4,Moderate Delay,4,0,1,3432.8,0,14,0,0
320,0,6,587.3,0,38.1,0.0,3,0,49.9,2,2025-02-19 22:00:00,0.02,783.1,899.6,116.5,Moderate Delay,4,0,4,2349.2,0,22,0,0
321,1,6,143.5,1,21.7,0.3,0,3,48.8,0,2025-07-23 08:00:00,0.49,191.3,266.9,75.6,Slight Delay,3,1,3,430.5,3,8,1,1
322,4,9,948.8,3,19.4,12.6,2,0,8.8,0,2025-12-17 08:00:00,0.09,1265.1,1375.8,110.7,Slight Delay,2,4,4,1897.6,8,8,1,0
323,7,1,1600.6,3,21.4,27.5,3,2,12.0,1,2025-09-01 07:00:00,0.08,2134.1,2264.2,130.1,Moderate Delay,4,4,2,6402.4,16,7,1,3
324,7,2,698.4,0,40.3,0.0,3,2,8.2,1,2025-06-19 09:00:00,0.05,931.2,1025.5,94.3,Slight Delay,4,0,2,2793.6,0,9,1,0
325,0,7,1169.8,1,27.7,0.7,2,2,31.4,0,2025-01-24 08:00:00,0.16,1559.7,1611.1,51.4,On Time,2,1,2,2339.6,2,8,1,3
326,6,5,927.7,5,35.4,48.1,1,0,33.5,0,2025-01-09 12:00:00,0.47,1236.9,1398.1,161.2,Moderate Delay,1,5,4,927.7,5,12,0,0
327,5,1,1781.2,2,23.0,0.0,3,1,10.2,0,2025-03-25 13:00:00,0.29,2374.9,2543.8,168.9,Severe Delay,4,2,1,7124.8,8,13,0,3
328,5,8,669.9,2,25.9,0.0,0,2,38.2,1,2025-03-13 08:00:00,0.08,893.2,996.7,103.5,Slight Delay,3,2,2,2009.6999999999998,6,8,1,0
329,0,4,989.5,0,32.6,0.0,1,2,11.9,2,2025-02-08 16:00:00,0.33,1319.3,1352.8,33.5,On Time,1,0,2,989.5,0,16,0,0
330,5,8,382.0,4,38.9,26.4,1,3,46.4,0,2025-09-09 13:00:00,0.58,509.3,572.0,62.7,On Time,1,3,3,382.0,3,13,0,1
331,4,5,192.3,3,29.5,68.4,3,0,39.9,1,2025-10-27 18:00:00,0.11,256.4,392.5,136.1,Moderate Delay,4,4,4,769.2,16,18,1,1
332,3,4,1262.1,1,36.3,0.8,1,1,23.2,0,2025-03-20 18:00:00,0.21,1682.8,1708.9,26.1,On Time,1,1,1,1262.1,1,18,1,3
333,1,9,430.9,4,18.3,73.1,0,1,23.7,2,2025-01-03 15:00:00,0.28,574.5,667.5,93.0,Slight Delay,3,3,1,1292.6999999999998,9,15,0,1
334,9,4,358.0,4,11.1,20.3,1,0,17.4,2,2025-04-06 19:00:00,0.31,477.3,532.6,55.3,On Time,1,3,4,358.0,3,19,1,1
335,9,5,89.1,5,29.3,37.9,3,1,42.0,2,2025-02-15 17:00:00,0.1,118.8,257.2,138.4,Moderate Delay,4,5,1,356.4,20,17,1,2
336,0,3,576.5,5,16.1,33.5,0,2,40.2,2,2025-05-30 19:00:00,0.24,768.7,908.4,139.7,Moderate Delay,3,5,2,1729.5,15,19,1,0
337,8,3,1140.2,2,42.5,0.0,2,0,19.7,1,2025-07-14 11:00:00,0.04,1520.3,1598.8,78.5,Slight Delay,2,2,4,2280.4,4,11,0,3
338,1,4,1923.8,4,33.4,75.0,0,2,13.6,2,2025-02-02 11:00:00,0.37,2565.1,2720.7,155.6,Moderate Delay,3,3,2,5771.4,9,11,0,3
339,8,6,1483.4,3,19.7,26.1,0,2,48.2,2,2025-07-04 14:00:00,0.01,1977.9,2123.1,145.2,Moderate Delay,3,4,2,4450.200000000001,12,14,0,3
340,2,0,896.7,5,19.1,30.8,2,2,41.8,2,2025-03-11 15:00:00,0.56,1195.6,1306.5,110.9,Slight Delay,2,5,2,1793.4,10,15,0,0
341,7,9,342.3,4,30.8,16.3,3,3,48.4,0,2025-06-21 19:00:00,0.27,456.4,586.9,130.5,Moderate Delay,4,3,3,1369.2,12,19,1,1
342,5,1,1810.6,4,38.6,61.8,0,0,3.3,0,2025-06-10 11:00:00,0.0,2414.1,2536.4,122.3,Moderate Delay,3,3,4,5431.799999999999,9,11,0,3
343,8,4,1793.2,4,41.8,28.5,3,0,34.7,0,2025-07-12 14:00:00,0.16,2390.9,2534.8,143.9,Moderate Delay,4,3,4,7172.8,12,14,0,3
344,8,4,1072.3,0,20.1,0.0,2,0,24.9,1,2025-10-09 06:00:00,0.18,1429.7,1468.9,39.2,On Time,2,0,4,2144.6,0,6,0,3
345,9,2,1806.8,3,22.0,60.0,0,1,33.1,0,2025-12-11 21:00:00,0.56,2409.1,2584.8,175.7,Severe Delay,3,4,1,5420.4,12,21,0,3
346,1,4,226.8,1,30.2,2.3,0,0,6.4,1,2025-08-05 18:00:00,0.59,302.4,376.8,74.4,Slight Delay,3,1,4,680.4000000000001,3,18,1,1
347,3,0,1324.3,5,28.6,12.7,3,2,9.0,1,2025-09-17 19:00:00,0.34,1765.7,1984.2,218.5,Severe Delay,4,5,2,5297.2,20,19,1,3
348,0,7,708.1,4,11.8,9.0,1,1,34.8,2,2025-12-03 17:00:00,0.27,944.1,994.5,50.4,On Time,1,3,1,708.1,3,17,1,0
349,1,7,1650.6,5,38.7,40.8,3,3,17.9,0,2025-02-24 06:00:00,0.22,2200.8,2407.2,206.4,Severe Delay,4,5,3,6602.4,20,6,0,3
350,3,4,458.1,1,23.3,4.0,2,2,41.3,0,2025-07-20 20:00:00,0.23,610.8,661.3,50.5,On Time,2,1,2,916.2,2,20,1,1
351,5,0,1374.1,1,28.6,0.2,0,1,24.0,0,2025-02-23 15:00:00,0.24,1832.1,1920.2,88.1,Slight Delay,3,1,1,4122.299999999999,3,15,0,3
352,8,3,250.4,0,31.4,0.0,2,3,47.0,0,2025-06-25 20:00:00,0.4,333.9,387.5,53.6,On Time,2,0,3,500.8,0,20,1,1
353,2,5,1633.0,3,31.4,33.0,0,2,13.1,2,2025-08-13 20:00:00,0.06,2177.3,2295.2,117.9,Moderate Delay,3,4,2,4899.0,12,20,1,3
354,4,3,330.5,4,39.0,8.1,1,1,21.2,2,2025-06-25 09:00:00,0.1,440.7,475.3,34.6,On Time,1,3,1,330.5,3,9,1,1
355,1,6,1917.1,5,17.7,71.5,2,0,46.7,0,2025-10-14 19:00:00,0.55,2556.1,2736.5,180.4,Severe Delay,2,5,4,3834.2,10,19,1,3
356,9,2,1468.4,3,38.9,16.0,2,0,41.7,1,2025-12-03 19:00:00,0.32,1957.9,2109.3,151.4,Moderate Delay,2,4,4,2936.8,8,19,1,3
357,8,7,1691.5,2,26.9,0.0,2,2,25.9,1,2025-08-08 18:00:00,0.19,2255.3,2344.2,88.9,Slight Delay,2,2,2,3383.0,4,18,1,3
358,7,6,704.7,1,33.5,4.0,0,1,47.4,1,2025-02-22 11:00:00,0.24,939.6,986.2,46.6,On Time,3,1,1,2114.1000000000004,3,11,0,0
359,4,8,1325.8,1,34.1,0.6,3,1,47.0,0,2025-12-10 21:00:00,0.11,1767.7,1865.3,97.6,Slight Delay,4,1,1,5303.2,4,21,0,3
360,0,4,847.9,5,36.5,72.3,3,2,4.7,1,2025-02-28 17:00:00,0.24,1130.5,1266.3,135.8,Moderate Delay,4,5,2,3391.6,20,17,1,0
361,4,0,482.9,5,10.8,67.6,2,3,48.7,1,2025-10-30 08:00:00,0.08,643.9,742.1,98.2,Slight Delay,2,5,3,965.8,10,8,1,1
362,1,8,797.9,0,11.0,0.0,2,3,29.4,2,2025-04-04 17:00:00,0.01,1063.9,1100.7,36.8,On Time,2,0,3,1595.8,0,17,1,0
363,1,5,1948.1,3,29.0,25.6,3,0,35.6,1,2025-07-16 19:00:00,0.16,2597.5,2772.7,175.2,Severe Delay,4,4,4,7792.4,16,19,1,3
364,1,0,464.2,2,17.9,0.0,2,0,41.0,0,2025-05-28 10:00:00,0.56,618.9,706.2,87.3,Slight Delay,2,2,4,928.4,4,10,1,1
365,1,8,438.0,3,36.3,8.8,1,3,24.9,2,2025-09-06 10:00:00,0.27,584.0,669.0,85.0,Slight Delay,1,4,3,438.0,4,10,1,1
366,2,9,324.7,5,15.2,25.1,3,2,18.4,1,2025-09-09 19:00:00,0.25,432.9,597.3,164.4,Moderate Delay,4,5,2,1298.8,20,19,1,1
367,9,0,403.0,1,32.5,1.3,1,1,44.4,2,2025-05-30 07:00:00,0.54,537.3,590.8,53.5,On Time,1,1,1,403.0,1,7,1,1
368,6,2,1652.2,5,23.9,16.7,0,0,37.0,0,2025-10-17 21:00:00,0.22,2202.9,2392.3,189.4,Severe Delay,3,5,4,4956.6,15,21,0,3
369,0,5,1977.1,0,44.2,0.0,1,3,39.8,1,2025-07-07 07:00:00,0.4,2636.1,2689.0,52.9,On Time,1,0,3,1977.1,0,7,1,3
370,9,5,674.0,1,29.7,4.3,3,1,10.5,1,2025-12-01 13:00:00,0.56,898.7,1005.6,106.9,Slight Delay,4,1,1,2696.0,4,13,0,0
371,6,7,1640.4,3,11.4,71.7,0,3,49.6,2,2025-08-13 09:00:00,0.18,2187.2,2343.8,156.6,Moderate Delay,3,4,3,4921.200000000001,12,9,1,3
372,2,6,662.2,2,33.7,0.0,0,2,29.9,2,2025-11-12 10:00:00,0.36,882.9,1009.8,126.9,Moderate Delay,3,2,2,1986.6000000000001,6,10,1,0
373,2,6,468.0,0,34.2,0.0,0,3,12.0,1,2025-10-03 11:00:00,0.38,624.0,680.9,56.9,On Time,3,0,3,1404.0,0,11,0,1
374,4,6,967.5,4,42.5,29.9,0,1,23.5,2,2025-07-30 07:00:00,0.01,1290.0,1374.1,84.1,Slight Delay,3,3,1,2902.5,9,7,1,0
375,6,1,1105.3,2,16.1,0.0,2,0,15.1,2,2025-12-31 16:00:00,0.4,1473.7,1589.3,115.6,Moderate Delay,2,2,4,2210.6,4,16,0,3
376,2,9,198.0,3,31.0,30.6,2,3,45.9,1,2025-08-01 18:00:00,0.24,264.0,340.8,76.8,Slight Delay,2,4,3,396.0,8,18,1,1
377,9,3,1802.5,2,37.7,0.0,1,2,34.0,1,2025-05-23 17:00:00,0.41,2403.3,2495.7,92.4,Slight Delay,1,2,2,1802.5,2,17,1,3
378,9,0,1195.1,4,10.6,59.7,1,1,16.5,1,2025-08-23 17:00:00,0.4,1593.5,1664.7,71.2,Slight Delay,1,3,1,1195.1,3,17,1,3
379,3,5,1838.4,3,32.7,12.8,2,2,20.4,2,2025-09-11 14:00:00,0.44,2451.2,2601.2,150.0,Moderate Delay,2,4,2,3676.8,8,14,0,3
380,4,6,1916.1,4,29.8,43.6,2,2,4.7,0,2025-12-16 07:00:00,0.33,2554.8,2635.1,80.3,Slight Delay,2,3,2,3832.2,6,7,1,3
381,7,1,643.5,2,13.4,0.0,3,1,9.3,2,2025-03-22 20:00:00,0.59,858.0,1020.5,162.5,Moderate Delay,4,2,1,2574.0,8,20,1,0
382,9,7,625.4,3,24.1,55.4,2,0,34.3,1,2025-06-04 11:00:00,0.19,833.9,928.0,94.1,Slight Delay,2,4,4,1250.8,8,11,0,0
383,6,3,1407.2,2,36.4,0.0,0,3,43.7,2,2025-07-10 11:00:00,0.3,1876.3,2015.3,139.0,Moderate Delay,3,2,3,4221.6,6,11,0,3
384,7,9,1702.9,2,16.9,0.0,0,0,6.7,0,2025-12-02 08:00:00,0.58,2270.5,2394.7,124.2,Moderate Delay,3,2,4,5108.700000000001,6,8,1,3
385,3,7,132.9,1,13.7,2.9,3,1,27.4,2,2025-10-31 13:00:00,0.14,177.2,282.2,105.0,Slight Delay,4,1,1,531.6,4,13,0,1
386,0,9,1235.0,0,41.4,0.0,1,3,40.6,2,2025-08-05 10:00:00,0.35,1646.7,1690.5,43.8,On Time,1,0,3,1235.0,0,10,1,3
387,9,3,1409.4,1,29.5,1.8,3,1,45.6,1,2025-02-22 09:00:00,0.01,1879.2,1957.1,77.9,Slight Delay,4,1,1,5637.6,4,9,1,3
388,4,8,1517.4,4,25.9,35.9,2,2,46.8,2,2025-11-25 10:00:00,0.15,2023.2,2115.2,92.0,Slight Delay,2,3,2,3034.8,6,10,1,3
389,3,5,691.8,5,27.7,17.1,1,0,33.1,0,2025-06-29 12:00:00,0.6,922.4,1044.6,122.2,Moderate Delay,1,5,4,691.8,5,12,0,0
390,1,9,1326.2,5,25.5,53.6,3,0,3.5,2,2025-02-21 10:00:00,0.49,1768.3,2001.9,233.6,Severe Delay,4,5,4,5304.8,20,10,1,3
391,3,9,1211.6,4,30.4,35.1,3,3,17.2,2,2025-05-07 14:00:00,0.08,1615.5,1756.6,141.1,Moderate Delay,4,3,3,4846.4,12,14,0,3
392,3,6,1746.4,5,30.2,30.9,0,1,40.2,1,2025-06-04 12:00:00,0.32,2328.5,2470.9,142.4,Moderate Delay,3,5,1,5239.200000000001,15,12,0,3
393,0,5,304.1,1,15.3,2.2,3,3,30.0,1,2025-01-28 13:00:00,0.05,405.5,542.4,136.9,Moderate Delay,4,1,3,1216.4,4,13,0,1
394,9,8,1660.7,0,37.4,0.0,2,2,14.2,1,2025-11-01 08:00:00,0.56,2214.3,2295.0,80.7,Slight Delay,2,0,2,3321.4,0,8,1,3
395,0,7,99.8,4,24.2,43.7,0,0,29.2,0,2025-10-19 19:00:00,0.56,133.1,228.0,94.9,Slight Delay,3,3,4,299.4,9,19,1,2
396,4,5,281.7,2,25.4,0.0,2,2,32.4,2,2025-01-09 08:00:00,0.23,375.6,449.2,73.6,Slight Delay,2,2,2,563.4,4,8,1,1
397,7,4,896.3,1,11.7,4.1,1,1,41.4,0,2025-09-17 15:00:00,0.35,1195.1,1246.9,51.8,On Time,1,1,1,896.3,1,15,0,0
398,0,8,840.0,3,43.5,45.6,3,1,30.5,1,2025-10-02 10:00:00,0.13,1120.0,1273.3,153.3,Moderate Delay,4,4,1,3360.0,16,10,1,0
399,6,3,1532.1,4,28.3,22.0,1,0,33.5,2,2025-10-02 16:00:00,0.05,2042.8,2101.2,58.4,On Time,1,3,4,1532.1,3,16,0,3
400,8,3,1033.2,4,26.9,33.7,3,0,42.0,2,2025-05-06 08:00:00,0.09,1377.6,1493.8,116.2,Moderate Delay,4,3,4,4132.8,12,8,1,3
401,8,3,1758.5,3,29.5,77.0,1,3,2.9,1,2025-12-03 11:00:00,0.06,2344.7,2420.5,75.8,Slight Delay,1,4,3,1758.5,4,11,0,3
402,3,7,356.4,2,14.4,0.0,2,1,6.6,2,2025-09-12 17:00:00,0.31,475.2,547.6,72.4,Slight Delay,2,2,1,712.8,4,17,1,1
403,0,5,302.3,2,23.4,0.0,0,0,28.0,0,2025-03-06 14:00:00,0.05,403.1,489.8,86.7,Slight Delay,3,2,4,906.9000000000001,6,14,0,1
404,3,7,684.0,4,16.2,12.4,3,3,47.9,1,2025-02-02 14:00:00,0.36,912.0,1032.3,120.3,Moderate Delay,4,3,3,2736.0,12,14,0,0
405,5,3,374.5,3,37.9,55.8,3,3,27.6,2,2025-09-13 11:00:00,0.29,499.3,657.4,158.1,Moderate Delay,4,4,3,1498.0,16,11,0,1
406,4,1,464.8,4,24.0,35.7,1,1,48.9,2,2025-09-18 06:00:00,0.11,619.7,659.5,39.8,On Time,1,3,1,464.8,3,6,0,1
407,7,3,1668.6,1,38.1,4.3,1,2,3.5,0,2025-07-16 10:00:00,0.42,2224.8,2280.2,55.4,On Time,1,1,2,1668.6,1,10,1,3
408,1,7,283.4,5,15.6,76.2,3,0,44.0,0,2025-05-08 19:00:00,0.54,377.9,602.6,224.7,Severe Delay,4,5,4,1133.6,20,19,1,1
409,4,6,848.4,0,22.5,0.0,0,1,29.9,1,2025-12-11 07:00:00,0.35,1131.2,1205.6,74.4,Slight Delay,3,0,1,2545.2,0,7,1,0
410,1,6,1136.5,5,19.1,57.1,1,2,28.6,2,2025-08-27 15:00:00,0.48,1515.3,1635.2,119.9,Moderate Delay,1,5,2,1136.5,5,15,0,3
411,6,8,849.8,0,31.0,0.0,3,1,25.9,0,2025-04-13 15:00:00,0.17,1133.1,1240.7,107.6,Slight Delay,4,0,1,3399.2,0,15,0,0
412,5,6,365.3,2,26.5,0.0,2,2,5.0,0,2025-10-30 21:00:00,0.38,487.1,564.6,77.5,Slight Delay,2,2,2,730.6,4,21,0,1
413,2,5,64.7,1,40.2,2.9,2,1,44.6,0,2025-01-13 13:00:00,0.36,86.3,120.9,34.6,On Time,2,1,1,129.4,2,13,0,2
414,0,4,413.3,2,18.6,0.0,1,3,15.7,2,2025-12-03 18:00:00,0.33,551.1,607.3,56.2,On Time,1,2,3,413.3,2,18,1,1
415,6,3,360.2,1,28.1,1.1,2,2,14.5,0,2025-01-31 10:00:00,0.24,480.3,552.9,72.6,Slight Delay,2,1,2,720.4,2,10,1,1
416,6,3,1332.8,0,33.8,0.0,2,2,46.6,1,2025-07-10 20:00:00,0.6,1777.1,1818.6,41.5,On Time,2,0,2,2665.6,0,20,1,3
417,3,1,1796.8,5,19.0,21.5,2,2,7.3,2,2025-10-31 07:00:00,0.52,2395.7,2567.2,171.5,Severe Delay,2,5,2,3593.6,10,7,1,3
418,8,1,435.2,1,44.2,3.2,0,3,46.8,0,2025-07-21 16:00:00,0.18,580.3,649.7,69.4,On Time,3,1,3,1305.6,3,16,0,1
419,4,0,278.8,4,33.5,59.7,2,1,29.0,2,2025-03-11 09:00:00,0.12,371.7,415.4,43.7,On Time,2,3,1,557.6,6,9,1,1
420,1,3,552.9,1,17.0,3.9,3,2,45.5,0,2025-07-28 09:00:00,0.22,737.2,861.7,124.5,Moderate Delay,4,1,2,2211.6,4,9,1,0
421,0,4,765.8,1,21.9,0.3,3,3,24.6,0,2025-05-16 09:00:00,0.07,1021.1,1128.1,107.0,Slight Delay,4,1,3,3063.2,4,9,1,0
422,3,2,1386.8,2,43.1,0.0,0,1,34.3,2,2025-06-17 10:00:00,0.2,1849.1,1953.8,104.7,Slight Delay,3,2,1,4160.4,6,10,1,3
423,3,6,1608.7,4,40.1,15.3,3,1,47.6,1,2025-06-03 14:00:00,0.2,2144.9,2315.5,170.6,Severe Delay,4,3,1,6434.8,12,14,0,3
424,1,7,1361.9,3,18.8,70.5,3,0,8.9,2,2025-08-25 09:00:00,0.03,1815.9,2003.8,187.9,Severe Delay,4,4,4,5447.6,16,9,1,3
425,1,3,1676.2,0,29.2,0.0,1,0,9.9,2,2025-04-12 18:00:00,0.43,2234.9,2327.3,92.4,Slight Delay,1,0,4,1676.2,0,18,1,3
426,4,3,1680.9,5,33.5,57.3,0,1,18.5,2,2025-02-03 12:00:00,0.53,2241.2,2418.5,177.3,Severe Delay,3,5,1,5042.700000000001,15,12,0,3
427,9,1,1923.6,0,33.8,0.0,0,1,31.8,2,2025-08-25 07:00:00,0.16,2564.8,2677.3,112.5,Slight Delay,3,0,1,5770.799999999999,0,7,1,3
428,1,9,750.9,2,22.5,0.0,3,2,17.5,2,2025-07-15 19:00:00,0.31,1001.2,1165.8,164.6,Moderate Delay,4,2,2,3003.6,8,19,1,0
429,1,8,1965.8,1,18.7,0.4,2,3,33.3,0,2025-08-17 10:00:00,0.36,2621.1,2698.6,77.5,Slight Delay,2,1,3,3931.6,2,10,1,3
430,7,6,926.9,2,19.0,0.0,0,2,37.7,0,2025-10-09 21:00:00,0.31,1235.9,1375.0,139.1,Moderate Delay,3,2,2,2780.7,6,21,0,0
431,7,1,703.1,4,11.9,20.3,3,0,21.2,0,2025-04-13 22:00:00,0.13,937.5,1096.4,158.9,Moderate Delay,4,3,4,2812.4,12,22,0,0
432,2,5,872.5,0,14.2,0.0,3,3,25.9,0,2025-10-06 21:00:00,0.21,1163.3,1280.2,116.9,Moderate Delay,4,0,3,3490.0,0,21,0,0
433,4,5,1988.8,4,18.1,9.0,3,3,9.9,2,2025-01-14 16:00:00,0.02,2651.7,2828.8,177.1,Severe Delay,4,3,3,7955.2,12,16,0,3
434,5,2,1734.8,0,10.3,0.0,0,1,39.0,0,2025-09-29 17:00:00,0.28,2313.1,2404.1,91.0,Slight Delay,3,0,1,5204.4,0,17,1,3
435,5,2,1086.0,1,44.7,4.3,1,0,5.3,1,2025-05-04 14:00:00,0.42,1448.0,1520.6,72.6,Slight Delay,1,1,4,1086.0,1,14,0,3
436,0,7,21.2,1,20.8,1.2,3,3,12.1,2,2025-04-01 13:00:00,0.04,28.3,125.7,97.4,Slight Delay,4,1,3,84.8,4,13,0,2
437,5,4,1754.3,2,41.7,0.0,0,1,24.9,1,2025-12-25 17:00:00,0.2,2339.1,2431.3,92.2,Slight Delay,3,2,1,5262.9,6,17,1,3
438,5,1,1570.7,5,14.3,52.6,2,2,6.6,1,2025-06-08 11:00:00,0.04,2094.3,2224.9,130.6,Moderate Delay,2,5,2,3141.4,10,11,0,3
439,9,7,1911.8,0,18.6,0.0,1,0,43.1,1,2025-04-23 06:00:00,0.1,2549.1,2614.7,65.6,On Time,1,0,4,1911.8,0,6,0,3
440,0,9,582.7,0,20.1,0.0,0,0,19.2,2,2025-06-24 11:00:00,0.24,776.9,852.6,75.7,Slight Delay,3,0,4,1748.1000000000001,0,11,0,0
441,4,7,1016.6,0,37.9,0.0,2,0,37.1,2,2025-09-27 17:00:00,0.39,1355.5,1421.4,65.9,On Time,2,0,4,2033.2,0,17,1,3
442,3,8,374.6,2,23.7,0.0,3,1,47.4,0,2025-06-04 16:00:00,0.08,499.5,601.9,102.4,Slight Delay,4,2,1,1498.4,8,16,0,1
443,1,2,698.3,2,32.0,0.0,3,2,10.0,1,2025-06-12 11:00:00,0.09,931.1,1092.1,161.0,Moderate Delay,4,2,2,2793.2,8,11,0,0
444,0,4,641.1,1,32.2,1.8,2,2,7.9,0,2025-12-19 15:00:00,0.36,854.8,897.1,42.3,On Time,2,1,2,1282.2,2,15,0,0
445,1,2,613.8,2,32.5,0.0,1,2,30.2,1,2025-01-17 11:00:00,0.42,818.4,885.5,67.1,On Time,1,2,2,613.8,2,11,0,0
446,5,4,1374.1,5,10.9,56.8,2,1,16.1,0,2025-03-14 16:00:00,0.03,1832.1,1939.5,107.4,Slight Delay,2,5,1,2748.2,10,16,0,3
447,3,6,610.0,4,13.1,73.3,0,0,0.8,1,2025-02-15 16:00:00,0.29,813.3,919.5,106.2,Slight Delay,3,3,4,1830.0,9,16,0,0
448,9,7,1102.4,4,41.0,46.5,2,0,27.0,1,2025-02-04 17:00:00,0.12,1469.9,1532.8,62.9,On Time,2,3,4,2204.8,6,17,1,3
449,6,3,690.9,2,43.3,0.0,1,1,37.0,0,2025-08-13 19:00:00,0.36,921.2,985.1,63.9,On Time,1,2,1,690.9,2,19,1,0
450,1,9,859.1,3,22.0,77.1,3,3,22.5,1,2025-07-12 09:00:00,0.29,1145.5,1338.0,192.5,Severe Delay,4,4,3,3436.4,16,9,1,0
451,9,2,696.9,1,25.2,4.2,3,1,18.5,2,2025-05-31 06:00:00,0.48,929.2,1072.8,143.6,Moderate Delay,4,1,1,2787.6,4,6,0,0
452,4,6,815.7,0,33.6,0.0,1,3,22.8,2,2025-07-12 11:00:00,0.45,1087.6,1147.1,59.5,On Time,1,0,3,815.7,0,11,0,0
453,3,5,424.0,0,20.2,0.0,0,2,37.6,1,2025-01-16 19:00:00,0.29,565.3,655.8,90.5,Slight Delay,3,0,2,1272.0,0,19,1,1
454,1,9,1059.6,1,34.8,1.3,1,1,22.6,0,2025-04-16 12:00:00,0.07,1412.8,1445.7,32.9,On Time,1,1,1,1059.6,1,12,0,3
455,8,5,1333.4,2,39.4,0.0,0,3,27.8,0,2025-05-02 09:00:00,0.09,1777.9,1889.7,111.8,Slight Delay,3,2,3,4000.2000000000003,6,9,1,3
456,7,9,1304.0,5,12.4,72.3,3,0,6.4,2,2025-07-04 06:00:00,0.2,1738.7,1975.6,236.9,Severe Delay,4,5,4,5216.0,20,6,0,3
457,8,3,693.2,4,40.4,11.6,3,0,39.0,2,2025-01-14 12:00:00,0.51,924.3,1069.9,145.6,Moderate Delay,4,3,4,2772.8,12,12,0,0
458,1,4,439.3,0,11.5,0.0,3,1,16.4,0,2025-07-23 21:00:00,0.34,585.7,711.6,125.9,Moderate Delay,4,0,1,1757.2,0,21,0,1
459,9,6,1861.7,0,28.5,0.0,3,0,13.3,0,2025-07-15 17:00:00,0.03,2482.3,2585.6,103.3,Slight Delay,4,0,4,7446.8,0,17,1,3
460,1,0,771.9,0,31.6,0.0,0,2,48.5,0,2025-05-15 13:00:00,0.44,1029.2,1126.0,96.8,Slight Delay,3,0,2,2315.7,0,13,0,0
461,6,7,1254.3,1,31.1,2.4,1,1,26.7,1,2025-06-26 19:00:00,0.2,1672.4,1710.9,38.5,On Time,1,1,1,1254.3,1,19,1,3
462,5,2,886.7,5,19.7,46.9,1,2,17.7,1,2025-08-03 21:00:00,0.56,1182.3,1301.2,118.9,Moderate Delay,1,5,2,886.7,5,21,0,0
463,5,2,960.0,3,21.8,74.0,0,1,1.1,0,2025-01-18 22:00:00,0.33,1280.0,1400.9,120.9,Moderate Delay,3,4,1,2880.0,12,22,0,0
464,5,0,977.3,5,25.0,10.6,2,1,5.8,0,2025-03-30 11:00:00,0.5,1303.1,1417.0,113.9,Slight Delay,2,5,1,1954.6,10,11,0,0
465,2,6,1162.1,1,14.2,0.2,1,2,3.1,2,2025-12-16 19:00:00,0.5,1549.5,1611.9,62.4,On Time,1,1,2,1162.1,1,19,1,3
466,2,1,909.2,5,30.2,47.8,0,3,17.0,1,2025-02-04 08:00:00,0.19,1212.3,1342.8,130.5,Moderate Delay,3,5,3,2727.6000000000004,15,8,1,0
467,8,5,1940.7,3,40.3,50.1,0,3,35.2,1,2025-08-23 06:00:00,0.17,2587.6,2741.9,154.3,Moderate Delay,3,4,3,5822.1,12,6,0,3
468,5,0,131.3,3,27.0,73.5,1,2,30.7,2,2025-03-17 09:00:00,0.33,175.1,246.1,71.0,Slight Delay,1,4,2,131.3,4,9,1,1
469,3,1,217.2,4,10.6,77.3,0,2,19.2,0,2025-07-16 21:00:00,0.36,289.6,389.4,99.8,Slight Delay,3,3,2,651.5999999999999,9,21,0,1
470,5,9,824.7,0,40.8,0.0,2,3,32.6,0,2025-03-15 18:00:00,0.54,1099.6,1181.3,81.7,Slight Delay,2,0,3,1649.4,0,18,1,0
471,7,9,1525.6,4,33.7,27.6,2,1,9.6,1,2025-09-01 14:00:00,0.45,2034.1,2083.4,49.3,On Time,2,3,1,3051.2,6,14,0,3
472,4,7,1969.6,4,17.3,14.8,0,3,10.6,0,2025-09-09 09:00:00,0.46,2626.1,2738.6,112.5,Slight Delay,3,3,3,5908.799999999999,9,9,1,3
473,2,1,1637.0,4,41.0,11.5,3,3,27.1,0,2025-08-02 08:00:00,0.55,2182.7,2393.8,211.1,Severe Delay,4,3,3,6548.0,12,8,1,3
474,2,0,739.5,1,42.8,1.4,3,2,16.9,1,2025-07-11 07:00:00,0.42,986.0,1145.2,159.2,Moderate Delay,4,1,2,2958.0,4,7,1,0
475,0,1,146.3,0,23.6,0.0,0,2,14.5,2,2025-09-26 06:00:00,0.18,195.1,260.7,65.6,On Time,3,0,2,438.90000000000003,0,6,0,1
476,1,6,1741.7,1,16.3,4.7,1,0,11.3,2,2025-08-22 07:00:00,0.2,2322.3,2410.7,88.4,Slight Delay,1,1,4,1741.7,1,7,1,3
477,4,2,472.1,4,12.0,27.5,0,2,24.0,1,2025-07-23 09:00:00,0.1,629.5,704.3,74.8,Slight Delay,3,3,2,1416.3000000000002,9,9,1,1
478,7,6,1336.2,4,24.7,57.6,3,2,20.8,2,2025-08-31 17:00:00,0.3,1781.6,1914.9,133.3,Moderate Delay,4,3,2,5344.8,12,17,1,3
479,4,1,1958.5,4,24.7,42.6,1,3,45.5,2,2025-07-17 07:00:00,0.43,2611.3,2717.1,105.8,Slight Delay,1,3,3,1958.5,3,7,1,3
480,1,6,1400.4,1,12.9,4.3,2,0,24.3,0,2025-11-30 19:00:00,0.04,1867.2,1928.1,60.9,On Time,2,1,4,2800.8,2,19,1,3
481,0,7,1124.2,2,11.9,0.0,1,2,48.6,2,2025-11-28 11:00:00,0.31,1498.9,1564.3,65.4,On Time,1,2,2,1124.2,2,11,0,3
482,5,7,1564.5,1,26.5,1.1,0,3,8.7,1,2025-12-30 14:00:00,0.2,2086.0,2169.7,83.7,Slight Delay,3,1,3,4693.5,3,14,0,3
483,8,9,1784.5,4,26.1,58.2,3,3,49.2,2,2025-08-27 15:00:00,0.03,2379.3,2522.5,143.2,Moderate Delay,4,3,3,7138.0,12,15,0,3
484,0,8,1219.7,5,25.0,7.0,1,1,39.3,1,2025-12-06 17:00:00,0.01,1626.3,1712.1,85.8,Slight Delay,1,5,1,1219.7,5,17,1,3
485,0,6,790.6,4,41.1,72.0,1,2,17.1,2,2025-06-22 14:00:00,0.37,1054.1,1105.2,51.1,On Time,1,3,2,790.6,3,14,0,0
486,4,6,572.4,4,24.2,79.9,0,0,3.2,2,2025-09-22 13:00:00,0.35,763.2,862.7,99.5,Slight Delay,3,3,4,1717.1999999999998,9,13,0,0
487,7,9,646.6,2,13.0,0.0,0,0,15.5,1,2025-01-14 21:00:00,0.58,862.1,983.3,121.2,Moderate Delay,3,2,4,1939.8000000000002,6,21,0,0
488,6,4,48.1,3,19.0,38.7,3,2,34.8,1,2025-01-19 12:00:00,0.44,64.1,223.0,158.9,Moderate Delay,4,4,2,192.4,16,12,0,2
489,4,2,354.9,2,44.2,0.0,3,3,42.7,1,2025-06-03 11:00:00,0.3,473.2,617.0,143.8,Moderate Delay,4,2,3,1419.6,8,11,0,1
490,0,1,357.5,4,23.5,31.0,1,2,21.9,2,2025-05-13 11:00:00,0.47,476.7,543.8,67.1,On Time,1,3,2,357.5,3,11,0,1
491,4,3,491.8,1,17.9,2.5,0,0,13.4,1,2025-06-07 19:00:00,0.01,655.7,736.4,80.7,Slight Delay,3,1,4,1475.4,3,19,1,1
492,4,8,1174.5,4,35.1,32.9,0,2,5.1,2,2025-08-29 07:00:00,0.27,1566.0,1702.1,136.1,Moderate Delay,3,3,2,3523.5,9,7,1,3
493,5,3,510.3,3,22.2,72.2,2,1,48.3,1,2025-07-15 22:00:00,0.27,680.4,738.0,57.6,On Time,2,4,1,1020.6,8,22,0,0
494,6,9,645.0,0,27.2,0.0,2,0,16.4,2,2025-06-25 19:00:00,0.12,860.0,905.9,45.9,On Time,2,0,4,1290.0,0,19,1,0
495,5,9,1967.0,1,18.5,3.4,0,0,35.9,2,2025-09-07 16:00:00,0.36,2622.7,2760.5,137.8,Moderate Delay,3,1,4,5901.0,3,16,0,3
496,1,8,80.1,2,39.5,0.0,1,1,23.3,0,2025-05-21 12:00:00,0.13,106.8,128.6,21.8,On Time,1,2,1,80.1,2,12,0,2
497,1,2,1248.1,3,29.1,14.4,1,0,14.8,1,2025-08-11 19:00:00,0.14,1664.1,1741.9,77.8,Slight Delay,1,4,4,1248.1,4,19,1,3
498,8,9,1910.2,3,38.0,23.1,3,1,3.9,2,2025-10-01 12:00:00,0.19,2546.9,2732.4,185.5,Severe Delay,4,4,1,7640.8,16,12,0,3
499,4,7,732.2,4,34.1,28.5,2,1,3.5,1,2025-01-03 13:00:00,0.42,976.3,1053.4,77.1,Slight Delay,2,3,1,1464.4,6,13,0,0
500,2,8,602.0,4,25.6,59.5,2,1,34.8,0,2025-09-15 15:00:00,0.59,802.7,865.2,62.5,On Time,2,3,1,1204.0,6,15,0,0
501,1,3,1508.6,0,29.9,0.0,0,3,14.1,0,2025-09-24 22:00:00,0.28,2011.5,2111.6,100.1,Slight Delay,3,0,3,4525.799999999999,0,22,0,3
502,4,9,481.1,2,27.2,0.0,2,3,15.9,0,2025-07-03 12:00:00,0.11,641.5,706.5,65.0,On Time,2,2,3,962.2,4,12,0,1
503,1,9,1856.9,0,40.4,0.0,2,0,35.5,1,2025-03-09 12:00:00,0.06,2475.9,2536.6,60.7,On Time,2,0,4,3713.8,0,12,0,3
504,7,5,1299.9,1,26.0,2.6,1,3,2.2,1,2025-11-30 07:00:00,0.38,1733.2,1793.7,60.5,On Time,1,1,3,1299.9,1,7,1,3
505,8,6,1389.5,5,37.8,17.3,1,1,5.7,1,2025-02-25 06:00:00,0.09,1852.7,1953.2,100.5,Slight Delay,1,5,1,1389.5,5,6,0,3
506,7,1,1259.6,3,12.6,13.4,3,2,2.9,2,2025-10-08 14:00:00,0.15,1679.5,1840.6,161.1,Moderate Delay,4,4,2,5038.4,16,14,0,3
507,9,1,1673.2,1,34.9,0.6,1,3,36.9,0,2025-12-05 09:00:00,0.17,2230.9,2295.1,64.2,On Time,1,1,3,1673.2,1,9,1,3
508,0,6,1676.0,5,44.1,78.2,2,2,3.7,2,2025-09-19 09:00:00,0.49,2234.7,2426.5,191.8,Severe Delay,2,5,2,3352.0,10,9,1,3
509,6,3,1825.4,0,25.4,0.0,3,0,2.5,1,2025-04-13 14:00:00,0.22,2433.9,2573.4,139.5,Moderate Delay,4,0,4,7301.6,0,14,0,3
510,0,2,1289.4,4,20.9,44.4,3,3,3.8,2,2025-01-21 21:00:00,0.58,1719.2,1900.5,181.3,Severe Delay,4,3,3,5157.6,12,21,0,3
511,2,0,1436.3,4,19.4,28.7,2,1,6.7,2,2025-12-10 08:00:00,0.39,1915.1,1999.6,84.5,Slight Delay,2,3,1,2872.6,6,8,1,3
512,3,0,1348.1,1,38.7,1.2,1,1,21.4,1,2025-02-21 14:00:00,0.5,1797.5,1829.6,32.1,On Time,1,1,1,1348.1,1,14,0,3
513,2,0,1824.0,4,38.7,62.0,0,2,2.9,2,2025-02-21 11:00:00,0.51,2432.0,2545.0,113.0,Slight Delay,3,3,2,5472.0,9,11,0,3
514,7,4,392.7,4,16.4,9.3,0,2,29.6,1,2025-03-01 09:00:00,0.5,523.6,605.9,82.3,Slight Delay,3,3,2,1178.1,9,9,1,1
515,7,3,712.2,1,30.9,1.4,2,3,1.8,0,2025-08-13 14:00:00,0.44,949.6,1009.6,60.0,On Time,2,1,3,1424.4,2,14,0,0
516,3,8,277.1,4,33.7,69.4,2,1,48.2,0,2025-07-24 20:00:00,0.38,369.5,420.2,50.7,On Time,2,3,1,554.2,6,20,1,1
517,6,9,1567.3,2,34.6,0.0,3,2,41.8,1,2025-03-27 09:00:00,0.03,2089.7,2245.0,155.3,Moderate Delay,4,2,2,6269.2,8,9,1,3
518,1,7,1430.2,1,16.2,1.2,1,2,25.0,1,2025-09-05 20:00:00,0.55,1906.9,1990.7,83.8,Slight Delay,1,1,2,1430.2,1,20,1,3
519,1,9,310.3,4,32.6,22.5,1,0,8.3,0,2025-09-07 09:00:00,0.41,413.7,466.1,52.4,On Time,1,3,4,310.3,3,9,1,1
520,8,0,1137.9,0,18.8,0.0,1,3,45.8,1,2025-06-10 06:00:00,0.16,1517.2,1548.5,31.3,On Time,1,0,3,1137.9,0,6,0,3
521,0,2,1937.3,2,25.9,0.0,0,1,47.3,0,2025-12-05 13:00:00,0.41,2583.1,2674.1,91.0,Slight Delay,3,2,1,5811.9,6,13,0,3
522,9,4,1595.2,2,14.9,0.0,3,0,7.0,1,2025-11-10 07:00:00,0.39,2126.9,2285.4,158.5,Moderate Delay,4,2,4,6380.8,8,7,1,3
523,7,2,721.0,5,33.0,45.3,3,2,34.0,2,2025-02-08 21:00:00,0.41,961.3,1172.9,211.6,Severe Delay,4,5,2,2884.0,20,21,0,0
524,4,2,1983.4,4,15.7,56.9,0,1,33.9,1,2025-04-25 18:00:00,0.59,2644.5,2780.4,135.9,Moderate Delay,3,3,1,5950.200000000001,9,18,1,3
525,8,2,1565.8,0,41.9,0.0,3,2,19.5,1,2025-08-18 08:00:00,0.38,2087.7,2239.5,151.8,Moderate Delay,4,0,2,6263.2,0,8,1,3
526,9,0,520.6,4,12.4,25.1,1,2,45.7,1,2025-12-01 06:00:00,0.38,694.1,749.4,55.3,On Time,1,3,2,520.6,3,6,0,0
527,3,9,1261.0,3,15.1,66.7,1,1,12.1,2,2025-11-06 15:00:00,0.39,1681.3,1777.7,96.4,Slight Delay,1,4,1,1261.0,4,15,0,3
528,0,5,1998.7,1,17.4,1.3,3,3,33.3,0,2025-01-28 13:00:00,0.58,2664.9,2835.1,170.2,Severe Delay,4,1,3,7994.8,4,13,0,3
529,9,4,1929.4,5,15.7,27.5,3,3,5.5,1,2025-08-20 09:00:00,0.16,2572.5,2766.2,193.7,Severe Delay,4,5,3,7717.6,20,9,1,3
530,3,6,349.7,0,44.5,0.0,0,3,41.1,1,2025-05-30 22:00:00,0.17,466.3,537.6,71.3,Slight Delay,3,0,3,1049.1,0,22,0,1
531,4,3,1003.6,0,39.5,0.0,2,2,22.6,2,2025-07-29 09:00:00,0.43,1338.1,1402.3,64.2,On Time,2,0,2,2007.2,0,9,1,3
532,6,2,1992.5,1,26.6,4.1,1,2,21.9,2,2025-08-23 12:00:00,0.48,2656.7,2726.3,69.6,On Time,1,1,2,1992.5,1,12,0,3
533,4,3,846.4,3,15.1,12.0,1,1,1.3,0,2025-08-23 22:00:00,0.52,1128.5,1221.1,92.6,Slight Delay,1,4,1,846.4,4,22,0,0
534,1,0,304.9,0,10.3,0.0,1,2,1.5,1,2025-09-05 22:00:00,0.35,406.5,429.6,23.1,On Time,1,0,2,304.9,0,22,0,1
535,1,2,896.5,2,35.6,0.0,2,1,12.0,0,2025-12-03 16:00:00,0.49,1195.3,1278.2,82.9,Slight Delay,2,2,1,1793.0,4,16,0,0
536,0,8,1736.7,3,33.4,38.6,2,3,24.7,0,2025-06-25 15:00:00,0.12,2315.6,2428.0,112.4,Slight Delay,2,4,3,3473.4,8,15,0,3
537,9,1,1140.4,1,42.1,4.0,3,3,22.8,1,2025-10-08 16:00:00,0.43,1520.5,1646.4,125.9,Moderate Delay,4,1,3,4561.6,4,16,0,3
538,0,2,1905.5,1,28.7,3.2,2,3,27.4,1,2025-06-26 10:00:00,0.08,2540.7,2611.3,70.6,On Time,2,1,3,3811.0,2,10,1,3
539,1,5,456.5,5,15.8,35.5,0,1,46.4,0,2025-10-15 21:00:00,0.43,608.7,760.9,152.2,Moderate Delay,3,5,1,1369.5,15,21,0,1
540,5,8,236.8,2,43.8,0.0,0,2,9.2,2,2025-09-25 09:00:00,0.39,315.7,413.3,97.6,Slight Delay,3,2,2,710.4000000000001,6,9,1,1
541,7,9,1787.1,1,12.8,1.7,1,1,12.8,2,2025-05-17 11:00:00,0.59,2382.8,2432.6,49.8,On Time,1,1,1,1787.1,1,11,0,3
542,6,4,484.0,1,10.7,4.4,1,3,48.3,2,2025-10-05 07:00:00,0.2,645.3,671.0,25.7,On Time,1,1,3,484.0,1,7,1,1
543,4,0,336.1,0,37.7,0.0,2,2,31.0,2,2025-09-19 15:00:00,0.03,448.1,487.3,39.2,On Time,2,0,2,672.2,0,15,0,1
544,7,9,824.8,3,37.0,41.3,3,3,44.9,1,2025-01-28 06:00:00,0.54,1099.7,1285.2,185.5,Severe Delay,4,4,3,3299.2,16,6,0,0
545,6,2,1614.1,5,39.8,26.7,3,0,47.6,1,2025-12-27 17:00:00,0.03,2152.1,2345.2,193.1,Severe Delay,4,5,4,6456.4,20,17,1,3
546,5,0,1338.6,2,38.8,0.0,2,0,1.2,0,2025-08-18 11:00:00,0.33,1784.8,1891.6,106.8,Slight Delay,2,2,4,2677.2,4,11,0,3
547,3,2,1535.0,1,27.0,0.7,1,2,32.6,2,2025-08-08 14:00:00,0.1,2046.7,2113.7,67.0,On Time,1,1,2,1535.0,1,14,0,3
548,0,6,521.3,1,38.1,4.1,2,3,49.0,2,2025-06-19 20:00:00,0.3,695.1,752.2,57.1,On Time,2,1,3,1042.6,2,20,1,0
549,1,7,197.2,1,24.6,4.3,0,1,42.9,1,2025-11-12 15:00:00,0.06,262.9,300.4,37.5,On Time,3,1,1,591.5999999999999,3,15,0,1
550,9,5,725.0,4,37.6,22.5,1,3,32.1,1,2025-04-23 11:00:00,0.14,966.7,1011.8,45.1,On Time,1,3,3,725.0,3,11,0,0
551,0,3,271.7,5,25.0,17.1,2,2,35.2,1,2025-10-02 18:00:00,0.46,362.3,469.0,106.7,Slight Delay,2,5,2,543.4,10,18,1,1
552,3,8,800.5,1,39.7,2.5,2,3,23.9,0,2025-07-04 15:00:00,0.29,1067.3,1137.4,70.1,On Time,2,1,3,1601.0,2,15,0,0
553,2,5,1154.1,3,18.3,64.5,1,1,24.6,1,2025-06-27 20:00:00,0.2,1538.8,1570.9,32.1,On Time,1,4,1,1154.1,4,20,1,3
554,2,6,89.6,0,21.3,0.0,0,2,27.4,2,2025-07-17 14:00:00,0.33,119.5,183.8,64.3,On Time,3,0,2,268.79999999999995,0,14,0,2
555,0,6,502.1,0,26.0,0.0,0,2,38.1,0,2025-01-23 15:00:00,0.12,669.5,707.5,38.0,On Time,3,0,2,1506.3000000000002,0,15,0,0
556,2,8,1489.2,5,11.8,68.9,1,1,10.3,2,2025-10-03 06:00:00,0.52,1985.6,2113.8,128.2,Moderate Delay,1,5,1,1489.2,5,6,0,3
557,3,6,373.5,2,27.3,0.0,2,2,4.6,2,2025-04-16 19:00:00,0.12,498.0,591.9,93.9,Slight Delay,2,2,2,747.0,4,19,1,1
558,3,2,1324.6,0,44.6,0.0,3,3,13.6,2,2025-02-14 08:00:00,0.4,1766.1,1898.6,132.5,Moderate Delay,4,0,3,5298.4,0,8,1,3
559,7,2,1577.7,4,27.8,27.5,1,0,8.0,0,2025-07-28 18:00:00,0.17,2103.6,2159.1,55.5,On Time,1,3,4,1577.7,3,18,1,3
560,9,8,1867.7,3,32.3,65.1,0,1,23.6,0,2025-12-11 09:00:00,0.22,2490.3,2598.2,107.9,Slight Delay,3,4,1,5603.1,12,9,1,3
561,0,7,985.0,2,31.9,0.0,1,1,47.3,1,2025-02-07 17:00:00,0.35,1313.3,1367.5,54.2,On Time,1,2,1,985.0,2,17,1,0
562,0,3,289.4,4,39.3,16.6,0,1,15.4,0,2025-08-13 18:00:00,0.15,385.9,461.6,75.7,Slight Delay,3,3,1,868.1999999999999,9,18,1,1
563,8,7,130.7,3,15.0,9.0,2,0,31.5,2,2025-07-20 15:00:00,0.03,174.3,261.7,87.4,Slight Delay,2,4,4,261.4,8,15,0,1
564,1,4,1195.1,2,17.4,0.0,0,1,6.3,1,2025-10-12 10:00:00,0.58,1593.5,1683.2,89.7,Slight Delay,3,2,1,3585.2999999999997,6,10,1,3
565,3,7,308.3,0,34.4,0.0,3,1,32.3,0,2025-04-18 17:00:00,0.47,411.1,530.0,118.9,Moderate Delay,4,0,1,1233.2,0,17,1,1
566,2,9,1841.7,2,32.8,0.0,2,0,5.0,2,2025-04-24 14:00:00,0.57,2455.6,2584.1,128.5,Moderate Delay,2,2,4,3683.4,4,14,0,3
567,2,3,264.2,1,24.0,1.8,1,2,38.8,1,2025-10-09 08:00:00,0.48,352.3,387.3,35.0,On Time,1,1,2,264.2,1,8,1,1
568,6,3,746.1,4,13.7,52.1,1,0,6.5,1,2025-10-25 21:00:00,0.59,994.8,1093.5,98.7,Slight Delay,1,3,4,746.1,3,21,0,0
569,4,8,365.5,1,23.3,4.2,2,1,32.4,0,2025-11-14 08:00:00,0.39,487.3,544.4,57.1,On Time,2,1,1,731.0,2,8,1,1
570,2,8,1221.3,3,15.8,64.8,3,3,36.1,1,2025-12-04 15:00:00,0.05,1628.4,1763.8,135.4,Moderate Delay,4,4,3,4885.2,16,15,0,3
571,5,1,1108.8,5,31.7,54.8,0,3,41.9,0,2025-03-28 06:00:00,0.13,1478.4,1634.9,156.5,Moderate Delay,3,5,3,3326.3999999999996,15,6,0,3
572,4,2,212.8,1,20.6,3.2,3,3,17.8,0,2025-03-10 16:00:00,0.56,283.7,410.9,127.2,Moderate Delay,4,1,3,851.2,4,16,0,1
573,9,0,741.8,3,39.5,19.6,0,3,41.4,0,2025-10-10 09:00:00,0.34,989.1,1142.2,153.1,Moderate Delay,3,4,3,2225.3999999999996,12,9,1,0
574,1,3,915.4,4,15.0,34.2,2,0,47.6,0,2025-11-17 08:00:00,0.19,1220.5,1300.5,80.0,Slight Delay,2,3,4,1830.8,6,8,1,0
575,3,7,636.8,5,37.4,38.2,1,2,24.5,1,2025-04-19 07:00:00,0.47,849.1,948.3,99.2,Slight Delay,1,5,2,636.8,5,7,1,0
576,0,6,1058.0,5,33.5,25.2,3,0,14.2,0,2025-07-20 13:00:00,0.56,1410.7,1650.7,240.0,Severe Delay,4,5,4,4232.0,20,13,0,3
577,5,6,1028.8,1,29.1,1.8,3,1,4.5,0,2025-07-06 22:00:00,0.12,1371.7,1467.0,95.3,Slight Delay,4,1,1,4115.2,4,22,0,3
578,7,6,1027.2,5,18.5,60.9,2,0,8.8,0,2025-03-23 11:00:00,0.11,1369.6,1511.9,142.3,Moderate Delay,2,5,4,2054.4,10,11,0,3
579,5,1,1652.5,2,24.6,0.0,3,3,4.1,2,2025-04-23 21:00:00,0.16,2203.3,2370.8,167.5,Moderate Delay,4,2,3,6610.0,8,21,0,3
580,2,3,1843.1,4,43.9,45.5,0,0,23.2,2,2025-12-09 12:00:00,0.57,2457.5,2584.1,126.6,Moderate Delay,3,3,4,5529.299999999999,9,12,0,3
581,0,4,921.8,3,30.4,31.8,3,2,8.6,2,2025-01-21 16:00:00,0.3,1229.1,1439.1,210.0,Severe Delay,4,4,2,3687.2,16,16,0,0
582,3,5,1936.4,2,41.1,0.0,0,3,30.2,1,2025-10-06 11:00:00,0.32,2581.9,2711.3,129.4,Moderate Delay,3,2,3,5809.200000000001,6,11,0,3
583,8,9,1490.4,4,19.8,47.4,1,3,4.9,0,2025-04-25 22:00:00,0.25,1987.2,2056.1,68.9,On Time,1,3,3,1490.4,3,22,0,3
584,8,4,1716.8,4,33.9,71.2,3,2,10.6,1,2025-01-04 22:00:00,0.52,2289.1,2441.9,152.8,Moderate Delay,4,3,2,6867.2,12,22,0,3
585,1,0,1882.6,1,11.7,1.8,2,1,42.9,1,2025-11-26 14:00:00,0.24,2510.1,2593.1,83.0,Slight Delay,2,1,1,3765.2,2,14,0,3
586,2,1,941.2,1,12.0,1.3,2,3,22.1,1,2025-03-02 13:00:00,0.09,1254.9,1308.7,53.8,On Time,2,1,3,1882.4,2,13,0,0
587,8,4,1883.7,2,40.9,0.0,1,2,26.0,1,2025-09-03 21:00:00,0.46,2511.6,2602.0,90.4,Slight Delay,1,2,2,1883.7,2,21,0,3
588,2,1,1938.3,2,26.9,0.0,3,1,3.6,2,2025-01-23 10:00:00,0.33,2584.4,2807.3,222.9,Severe Delay,4,2,1,7753.2,8,10,1,3
589,5,1,398.7,1,31.5,2.0,1,0,2.5,2,2025-03-27 14:00:00,0.21,531.6,584.5,52.9,On Time,1,1,4,398.7,1,14,0,1
590,1,5,159.7,3,42.7,62.5,1,3,33.1,2,2025-04-21 20:00:00,0.49,212.9,306.5,93.6,Slight Delay,1,4,3,159.7,4,20,1,1
591,5,9,251.8,3,28.5,14.5,2,0,29.8,0,2025-11-04 10:00:00,0.29,335.7,423.8,88.1,Slight Delay,2,4,4,503.6,8,10,1,1
592,5,1,1435.1,5,31.1,27.4,0,0,20.8,1,2025-12-18 16:00:00,0.13,1913.5,2044.4,130.9,Moderate Delay,3,5,4,4305.299999999999,15,16,0,3
593,9,3,1565.3,1,17.0,0.4,3,2,24.0,2,2025-02-25 06:00:00,0.01,2087.1,2239.0,151.9,Moderate Delay,4,1,2,6261.2,4,6,0,3
594,2,5,1570.0,5,39.6,64.9,3,0,25.7,1,2025-02-19 11:00:00,0.14,2093.3,2312.5,219.2,Severe Delay,4,5,4,6280.0,20,11,0,3
595,9,7,439.4,5,37.7,19.0,1,1,3.8,0,2025-12-04 10:00:00,0.6,585.9,688.7,102.8,Slight Delay,1,5,1,439.4,5,10,1,1
596,5,0,1778.8,0,26.1,0.0,3,2,30.5,0,2025-01-23 22:00:00,0.11,2371.7,2505.2,133.5,Moderate Delay,4,0,2,7115.2,0,22,0,3
597,8,2,1127.1,3,27.6,15.8,3,3,22.4,1,2025-12-23 09:00:00,0.2,1502.8,1671.0,168.2,Moderate Delay,4,4,3,4508.4,16,9,1,3
598,8,1,1514.8,4,43.4,23.0,3,0,16.5,2,2025-05-26 19:00:00,0.11,2019.7,2164.1,144.4,Moderate Delay,4,3,4,6059.2,12,19,1,3
599,6,2,785.2,0,24.7,0.0,1,1,28.3,1,2025-01-04 18:00:00,0.0,1046.9,1048.0,1.1,On Time,1,0,1,785.2,0,18,1,0
600,2,8,1146.5,3,40.9,75.6,0,1,37.1,2,2025-08-07 14:00:00,0.05,1528.7,1616.8,88.1,Slight Delay,3,4,1,3439.5,12,14,0,3
601,6,5,1585.2,3,25.9,27.6,0,3,19.5,1,2025-07-23 12:00:00,0.51,2113.6,2278.7,165.1,Moderate Delay,3,4,3,4755.6,12,12,0,3
602,8,5,1200.9,5,22.8,65.5,3,0,26.4,0,2025-10-14 21:00:00,0.07,1601.2,1807.2,206.0,Severe Delay,4,5,4,4803.6,20,21,0,3
603,6,4,1532.9,5,18.7,7.7,0,2,5.5,1,2025-03-12 09:00:00,0.44,2043.9,2187.9,144.0,Moderate Delay,3,5,2,4598.700000000001,15,9,1,3
604,2,0,1090.8,2,38.6,0.0,2,1,9.0,2,2025-09-18 18:00:00,0.48,1454.4,1516.2,61.8,On Time,2,2,1,2181.6,4,18,1,3
605,4,5,1338.2,5,28.4,53.0,1,0,17.2,0,2025-11-22 06:00:00,0.54,1784.3,1957.6,173.3,Severe Delay,1,5,4,1338.2,5,6,0,3
606,3,2,550.0,3,24.4,72.4,3,1,44.9,2,2025-05-15 13:00:00,0.41,733.3,873.8,140.5,Moderate Delay,4,4,1,2200.0,16,13,0,0
607,4,3,494.0,5,24.6,23.8,1,2,16.4,0,2025-11-11 22:00:00,0.08,658.7,741.9,83.2,Slight Delay,1,5,2,494.0,5,22,0,1
608,6,7,677.4,1,36.1,0.8,3,2,7.0,2,2025-04-14 22:00:00,0.21,903.2,1014.2,111.0,Slight Delay,4,1,2,2709.6,4,22,0,0
609,6,2,1274.9,0,18.9,0.0,2,0,28.0,1,2025-01-19 17:00:00,0.32,1699.9,1776.5,76.6,Slight Delay,2,0,4,2549.8,0,17,1,3
610,2,7,164.0,1,37.7,1.1,1,3,34.0,0,2025-06-30 18:00:00,0.48,218.7,255.0,36.3,On Time,1,1,3,164.0,1,18,1,1
611,8,2,603.5,5,30.0,60.9,1,1,19.3,2,2025-10-09 15:00:00,0.18,804.7,905.8,101.1,Slight Delay,1,5,1,603.5,5,15,0,0
612,0,4,1651.0,4,40.0,36.1,0,0,4.9,1,2025-04-10 20:00:00,0.26,2201.3,2296.2,94.9,Slight Delay,3,3,4,4953.0,9,20,1,3
613,8,7,866.8,4,30.9,11.7,2,2,17.2,1,2025-02-24 08:00:00,0.05,1155.7,1205.8,50.1,On Time,2,3,2,1733.6,6,8,1,0
614,0,6,1135.1,4,43.0,5.3,1,3,12.3,1,2025-10-22 14:00:00,0.56,1513.5,1594.4,80.9,Slight Delay,1,3,3,1135.1,3,14,0,3
615,9,8,1989.2,5,33.8,10.6,3,0,49.6,0,2025-08-23 20:00:00,0.24,2652.3,2851.6,199.3,Severe Delay,4,5,4,7956.8,20,20,1,3
616,5,7,1153.2,3,45.0,26.5,1,3,14.4,2,2025-07-15 13:00:00,0.1,1537.6,1630.6,93.0,Slight Delay,1,4,3,1153.2,4,13,0,3
617,2,8,479.9,3,40.8,29.6,0,1,6.1,1,2025-05-15 13:00:00,0.52,639.9,759.3,119.4,Moderate Delay,3,4,1,1439.6999999999998,12,13,0,1
618,6,3,128.4,3,22.4,41.1,0,1,25.4,1,2025-04-02 21:00:00,0.19,171.2,279.9,108.7,Slight Delay,3,4,1,385.20000000000005,12,21,0,1
619,4,8,1110.1,1,38.9,1.5,0,0,20.2,1,2025-12-16 12:00:00,0.19,1480.1,1553.4,73.3,Slight Delay,3,1,4,3330.2999999999997,3,12,0,3
620,9,2,238.9,1,17.7,2.3,2,3,21.9,2,2025-04-28 12:00:00,0.48,318.5,393.1,74.6,Slight Delay,2,1,3,477.8,2,12,0,1
621,2,8,123.1,1,10.4,4.0,1,1,24.1,2,2025-12-13 21:00:00,0.08,164.1,180.5,16.4,On Time,1,1,1,123.1,1,21,0,1
622,5,7,1932.2,5,17.5,65.8,1,2,10.3,0,2025-11-14 16:00:00,0.13,2576.3,2692.1,115.8,Moderate Delay,1,5,2,1932.2,5,16,0,3
623,9,6,1838.7,3,41.6,16.7,2,3,18.6,0,2025-04-24 10:00:00,0.37,2451.6,2555.1,103.5,Slight Delay,2,4,3,3677.4,8,10,1,3
624,7,5,908.7,3,31.0,10.4,3,1,11.7,1,2025-06-27 18:00:00,0.56,1211.6,1391.1,179.5,Severe Delay,4,4,1,3634.8,16,18,1,0
625,1,0,564.9,0,41.8,0.0,3,3,31.9,1,2025-01-05 06:00:00,0.04,753.2,858.1,104.9,Slight Delay,4,0,3,2259.6,0,6,0,0
626,2,9,1164.6,5,43.5,42.7,1,3,4.6,0,2025-11-10 14:00:00,0.37,1552.8,1653.0,100.2,Slight Delay,1,5,3,1164.6,5,14,0,3
627,1,5,1542.2,4,19.3,62.5,2,3,10.7,0,2025-11-10 16:00:00,0.19,2056.3,2140.7,84.4,Slight Delay,2,3,3,3084.4,6,16,0,3
628,4,1,932.0,3,41.5,74.8,3,0,19.5,0,2025-12-25 17:00:00,0.3,1242.7,1422.1,179.4,Severe Delay,4,4,4,3728.0,16,17,1,0
629,4,9,474.8,4,17.0,7.8,3,0,32.3,1,2025-03-09 13:00:00,0.16,633.1,754.1,121.0,Moderate Delay,4,3,4,1899.2,12,13,0,1
630,3,4,417.1,1,17.5,1.5,3,2,9.1,2,2025-03-16 10:00:00,0.23,556.1,676.3,120.2,Moderate Delay,4,1,2,1668.4,4,10,1,1
631,9,7,436.3,1,29.8,3.1,3,2,2.5,2,2025-11-19 22:00:00,0.24,581.7,692.8,111.1,Slight Delay,4,1,2,1745.2,4,22,0,1
632,0,4,1896.3,3,26.6,28.8,0,3,38.4,1,2025-10-18 07:00:00,0.3,2528.4,2676.4,148.0,Moderate Delay,3,4,3,5688.9,12,7,1,3
633,8,3,1141.3,2,36.7,0.0,2,1,7.3,2,2025-05-11 21:00:00,0.14,1521.7,1605.6,83.9,Slight Delay,2,2,1,2282.6,4,21,0,3
634,3,0,1361.1,2,34.6,0.0,0,3,47.8,0,2025-07-04 14:00:00,0.32,1814.8,1917.6,102.8,Slight Delay,3,2,3,4083.2999999999997,6,14,0,3
635,4,7,1688.3,3,22.7,54.5,1,3,23.8,1,2025-11-07 12:00:00,0.12,2251.1,2352.2,101.1,Slight Delay,1,4,3,1688.3,4,12,0,3
636,5,0,1547.1,1,11.4,1.0,0,3,27.1,0,2025-12-11 22:00:00,0.56,2062.8,2192.0,129.2,Moderate Delay,3,1,3,4641.299999999999,3,22,0,3
637,9,0,331.6,0,11.1,0.0,3,3,47.4,0,2025-11-20 10:00:00,0.14,442.1,530.4,88.3,Slight Delay,4,0,3,1326.4,0,10,1,1
638,1,8,1250.6,3,11.4,19.0,3,1,41.6,2,2025-03-24 16:00:00,0.46,1667.5,1822.2,154.7,Moderate Delay,4,4,1,5002.4,16,16,0,3
639,2,8,432.3,4,18.8,65.4,0,3,14.3,1,2025-11-27 18:00:00,0.11,576.4,661.9,85.5,Slight Delay,3,3,3,1296.9,9,18,1,1
640,6,0,1637.3,4,43.6,64.4,3,2,30.4,2,2025-04-05 06:00:00,0.3,2183.1,2368.7,185.6,Severe Delay,4,3,2,6549.2,12,6,0,3
641,1,6,582.9,2,30.5,0.0,0,1,29.5,2,2025-03-27 18:00:00,0.27,777.2,873.6,96.4,Slight Delay,3,2,1,1748.6999999999998,6,18,1,0
642,3,1,1299.2,0,15.3,0.0,3,1,46.7,2,2025-07-23 22:00:00,0.23,1732.3,1847.2,114.9,Slight Delay,4,0,1,5196.8,0,22,0,3
643,3,1,1064.0,4,42.5,41.3,2,1,24.8,1,2025-07-19 15:00:00,0.07,1418.7,1501.3,82.6,Slight Delay,2,3,1,2128.0,6,15,0,3
644,2,6,1561.5,2,14.6,0.0,0,2,30.2,1,2025-03-06 10:00:00,0.02,2082.0,2172.2,90.2,Slight Delay,3,2,2,4684.5,6,10,1,3
645,0,1,1253.9,0,12.6,0.0,1,3,25.4,0,2025-09-01 20:00:00,0.11,1671.9,1715.2,43.3,On Time,1,0,3,1253.9,0,20,1,3
646,0,6,978.7,5,32.7,6.4,3,0,32.9,1,2025-10-04 11:00:00,0.37,1304.9,1501.4,196.5,Severe Delay,4,5,4,3914.8,20,11,0,0
647,5,9,271.7,2,22.5,0.0,3,3,29.8,0,2025-09-04 13:00:00,0.5,362.3,489.9,127.6,Moderate Delay,4,2,3,1086.8,8,13,0,1
648,3,0,538.1,4,12.3,7.1,0,2,12.6,0,2025-03-21 15:00:00,0.53,717.5,825.6,108.1,Slight Delay,3,3,2,1614.3000000000002,9,15,0,0
649,7,3,1043.9,5,41.8,65.3,2,3,3.8,0,2025-08-29 06:00:00,0.42,1391.9,1541.4,149.5,Moderate Delay,2,5,3,2087.8,10,6,0,3
650,9,0,159.5,4,19.7,29.3,1,2,47.3,0,2025-11-02 13:00:00,0.17,212.7,225.4,12.7,On Time,1,3,2,159.5,3,13,0,1
651,7,5,1736.4,4,31.9,55.2,2,2,6.8,1,2025-08-12 18:00:00,0.57,2315.2,2430.5,115.3,Moderate Delay,2,3,2,3472.8,6,18,1,3
652,2,1,897.2,2,31.6,0.0,3,2,38.6,2,2025-05-15 08:00:00,0.06,1196.3,1376.4,180.1,Severe Delay,4,2,2,3588.8,8,8,1,0
653,8,2,934.4,5,21.0,48.6,0,3,36.6,1,2025-09-30 14:00:00,0.25,1245.9,1386.9,141.0,Moderate Delay,3,5,3,2803.2,15,14,0,0
654,8,2,498.7,0,26.9,0.0,2,0,44.4,0,2025-02-26 20:00:00,0.23,664.9,720.4,55.5,On Time,2,0,4,997.4,0,20,1,1
655,5,9,436.8,4,27.6,22.5,3,0,20.8,0,2025-01-10 10:00:00,0.47,582.4,752.0,169.6,Severe Delay,4,3,4,1747.2,12,10,1,1
656,7,5,1128.6,0,27.0,0.0,2,1,25.5,0,2025-05-18 10:00:00,0.11,1504.8,1553.7,48.9,On Time,2,0,1,2257.2,0,10,1,3
657,9,7,1895.7,1,22.9,0.7,1,0,26.2,2,2025-09-10 12:00:00,0.07,2527.6,2586.9,59.3,On Time,1,1,4,1895.7,1,12,0,3
658,4,9,358.1,4,19.4,43.2,3,3,7.8,0,2025-12-23 07:00:00,0.37,477.5,659.0,181.5,Severe Delay,4,3,3,1432.4,12,7,1,1
659,4,3,504.5,1,14.6,1.5,1,3,44.8,0,2025-02-06 21:00:00,0.58,672.7,713.9,41.2,On Time,1,1,3,504.5,1,21,0,0
660,1,6,1096.9,4,21.8,40.5,3,1,30.9,2,2025-05-08 18:00:00,0.52,1462.5,1610.7,148.2,Moderate Delay,4,3,1,4387.6,12,18,1,3
661,9,2,1073.2,2,20.0,0.0,1,0,2.8,0,2025-02-18 22:00:00,0.4,1430.9,1553.7,122.8,Moderate Delay,1,2,4,1073.2,2,22,0,3
662,2,0,654.9,3,29.3,8.8,0,3,2.7,2,2025-11-19 07:00:00,0.43,873.2,988.7,115.5,Moderate Delay,3,4,3,1964.6999999999998,12,7,1,0
663,0,5,1615.7,0,12.8,0.0,0,2,10.0,1,2025-06-02 12:00:00,0.23,2154.3,2252.2,97.9,Slight Delay,3,0,2,4847.1,0,12,0,3
664,4,7,1752.5,2,20.6,0.0,2,1,5.2,2,2025-11-21 19:00:00,0.46,2336.7,2433.8,97.1,Slight Delay,2,2,1,3505.0,4,19,1,3
665,4,7,431.5,1,27.6,2.7,0,1,14.5,0,2025-05-05 06:00:00,0.57,575.3,660.4,85.1,Slight Delay,3,1,1,1294.5,3,6,0,1
666,7,0,741.0,2,32.4,0.0,2,3,6.9,2,2025-05-08 11:00:00,0.26,988.0,1072.7,84.7,Slight Delay,2,2,3,1482.0,4,11,0,0
667,9,3,609.2,2,37.6,0.0,0,1,2.0,2,2025-07-02 10:00:00,0.58,812.3,937.9,125.6,Moderate Delay,3,2,1,1827.6000000000001,6,10,1,0
668,0,3,896.6,1,43.2,1.2,3,0,26.8,0,2025-10-13 17:00:00,0.29,1195.5,1302.9,107.4,Slight Delay,4,1,4,3586.4,4,17,1,0
669,9,2,394.5,0,30.1,0.0,3,3,11.2,1,2025-03-10 14:00:00,0.52,526.0,642.0,116.0,Moderate Delay,4,0,3,1578.0,0,14,0,1
670,7,0,1076.6,2,43.0,0.0,3,3,20.1,1,2025-12-23 21:00:00,0.42,1435.5,1581.1,145.6,Moderate Delay,4,2,3,4306.4,8,21,0,3
671,2,1,1419.2,5,42.9,29.7,0,3,2.6,1,2025-08-28 14:00:00,0.3,1892.3,2074.7,182.4,Severe Delay,3,5,3,4257.6,15,14,0,3
672,5,0,1414.9,1,25.9,2.7,1,0,42.6,0,2025-06-01 14:00:00,0.29,1886.5,1948.6,62.1,On Time,1,1,4,1414.9,1,14,0,3
673,0,4,1354.9,3,32.2,12.5,1,2,30.4,1,2025-04-05 06:00:00,0.07,1806.5,1859.0,52.5,On Time,1,4,2,1354.9,4,6,0,3
674,5,4,1974.5,5,29.6,56.6,2,3,16.6,1,2025-02-02 18:00:00,0.06,2632.7,2784.7,152.0,Moderate Delay,2,5,3,3949.0,10,18,1,3
675,2,5,1624.3,2,28.8,0.0,3,0,14.3,1,2025-05-25 16:00:00,0.04,2165.7,2333.3,167.6,Moderate Delay,4,2,4,6497.2,8,16,0,3
676,8,4,820.9,0,22.7,0.0,1,1,11.2,2,2025-03-08 11:00:00,0.4,1094.5,1150.1,55.6,On Time,1,0,1,820.9,0,11,0,0
677,7,6,523.2,0,38.9,0.0,3,0,24.5,2,2025-01-17 18:00:00,0.33,697.6,794.8,97.2,Slight Delay,4,0,4,2092.8,0,18,1,0
678,9,5,843.2,5,26.4,32.6,0,1,5.5,0,2025-04-24 08:00:00,0.19,1124.3,1280.0,155.7,Moderate Delay,3,5,1,2529.6000000000004,15,8,1,0
679,7,6,436.5,2,10.8,0.0,3,1,44.9,0,2025-11-24 07:00:00,0.13,582.0,689.6,107.6,Slight Delay,4,2,1,1746.0,8,7,1,1
680,4,5,692.5,2,34.8,0.0,3,3,28.1,1,2025-01-30 14:00:00,0.15,923.3,1033.7,110.4,Slight Delay,4,2,3,2770.0,8,14,0,0
681,0,7,1215.9,2,40.5,0.0,1,3,49.9,2,2025-04-21 22:00:00,0.36,1621.2,1702.6,81.4,Slight Delay,1,2,3,1215.9,2,22,0,3
682,3,1,759.4,2,23.4,0.0,2,2,41.9,2,2025-04-09 22:00:00,0.39,1012.5,1117.4,104.9,Slight Delay,2,2,2,1518.8,4,22,0,0
683,2,1,1035.2,5,23.9,42.3,3,1,33.5,1,2025-10-23 17:00:00,0.01,1380.3,1521.5,141.2,Moderate Delay,4,5,1,4140.8,20,17,1,3
684,9,8,1363.7,0,24.7,0.0,2,0,48.1,1,2025-07-25 22:00:00,0.36,1818.3,1883.5,65.2,On Time,2,0,4,2727.4,0,22,0,3
685,4,1,1725.0,5,12.7,10.4,3,3,42.6,0,2025-10-09 16:00:00,0.13,2300.0,2505.1,205.1,Severe Delay,4,5,3,6900.0,20,16,0,3
686,4,9,841.7,2,21.4,0.0,3,3,30.5,1,2025-05-04 12:00:00,0.56,1122.3,1311.3,189.0,Severe Delay,4,2,3,3366.8,8,12,0,0
687,8,5,1644.7,2,20.0,0.0,0,3,12.3,0,2025-08-18 18:00:00,0.47,2192.9,2343.6,150.7,Moderate Delay,3,2,3,4934.1,6,18,1,3
688,7,3,1179.0,4,29.2,53.0,1,0,13.3,0,2025-01-04 15:00:00,0.05,1572.0,1621.8,49.8,On Time,1,3,4,1179.0,3,15,0,3
689,2,6,1582.3,4,22.3,35.3,1,3,20.0,1,2025-09-19 10:00:00,0.12,2109.7,2151.7,42.0,On Time,1,3,3,1582.3,3,10,1,3
690,3,7,1662.7,3,34.6,75.9,0,0,20.7,2,2025-05-16 17:00:00,0.4,2216.9,2378.7,161.8,Moderate Delay,3,4,4,4988.1,12,17,1,3
691,5,2,1066.6,1,38.4,3.7,0,3,33.4,2,2025-10-20 18:00:00,0.07,1422.1,1525.8,103.7,Slight Delay,3,1,3,3199.7999999999997,3,18,1,3
692,5,2,313.2,2,36.1,0.0,1,3,0.9,0,2025-03-30 21:00:00,0.1,417.6,455.8,38.2,On Time,1,2,3,313.2,2,21,0,1
693,5,3,800.8,5,10.0,14.0,0,1,27.0,1,2025-10-23 18:00:00,0.41,1067.7,1201.0,133.3,Moderate Delay,3,5,1,2402.3999999999996,15,18,1,0
694,3,7,1791.6,4,14.1,79.3,0,2,10.9,0,2025-03-03 13:00:00,0.01,2388.8,2488.0,99.2,Slight Delay,3,3,2,5374.799999999999,9,13,0,3
695,5,7,1810.0,2,21.2,0.0,3,1,33.7,0,2025-09-26 07:00:00,0.11,2413.3,2544.5,131.2,Moderate Delay,4,2,1,7240.0,8,7,1,3
696,4,5,505.7,5,25.7,29.0,2,3,37.3,1,2025-12-24 13:00:00,0.58,674.3,822.0,147.7,Moderate Delay,2,5,3,1011.4,10,13,0,0
697,1,7,1036.6,2,32.8,0.0,3,2,44.5,1,2025-10-22 22:00:00,0.26,1382.1,1545.9,163.8,Moderate Delay,4,2,2,4146.4,8,22,0,3
698,3,6,1254.2,3,12.0,6.8,0,2,22.8,2,2025-03-09 16:00:00,0.2,1672.3,1797.0,124.7,Moderate Delay,3,4,2,3762.6000000000004,12,16,0,3
699,3,0,416.3,5,21.2,49.4,1,2,4.1,0,2025-02-13 18:00:00,0.09,555.1,627.9,72.8,Slight Delay,1,5,2,416.3,5,18,1,1
700,0,8,1291.7,2,11.3,0.0,2,0,31.3,0,2025-10-14 12:00:00,0.47,1722.3,1862.0,139.7,Moderate Delay,2,2,4,2583.4,4,12,0,3
701,9,8,1744.5,2,22.0,0.0,2,0,38.6,2,2025-02-06 14:00:00,0.34,2326.0,2484.7,158.7,Moderate Delay,2,2,4,3489.0,4,14,0,3
702,8,4,975.2,2,13.3,0.0,1,1,38.5,1,2025-07-31 19:00:00,0.45,1300.3,1371.4,71.1,Slight Delay,1,2,1,975.2,2,19,1,0
703,4,8,528.2,1,30.8,4.7,0,3,34.1,1,2025-12-02 06:00:00,0.25,704.3,770.3,66.0,On Time,3,1,3,1584.6000000000001,3,6,0,0
704,6,1,117.3,4,11.1,46.6,3,0,38.2,0,2025-01-23 13:00:00,0.32,156.4,284.8,128.4,Moderate Delay,4,3,4,469.2,12,13,0,1
705,2,8,163.3,1,43.4,1.1,1,1,46.2,1,2025-01-28 13:00:00,0.26,217.7,233.7,16.0,On Time,1,1,1,163.3,1,13,0,1
706,5,1,1868.7,4,29.0,44.6,1,3,7.5,1,2025-02-26 15:00:00,0.0,2491.6,2565.7,74.1,Slight Delay,1,3,3,1868.7,3,15,0,3
707,9,0,1337.2,0,12.8,0.0,0,0,30.4,1,2025-10-03 12:00:00,0.1,1782.9,1852.4,69.5,On Time,3,0,4,4011.6000000000004,0,12,0,3
708,2,5,1331.5,5,15.5,56.6,0,2,6.8,1,2025-03-14 06:00:00,0.26,1775.3,1948.4,173.1,Severe Delay,3,5,2,3994.5,15,6,0,3
709,8,5,409.0,0,31.5,0.0,0,0,4.8,2,2025-05-26 12:00:00,0.23,545.3,632.2,86.9,Slight Delay,3,0,4,1227.0,0,12,0,1
710,5,6,1017.7,0,34.8,0.0,3,1,12.8,2,2025-07-18 14:00:00,0.19,1356.9,1451.1,94.2,Slight Delay,4,0,1,4070.8,0,14,0,3
711,4,3,1046.1,0,25.9,0.0,0,2,2.0,2,2025-07-14 22:00:00,0.53,1394.8,1519.0,124.2,Moderate Delay,3,0,2,3138.2999999999997,0,22,0,3
712,3,8,1106.9,3,17.7,37.2,1,0,32.8,2,2025-09-14 20:00:00,0.44,1475.9,1556.1,80.2,Slight Delay,1,4,4,1106.9,4,20,1,3
713,0,7,94.9,0,14.3,0.0,2,3,49.3,0,2025-09-08 18:00:00,0.19,126.5,146.3,19.8,On Time,2,0,3,189.8,0,18,1,2
714,1,7,1041.6,4,18.9,75.5,0,3,45.3,1,2025-06-04 13:00:00,0.34,1388.8,1489.6,100.8,Slight Delay,3,3,3,3124.7999999999997,9,13,0,3
715,0,6,1716.3,0,43.0,0.0,0,2,17.1,2,2025-10-12 14:00:00,0.34,2288.4,2381.4,93.0,Slight Delay,3,0,2,5148.9,0,14,0,3
716,2,1,1219.3,4,34.2,33.7,3,0,43.5,2,2025-07-15 22:00:00,0.34,1625.7,1766.6,140.9,Moderate Delay,4,3,4,4877.2,12,22,0,3
717,5,2,1667.7,3,27.3,13.9,2,0,1.2,0,2025-06-09 16:00:00,0.18,2223.6,2333.0,109.4,Slight Delay,2,4,4,3335.4,8,16,0,3
718,9,5,290.0,1,16.9,0.3,2,0,10.3,1,2025-10-05 12:00:00,0.01,386.7,420.9,34.2,On Time,2,1,4,580.0,2,12,0,1
719,1,4,728.5,2,10.3,0.0,2,2,42.0,2,2025-12-02 11:00:00,0.02,971.3,1070.4,99.1,Slight Delay,2,2,2,1457.0,4,11,0,0
720,4,3,108.6,5,11.9,39.3,1,0,27.7,0,2025-03-16 06:00:00,0.53,144.8,225.5,80.7,Slight Delay,1,5,4,108.6,5,6,0,1
721,4,9,812.3,3,15.3,42.8,0,2,40.2,1,2025-11-23 14:00:00,0.26,1083.1,1207.3,124.2,Moderate Delay,3,4,2,2436.8999999999996,12,14,0,0
722,1,6,457.9,0,19.4,0.0,2,0,40.3,2,2025-11-10 14:00:00,0.03,610.5,665.4,54.9,On Time,2,0,4,915.8,0,14,0,1
723,5,2,1763.7,5,24.5,45.3,2,0,2.9,1,2025-01-14 17:00:00,0.0,2351.6,2467.9,116.3,Moderate Delay,2,5,4,3527.4,10,17,1,3
724,3,0,373.3,1,12.8,4.7,3,3,13.4,2,2025-07-18 21:00:00,0.51,497.7,666.9,169.2,Severe Delay,4,1,3,1493.2,4,21,0,1
725,9,1,1201.5,1,21.8,1.3,2,0,6.5,2,2025-07-29 06:00:00,0.31,1602.0,1672.6,70.6,On Time,2,1,4,2403.0,2,6,0,3
726,6,9,1257.4,1,35.5,4.7,2,0,14.3,2,2025-04-01 20:00:00,0.57,1676.5,1777.8,101.3,Slight Delay,2,1,4,2514.8,2,20,1,3
727,5,9,1345.3,2,39.1,0.0,0,2,7.9,2,2025-08-07 18:00:00,0.02,1793.7,1900.4,106.7,Slight Delay,3,2,2,4035.8999999999996,6,18,1,3
728,7,9,1792.3,2,44.4,0.0,0,2,32.0,1,2025-10-20 22:00:00,0.1,2389.7,2519.3,129.6,Moderate Delay,3,2,2,5376.9,6,22,0,3
729,7,5,1468.8,0,34.8,0.0,3,2,10.4,2,2025-05-06 22:00:00,0.13,1958.4,2096.6,138.2,Moderate Delay,4,0,2,5875.2,0,22,0,3
730,0,8,1680.5,2,32.9,0.0,1,2,11.8,1,2025-11-19 07:00:00,0.16,2240.7,2296.7,56.0,On Time,1,2,2,1680.5,2,7,1,3
731,2,4,1818.7,3,13.7,59.0,3,3,34.5,0,2025-08-25 11:00:00,0.06,2424.9,2621.1,196.2,Severe Delay,4,4,3,7274.8,16,11,0,3
732,8,6,1682.0,5,25.7,52.8,1,0,11.5,0,2025-11-27 20:00:00,0.41,2242.7,2407.3,164.6,Moderate Delay,1,5,4,1682.0,5,20,1,3
733,3,5,1005.8,0,39.5,0.0,2,0,40.2,0,2025-07-31 16:00:00,0.25,1341.1,1398.8,57.7,On Time,2,0,4,2011.6,0,16,0,3
734,9,7,1291.6,1,18.6,0.5,3,0,39.8,0,2025-02-16 14:00:00,0.06,1722.1,1891.2,169.1,Severe Delay,4,1,4,5166.4,4,14,0,3
735,4,1,551.2,2,11.4,0.0,1,1,35.4,2,2025-12-28 20:00:00,0.27,734.9,781.7,46.8,On Time,1,2,1,551.2,2,20,1,0
736,4,3,1921.3,5,34.3,65.1,3,0,20.2,0,2025-10-09 18:00:00,0.2,2561.7,2766.2,204.5,Severe Delay,4,5,4,7685.2,20,18,1,3
737,7,2,1898.3,4,15.9,77.4,2,0,1.2,2,2025-04-02 07:00:00,0.29,2531.1,2644.9,113.8,Slight Delay,2,3,4,3796.6,6,7,1,3
738,8,6,1669.9,4,18.7,50.7,3,3,29.5,1,2025-04-03 09:00:00,0.22,2226.5,2362.3,135.8,Moderate Delay,4,3,3,6679.6,12,9,1,3
739,1,6,1372.5,0,33.1,0.0,0,1,47.6,0,2025-09-12 21:00:00,0.44,1830.0,1929.1,99.1,Slight Delay,3,0,1,4117.5,0,21,0,3
740,0,7,1812.5,5,12.9,19.3,3,0,22.3,2,2025-10-29 21:00:00,0.35,2416.7,2673.6,256.9,Severe Delay,4,5,4,7250.0,20,21,0,3
741,9,8,1216.7,3,16.9,42.1,1,1,37.2,2,2025-10-08 14:00:00,0.46,1622.3,1730.4,108.1,Slight Delay,1,4,1,1216.7,4,14,0,3
742,5,0,499.5,1,16.0,2.6,1,0,14.9,2,2025-01-29 17:00:00,0.38,666.0,697.3,31.3,On Time,1,1,4,499.5,1,17,1,1
743,7,2,1868.6,0,40.4,0.0,0,3,12.1,2,2025-01-26 09:00:00,0.47,2491.5,2621.1,129.6,Moderate Delay,3,0,3,5605.799999999999,0,9,1,3
744,8,1,1087.2,1,20.1,0.6,0,0,35.3,0,2025-10-24 17:00:00,0.39,1449.6,1564.1,114.5,Slight Delay,3,1,4,3261.6000000000004,3,17,1,3
745,7,1,655.5,4,18.8,45.1,0,3,41.3,0,2025-02-04 19:00:00,0.06,874.0,986.1,112.1,Slight Delay,3,3,3,1966.5,9,19,1,0
746,0,3,1926.3,4,14.4,36.5,3,0,24.3,2,2025-12-22 14:00:00,0.23,2568.4,2708.5,140.1,Moderate Delay,4,3,4,7705.2,12,14,0,3
747,4,5,1635.7,3,38.1,41.5,2,0,15.3,1,2025-01-30 09:00:00,0.38,2180.9,2269.1,88.2,Slight Delay,2,4,4,3271.4,8,9,1,3
748,5,0,497.2,0,42.8,0.0,3,3,26.2,0,2025-11-08 16:00:00,0.22,662.9,760.4,97.5,Slight Delay,4,0,3,1988.8,0,16,0,1
749,6,5,647.0,5,33.7,26.7,0,0,29.1,1,2025-10-16 21:00:00,0.04,862.7,981.3,118.6,Moderate Delay,3,5,4,1941.0,15,21,0,0
750,0,9,135.9,3,20.7,16.8,2,0,9.1,1,2025-05-29 12:00:00,0.46,181.2,265.6,84.4,Slight Delay,2,4,4,271.8,8,12,0,1
751,7,1,640.5,0,20.3,0.0,3,1,36.8,1,2025-04-17 19:00:00,0.52,854.0,939.5,85.5,Slight Delay,4,0,1,2562.0,0,19,1,0
752,8,7,1186.9,4,28.4,20.2,0,0,22.9,2,2025-11-24 12:00:00,0.48,1582.5,1716.9,134.4,Moderate Delay,3,3,4,3560.7000000000003,9,12,0,3
753,6,4,1265.7,0,15.3,0.0,0,3,35.7,1,2025-10-09 16:00:00,0.41,1687.6,1784.2,96.6,Slight Delay,3,0,3,3797.1000000000004,0,16,0,3
754,7,1,1599.6,2,42.3,0.0,0,3,48.9,0,2025-10-19 06:00:00,0.01,2132.8,2242.9,110.1,Slight Delay,3,2,3,4798.799999999999,6,6,0,3
755,1,6,1235.1,4,37.8,11.4,0,2,9.6,0,2025-01-19 10:00:00,0.46,1646.8,1778.7,131.9,Moderate Delay,3,3,2,3705.2999999999997,9,10,1,3
756,9,1,698.1,2,13.8,0.0,3,3,3.9,0,2025-07-31 07:00:00,0.35,930.8,1103.4,172.6,Severe Delay,4,2,3,2792.4,8,7,1,0
757,0,6,72.4,5,21.7,78.2,0,1,43.7,2,2025-10-23 16:00:00,0.2,96.5,231.2,134.7,Moderate Delay,3,5,1,217.20000000000002,15,16,0,2
758,4,3,1392.6,1,12.5,0.9,0,1,38.7,0,2025-07-12 11:00:00,0.5,1856.8,1976.4,119.6,Moderate Delay,3,1,1,4177.799999999999,3,11,0,3
759,5,8,532.9,1,34.8,1.1,1,3,2.5,1,2025-06-11 07:00:00,0.12,710.5,721.0,10.5,On Time,1,1,3,532.9,1,7,1,0
760,6,9,611.4,0,40.3,0.0,3,0,37.5,0,2025-08-20 15:00:00,0.51,815.2,947.9,132.7,Moderate Delay,4,0,4,2445.6,0,15,0,0
761,2,5,148.7,4,38.9,14.4,2,1,45.2,0,2025-01-20 12:00:00,0.52,198.3,261.1,62.8,On Time,2,3,1,297.4,6,12,0,1
762,3,0,1883.1,5,27.0,39.7,1,2,39.4,1,2025-03-20 12:00:00,0.49,2510.8,2689.7,178.9,Severe Delay,1,5,2,1883.1,5,12,0,3
763,4,0,1626.1,2,11.1,0.0,0,3,23.7,2,2025-02-20 22:00:00,0.39,2168.1,2290.3,122.2,Moderate Delay,3,2,3,4878.299999999999,6,22,0,3
764,1,6,1071.1,2,11.8,0.0,1,2,8.3,0,2025-09-25 09:00:00,0.49,1428.1,1505.5,77.4,Slight Delay,1,2,2,1071.1,2,9,1,3
765,7,4,905.7,0,37.6,0.0,1,3,31.1,0,2025-01-24 09:00:00,0.07,1207.6,1232.3,24.7,On Time,1,0,3,905.7,0,9,1,0
766,0,6,469.1,0,30.1,0.0,0,0,21.5,0,2025-04-13 12:00:00,0.31,625.5,710.3,84.8,Slight Delay,3,0,4,1407.3000000000002,0,12,0,1
767,6,4,1951.5,5,21.7,49.6,0,2,5.0,1,2025-03-02 14:00:00,0.36,2602.0,2771.1,169.1,Severe Delay,3,5,2,5854.5,15,14,0,3
768,1,2,1719.6,4,43.5,42.4,1,1,46.6,1,2025-10-14 22:00:00,0.35,2292.8,2358.1,65.3,On Time,1,3,1,1719.6,3,22,0,3
769,3,6,1029.3,5,23.3,38.6,0,3,49.0,0,2025-03-14 15:00:00,0.21,1372.4,1511.4,139.0,Moderate Delay,3,5,3,3087.8999999999996,15,15,0,3
770,5,2,1152.2,1,18.9,1.1,1,3,1.1,1,2025-06-23 20:00:00,0.08,1536.3,1576.2,39.9,On Time,1,1,3,1152.2,1,20,1,3
771,7,2,414.2,0,30.6,0.0,3,1,3.7,2,2025-07-16 07:00:00,0.52,552.3,644.3,92.0,Slight Delay,4,0,1,1656.8,0,7,1,1
772,3,9,429.5,3,32.9,36.2,2,2,9.4,1,2025-07-02 15:00:00,0.41,572.7,669.4,96.7,Slight Delay,2,4,2,859.0,8,15,0,1
773,4,2,247.7,2,34.3,0.0,1,2,22.4,1,2025-03-09 08:00:00,0.57,330.3,397.1,66.8,On Time,1,2,2,247.7,2,8,1,1
774,9,3,1991.3,3,18.8,37.8,0,2,26.2,0,2025-04-29 13:00:00,0.18,2655.1,2762.5,107.4,Slight Delay,3,4,2,5973.9,12,13,0,3
775,1,4,1749.0,4,34.7,11.4,3,0,32.7,1,2025-12-07 16:00:00,0.39,2332.0,2513.4,181.4,Severe Delay,4,3,4,6996.0,12,16,0,3
776,4,0,201.1,3,28.0,22.4,1,1,9.5,0,2025-02-27 17:00:00,0.49,268.1,352.2,84.1,Slight Delay,1,4,1,201.1,4,17,1,1
777,9,0,1988.7,1,29.4,0.9,0,3,16.1,1,2025-10-22 10:00:00,0.25,2651.6,2742.1,90.5,Slight Delay,3,1,3,5966.1,3,10,1,3
778,0,3,387.3,3,32.8,58.4,1,3,34.6,1,2025-11-29 08:00:00,0.19,516.4,590.9,74.5,Slight Delay,1,4,3,387.3,4,8,1,1
779,6,5,915.6,3,24.9,16.8,3,2,21.6,2,2025-11-14 13:00:00,0.32,1220.8,1399.7,178.9,Severe Delay,4,4,2,3662.4,16,13,0,0
780,0,1,1091.8,3,21.3,15.2,3,1,44.4,0,2025-04-17 19:00:00,0.28,1455.7,1640.8,185.1,Severe Delay,4,4,1,4367.2,16,19,1,3
781,8,4,808.1,5,28.0,65.2,2,0,19.0,1,2025-12-09 08:00:00,0.23,1077.5,1202.3,124.8,Moderate Delay,2,5,4,1616.2,10,8,1,0
782,5,9,152.8,0,30.8,0.0,3,3,38.7,1,2025-02-19 20:00:00,0.5,203.7,334.1,130.4,Moderate Delay,4,0,3,611.2,0,20,1,1
783,1,4,1093.2,3,42.2,72.5,1,1,22.7,1,2025-11-02 18:00:00,0.16,1457.6,1521.6,64.0,On Time,1,4,1,1093.2,4,18,1,3
784,4,0,362.2,2,22.1,0.0,1,1,3.5,2,2025-03-13 06:00:00,0.16,482.9,529.1,46.2,On Time,1,2,1,362.2,2,6,0,1
785,1,2,1749.7,3,36.7,43.5,0,2,33.7,1,2025-10-23 20:00:00,0.51,2332.9,2458.8,125.9,Moderate Delay,3,4,2,5249.1,12,20,1,3
786,2,6,1050.6,2,32.9,0.0,0,3,21.2,1,2025-12-14 15:00:00,0.43,1400.8,1527.4,126.6,Moderate Delay,3,2,3,3151.7999999999997,6,15,0,3
787,8,4,514.7,0,32.4,0.0,1,2,43.9,2,2025-05-31 07:00:00,0.25,686.3,735.3,49.0,On Time,1,0,2,514.7,0,7,1,0
788,4,5,60.4,0,31.2,0.0,1,3,14.2,2,2025-05-25 06:00:00,0.52,80.5,114.7,34.2,On Time,1,0,3,60.4,0,6,0,2
789,2,9,830.3,2,20.1,0.0,3,3,40.5,1,2025-07-15 18:00:00,0.48,1107.1,1266.6,159.5,Moderate Delay,4,2,3,3321.2,8,18,1,0
790,8,9,1081.7,5,25.7,38.0,2,0,5.0,0,2025-03-13 12:00:00,0.43,1442.3,1561.1,118.8,Moderate Delay,2,5,4,2163.4,10,12,0,3
791,0,8,755.5,4,25.7,45.3,3,0,10.6,0,2025-12-10 10:00:00,0.09,1007.3,1156.0,148.7,Moderate Delay,4,3,4,3022.0,12,10,1,0
792,1,7,1419.9,0,16.2,0.0,1,0,13.0,1,2025-09-07 19:00:00,0.49,1893.2,1958.3,65.1,On Time,1,0,4,1419.9,0,19,1,3
793,1,3,664.5,1,15.0,3.5,3,2,26.9,1,2025-11-06 19:00:00,0.09,886.0,984.4,98.4,Slight Delay,4,1,2,2658.0,4,19,1,0
794,5,1,192.1,3,17.8,19.1,3,2,21.7,0,2025-07-01 13:00:00,0.39,256.1,402.9,146.8,Moderate Delay,4,4,2,768.4,16,13,0,1
795,1,9,1187.2,5,26.5,48.0,1,2,46.4,1,2025-05-02 22:00:00,0.5,1582.9,1697.6,114.7,Slight Delay,1,5,2,1187.2,5,22,0,3
796,6,9,1452.7,5,38.2,26.7,0,1,33.4,2,2025-10-18 21:00:00,0.26,1936.9,2127.8,190.9,Severe Delay,3,5,1,4358.1,15,21,0,3
797,4,3,1001.5,5,21.0,61.5,3,1,11.4,2,2025-09-27 14:00:00,0.23,1335.3,1529.2,193.9,Severe Delay,4,5,1,4006.0,20,14,0,3
798,9,5,1491.8,0,18.8,0.0,1,0,23.0,0,2025-11-19 08:00:00,0.23,1989.1,2026.2,37.1,On Time,1,0,4,1491.8,0,8,1,3
799,0,6,1206.7,5,24.7,37.4,1,3,3.2,1,2025-01-06 21:00:00,0.31,1608.9,1694.3,85.4,Slight Delay,1,5,3,1206.7,5,21,0,3
800,9,5,517.8,3,16.1,76.8,0,2,42.8,0,2025-05-31 15:00:00,0.14,690.4,788.5,98.1,Slight Delay,3,4,2,1553.3999999999999,12,15,0,0
801,1,7,1055.9,2,41.5,0.0,0,3,8.6,2,2025-11-19 21:00:00,0.48,1407.9,1528.1,120.2,Moderate Delay,3,2,3,3167.7000000000003,6,21,0,3
802,5,1,834.6,5,43.2,14.5,1,3,48.7,1,2025-11-16 06:00:00,0.14,1112.8,1209.0,96.2,Slight Delay,1,5,3,834.6,5,6,0,0
803,6,0,1324.5,0,29.8,0.0,2,1,23.9,0,2025-05-10 10:00:00,0.3,1766.0,1823.6,57.6,On Time,2,0,1,2649.0,0,10,1,3
804,5,6,885.8,4,24.1,15.3,0,1,25.6,1,2025-02-27 11:00:00,0.08,1181.1,1254.5,73.4,Slight Delay,3,3,1,2657.3999999999996,9,11,0,0
805,5,1,1379.6,2,39.4,0.0,3,3,21.0,2,2025-05-14 13:00:00,0.46,1839.5,2010.4,170.9,Severe Delay,4,2,3,5518.4,8,13,0,3
806,9,1,1424.4,5,30.5,31.8,1,3,29.1,2,2025-03-16 10:00:00,0.21,1899.2,1984.2,85.0,Slight Delay,1,5,3,1424.4,5,10,1,3
807,9,8,617.6,3,32.8,29.7,2,2,19.9,1,2025-11-23 11:00:00,0.16,823.5,906.2,82.7,Slight Delay,2,4,2,1235.2,8,11,0,0
808,2,8,1176.8,0,42.2,0.0,0,1,2.9,2,2025-03-27 20:00:00,0.34,1569.1,1634.4,65.3,On Time,3,0,1,3530.3999999999996,0,20,1,3
809,8,0,1867.6,4,33.0,37.9,3,0,2.7,0,2025-12-16 18:00:00,0.55,2490.1,2660.8,170.7,Severe Delay,4,3,4,7470.4,12,18,1,3
810,9,6,1021.4,1,38.6,4.3,3,1,31.0,0,2025-08-18 18:00:00,0.01,1361.9,1474.2,112.3,Slight Delay,4,1,1,4085.6,4,18,1,3
811,4,5,1835.9,2,14.7,0.0,1,1,33.7,1,2025-11-23 17:00:00,0.0,2447.9,2510.2,62.3,On Time,1,2,1,1835.9,2,17,1,3
812,8,6,897.0,4,11.2,29.0,0,3,40.6,2,2025-05-11 18:00:00,0.41,1196.0,1292.7,96.7,Slight Delay,3,3,3,2691.0,9,18,1,0
813,9,2,1666.9,2,44.3,0.0,2,3,24.9,1,2025-12-20 11:00:00,0.01,2222.5,2292.3,69.8,On Time,2,2,3,3333.8,4,11,0,3
814,4,5,1565.4,0,36.4,0.0,1,1,30.5,2,2025-07-30 09:00:00,0.38,2087.2,2159.5,72.3,Slight Delay,1,0,1,1565.4,0,9,1,3
815,0,3,1558.4,2,40.5,0.0,3,3,11.2,2,2025-05-26 14:00:00,0.05,2077.9,2233.3,155.4,Moderate Delay,4,2,3,6233.6,8,14,0,3
816,2,7,1238.1,0,39.0,0.0,1,1,8.3,1,2025-12-03 12:00:00,0.36,1650.8,1697.1,46.3,On Time,1,0,1,1238.1,0,12,0,3
817,5,3,470.3,2,16.0,0.0,1,1,33.5,1,2025-03-08 18:00:00,0.37,627.1,653.2,26.1,On Time,1,2,1,470.3,2,18,1,1
818,5,1,1729.9,0,42.5,0.0,2,3,15.5,0,2025-08-28 08:00:00,0.52,2306.5,2386.7,80.2,Slight Delay,2,0,3,3459.8,0,8,1,3
819,9,6,1651.7,3,10.2,47.4,0,3,17.3,2,2025-02-07 14:00:00,0.19,2202.3,2341.2,138.9,Moderate Delay,3,4,3,4955.1,12,14,0,3
820,7,9,43.1,3,29.5,54.6,0,1,29.8,0,2025-05-16 11:00:00,0.44,57.5,161.4,103.9,Slight Delay,3,4,1,129.3,12,11,0,2
821,9,3,177.7,3,25.0,46.6,2,2,16.8,2,2025-11-27 21:00:00,0.43,236.9,341.6,104.7,Slight Delay,2,4,2,355.4,8,21,0,1
822,3,2,1399.1,5,23.2,75.7,3,0,41.0,1,2025-11-26 09:00:00,0.35,1865.5,2043.3,177.8,Severe Delay,4,5,4,5596.4,20,9,1,3
823,9,6,1039.6,0,15.8,0.0,1,1,48.9,2,2025-10-20 14:00:00,0.06,1386.1,1400.3,14.2,On Time,1,0,1,1039.6,0,14,0,3
824,9,7,616.3,3,30.2,42.4,2,1,29.2,2,2025-12-07 18:00:00,0.17,821.7,901.4,79.7,Slight Delay,2,4,1,1232.6,8,18,1,0
825,6,1,225.5,2,38.5,0.0,0,2,2.4,1,2025-01-02 22:00:00,0.4,300.7,414.5,113.8,Slight Delay,3,2,2,676.5,6,22,0,1
826,9,0,246.8,3,44.9,36.9,3,1,17.7,1,2025-04-26 06:00:00,0.43,329.1,458.0,128.9,Moderate Delay,4,4,1,987.2,16,6,0,1
827,8,0,1695.3,0,35.8,0.0,0,3,11.0,1,2025-06-05 18:00:00,0.09,2260.4,2363.3,102.9,Slight Delay,3,0,3,5085.9,0,18,1,3
828,7,1,1907.2,4,28.1,66.4,0,1,27.6,0,2025-05-29 12:00:00,0.02,2542.9,2630.9,88.0,Slight Delay,3,3,1,5721.6,9,12,0,3
829,1,5,455.8,0,17.0,0.0,3,0,46.2,0,2025-12-23 18:00:00,0.51,607.7,724.4,116.7,Moderate Delay,4,0,4,1823.2,0,18,1,1
830,3,8,281.0,3,41.0,61.4,1,2,21.4,1,2025-04-08 10:00:00,0.31,374.7,447.8,73.1,Slight Delay,1,4,2,281.0,4,10,1,1
831,7,6,424.9,0,21.8,0.0,2,2,23.8,0,2025-02-02 15:00:00,0.2,566.5,613.7,47.2,On Time,2,0,2,849.8,0,15,0,1
832,9,5,877.3,3,12.5,41.6,1,1,35.3,0,2025-01-29 16:00:00,0.31,1169.7,1247.9,78.2,Slight Delay,1,4,1,877.3,4,16,0,0
833,7,9,1161.3,0,37.7,0.0,2,2,16.6,1,2025-10-02 10:00:00,0.43,1548.4,1610.5,62.1,On Time,2,0,2,2322.6,0,10,1,3
834,5,2,1065.0,0,28.9,0.0,1,0,23.3,0,2025-12-01 06:00:00,0.2,1420.0,1488.8,68.8,On Time,1,0,4,1065.0,0,6,0,3
835,9,7,1780.5,1,26.4,3.3,2,1,44.8,2,2025-11-20 07:00:00,0.24,2374.0,2466.7,92.7,Slight Delay,2,1,1,3561.0,2,7,1,3
836,6,3,1051.2,3,19.4,63.2,2,1,27.8,2,2025-02-28 21:00:00,0.4,1401.6,1484.0,82.4,Slight Delay,2,4,1,2102.4,8,21,0,3
837,5,2,1924.0,0,27.9,0.0,2,2,36.8,0,2025-12-14 18:00:00,0.25,2565.3,2628.5,63.2,On Time,2,0,2,3848.0,0,18,1,3
838,4,3,1002.2,2,15.9,0.0,2,3,6.7,2,2025-01-24 11:00:00,0.56,1336.3,1465.1,128.8,Moderate Delay,2,2,3,2004.4,4,11,0,3
839,4,3,1543.0,0,22.9,0.0,0,0,48.0,0,2025-03-28 17:00:00,0.49,2057.3,2146.7,89.4,Slight Delay,3,0,4,4629.0,0,17,1,3
840,0,1,415.7,3,18.1,64.8,2,1,28.4,2,2025-02-21 18:00:00,0.0,554.3,617.8,63.5,On Time,2,4,1,831.4,8,18,1,1
841,1,7,1447.4,3,35.5,5.0,1,1,47.7,2,2025-04-02 08:00:00,0.49,1929.9,2065.5,135.6,Moderate Delay,1,4,1,1447.4,4,8,1,3
842,5,6,1920.6,3,33.7,47.8,3,0,47.3,2,2025-03-15 14:00:00,0.27,2560.8,2746.7,185.9,Severe Delay,4,4,4,7682.4,16,14,0,3
843,0,9,1380.2,3,37.7,48.7,2,0,45.5,1,2025-12-21 07:00:00,0.57,1840.3,1959.0,118.7,Moderate Delay,2,4,4,2760.4,8,7,1,3
844,5,1,547.4,2,41.5,0.0,3,1,46.4,1,2025-06-04 17:00:00,0.24,729.9,875.3,145.4,Moderate Delay,4,2,1,2189.6,8,17,1,0
845,8,7,1857.3,5,25.9,60.1,2,0,18.7,2,2025-09-29 09:00:00,0.01,2476.4,2609.3,132.9,Moderate Delay,2,5,4,3714.6,10,9,1,3
846,5,4,995.2,5,42.0,41.7,2,2,22.8,1,2025-12-04 12:00:00,0.12,1326.9,1431.7,104.8,Slight Delay,2,5,2,1990.4,10,12,0,0
847,6,7,1546.2,1,21.5,1.2,1,0,8.9,1,2025-08-31 21:00:00,0.46,2061.6,2133.1,71.5,Slight Delay,1,1,4,1546.2,1,21,0,3
848,1,2,309.1,2,20.1,0.0,1,1,15.8,1,2025-07-06 15:00:00,0.31,412.1,445.2,33.1,On Time,1,2,1,309.1,2,15,0,1
849,2,9,1091.6,4,10.8,11.0,0,2,21.2,2,2025-02-23 07:00:00,0.57,1455.5,1581.6,126.1,Moderate Delay,3,3,2,3274.7999999999997,9,7,1,3
850,0,1,458.6,1,27.9,2.7,1,2,27.1,1,2025-03-01 08:00:00,0.34,611.5,673.6,62.1,On Time,1,1,2,458.6,1,8,1,1
851,2,0,215.0,5,19.3,42.1,0,2,42.4,2,2025-12-13 16:00:00,0.3,286.7,411.3,124.6,Moderate Delay,3,5,2,645.0,15,16,0,1
852,2,3,712.7,4,34.8,32.6,2,1,28.0,2,2025-07-31 12:00:00,0.06,950.3,999.6,49.3,On Time,2,3,1,1425.4,6,12,0,0
853,8,2,1771.7,0,31.6,0.0,3,2,21.7,2,2025-08-12 10:00:00,0.11,2362.3,2511.5,149.2,Moderate Delay,4,0,2,7086.8,0,10,1,3
854,2,0,893.6,1,35.1,1.9,3,3,11.0,2,2025-08-23 12:00:00,0.38,1191.5,1335.9,144.4,Moderate Delay,4,1,3,3574.4,4,12,0,0
855,4,6,1690.0,1,36.7,0.3,0,0,49.9,2,2025-12-21 07:00:00,0.45,2253.3,2368.4,115.1,Moderate Delay,3,1,4,5070.0,3,7,1,3
856,6,1,174.9,0,37.6,0.0,3,2,41.9,0,2025-03-29 16:00:00,0.1,233.2,340.6,107.4,Slight Delay,4,0,2,699.6,0,16,0,1
857,2,4,404.1,5,20.0,42.9,2,0,26.8,1,2025-10-11 13:00:00,0.48,538.8,679.7,140.9,Moderate Delay,2,5,4,808.2,10,13,0,1
858,3,9,830.7,5,40.7,27.3,3,0,1.1,1,2025-08-31 20:00:00,0.18,1107.6,1292.9,185.3,Severe Delay,4,5,4,3322.8,20,20,1,0
859,6,7,546.6,2,26.2,0.0,3,0,27.7,2,2025-06-17 19:00:00,0.57,728.8,884.6,155.8,Moderate Delay,4,2,4,2186.4,8,19,1,0
860,5,2,986.9,5,10.8,56.5,2,1,15.1,0,2025-01-23 07:00:00,0.34,1315.9,1417.6,101.7,Slight Delay,2,5,1,1973.8,10,7,1,0
861,9,5,413.7,0,27.8,0.0,3,2,8.3,0,2025-12-23 09:00:00,0.4,551.6,650.8,99.2,Slight Delay,4,0,2,1654.8,0,9,1,1
862,9,0,1044.6,1,42.4,2.7,1,1,29.4,1,2025-07-28 12:00:00,0.24,1392.8,1413.5,20.7,On Time,1,1,1,1044.6,1,12,0,3
863,1,8,1660.8,4,38.8,19.2,2,1,35.2,2,2025-09-03 15:00:00,0.17,2214.4,2266.3,51.9,On Time,2,3,1,3321.6,6,15,0,3
864,1,0,226.9,5,18.3,33.5,1,2,24.1,0,2025-03-12 18:00:00,0.03,302.5,407.0,104.5,Slight Delay,1,5,2,226.9,5,18,1,1
865,1,8,1260.0,2,15.1,0.0,3,1,9.9,1,2025-02-06 18:00:00,0.52,1680.0,1824.5,144.5,Moderate Delay,4,2,1,5040.0,8,18,1,3
866,4,5,1630.1,0,43.4,0.0,0,2,46.3,0,2025-12-24 12:00:00,0.55,2173.5,2316.7,143.2,Moderate Delay,3,0,2,4890.299999999999,0,12,0,3
867,3,8,429.8,2,42.1,0.0,1,3,40.9,2,2025-02-26 18:00:00,0.59,573.1,667.0,93.9,Slight Delay,1,2,3,429.8,2,18,1,1
868,4,0,1800.5,5,31.8,5.4,1,3,9.7,0,2025-03-31 08:00:00,0.06,2400.7,2508.5,107.8,Slight Delay,1,5,3,1800.5,5,8,1,3
869,0,2,1301.2,1,26.2,2.5,0,0,21.7,1,2025-02-28 21:00:00,0.57,1734.9,1862.0,127.1,Moderate Delay,3,1,4,3903.6000000000004,3,21,0,3
870,5,2,195.3,2,31.3,0.0,2,3,14.8,0,2025-05-17 22:00:00,0.1,260.4,301.7,41.3,On Time,2,2,3,390.6,4,22,0,1
871,8,6,394.3,0,26.4,0.0,1,3,36.2,0,2025-08-20 21:00:00,0.32,525.7,569.8,44.1,On Time,1,0,3,394.3,0,21,0,1
872,0,5,1783.8,0,13.3,0.0,3,3,49.4,0,2025-11-14 17:00:00,0.57,2378.4,2559.4,181.0,Severe Delay,4,0,3,7135.2,0,17,1,3
873,3,6,892.9,3,32.2,63.1,1,1,2.2,0,2025-04-02 15:00:00,0.36,1190.5,1257.0,66.5,On Time,1,4,1,892.9,4,15,0,0
874,3,1,1909.8,1,14.0,4.7,0,1,36.8,1,2025-03-17 21:00:00,0.38,2546.4,2650.2,103.8,Slight Delay,3,1,1,5729.4,3,21,0,3
875,1,6,1181.9,5,39.1,10.4,1,3,34.7,0,2025-12-16 10:00:00,0.32,1575.9,1700.3,124.4,Moderate Delay,1,5,3,1181.9,5,10,1,3
876,9,4,222.7,3,12.2,8.9,3,1,19.3,0,2025-04-07 08:00:00,0.2,296.9,458.9,162.0,Moderate Delay,4,4,1,890.8,16,8,1,1
877,7,6,1104.3,5,15.1,15.0,0,2,47.2,1,2025-06-25 16:00:00,0.48,1472.4,1627.3,154.9,Moderate Delay,3,5,2,3312.8999999999996,15,16,0,3
878,9,5,805.8,5,19.2,33.2,3,2,25.1,0,2025-10-18 10:00:00,0.21,1074.4,1233.9,159.5,Moderate Delay,4,5,2,3223.2,20,10,1,0
879,6,1,106.9,4,32.9,63.0,2,2,40.8,0,2025-05-28 07:00:00,0.3,142.5,213.4,70.9,Slight Delay,2,3,2,213.8,6,7,1,1
880,1,8,1878.7,4,35.3,19.3,3,0,22.4,1,2025-03-24 15:00:00,0.04,2504.9,2665.7,160.8,Moderate Delay,4,3,4,7514.8,12,15,0,3
881,1,2,1747.0,2,11.7,0.0,2,0,19.6,2,2025-03-01 07:00:00,0.09,2329.3,2423.7,94.4,Slight Delay,2,2,4,3494.0,4,7,1,3
882,4,1,977.5,3,27.5,29.1,0,3,7.0,2,2025-04-16 07:00:00,0.23,1303.3,1445.5,142.2,Moderate Delay,3,4,3,2932.5,12,7,1,0
883,4,8,588.9,1,15.7,1.2,0,2,11.6,1,2025-03-25 15:00:00,0.31,785.2,861.1,75.9,Slight Delay,3,1,2,1766.6999999999998,3,15,0,0
884,3,7,539.8,3,11.4,27.9,3,0,37.4,0,2025-06-13 10:00:00,0.03,719.7,881.8,162.1,Moderate Delay,4,4,4,2159.2,16,10,1,0
885,7,5,788.1,5,15.6,34.9,0,3,29.2,0,2025-05-29 10:00:00,0.57,1050.8,1194.6,143.8,Moderate Delay,3,5,3,2364.3,15,10,1,0
886,5,9,1116.8,4,25.8,26.4,1,2,15.3,2,2025-03-13 09:00:00,0.23,1489.1,1555.8,66.7,On Time,1,3,2,1116.8,3,9,1,3
887,6,7,865.3,3,29.3,22.3,2,2,37.3,0,2025-02-17 16:00:00,0.32,1153.7,1263.6,109.9,Slight Delay,2,4,2,1730.6,8,16,0,0
888,7,6,25.2,5,25.8,31.4,2,3,28.0,2,2025-01-12 08:00:00,0.11,33.6,146.3,112.7,Slight Delay,2,5,3,50.4,10,8,1,2
889,0,9,445.9,2,19.5,0.0,1,2,8.9,2,2025-09-09 16:00:00,0.43,594.5,662.5,68.0,On Time,1,2,2,445.9,2,16,0,1
890,5,0,268.8,0,14.8,0.0,0,2,37.5,2,2025-08-07 17:00:00,0.28,358.4,424.7,66.3,On Time,3,0,2,806.4000000000001,0,17,1,1
891,8,4,637.3,0,32.3,0.0,0,3,1.0,0,2025-06-07 20:00:00,0.02,849.7,916.7,67.0,On Time,3,0,3,1911.8999999999999,0,20,1,0
892,0,3,230.8,1,27.2,3.8,3,2,11.5,0,2025-05-28 11:00:00,0.16,307.7,442.8,135.1,Moderate Delay,4,1,2,923.2,4,11,0,1
893,8,9,310.9,1,44.0,4.7,1,0,44.3,2,2025-06-05 21:00:00,0.13,414.5,449.7,35.2,On Time,1,1,4,310.9,1,21,0,1
894,0,4,854.3,0,37.8,0.0,3,1,23.5,2,2025-07-29 14:00:00,0.32,1139.1,1241.1,102.0,Slight Delay,4,0,1,3417.2,0,14,0,0
895,8,1,1397.4,5,42.8,45.7,3,0,38.5,2,2025-04-06 18:00:00,0.05,1863.2,2066.6,203.4,Severe Delay,4,5,4,5589.6,20,18,1,3
896,6,5,1853.0,3,32.6,36.1,1,3,46.6,1,2025-06-05 21:00:00,0.47,2470.7,2595.0,124.3,Moderate Delay,1,4,3,1853.0,4,21,0,3
897,0,9,1482.8,1,31.9,4.9,1,1,26.9,2,2025-05-15 15:00:00,0.07,1977.1,2021.8,44.7,On Time,1,1,1,1482.8,1,15,0,3
898,9,3,741.5,2,22.4,0.0,0,2,32.0,2,2025-09-09 13:00:00,0.45,988.7,1133.3,144.6,Moderate Delay,3,2,2,2224.5,6,13,0,0
899,7,1,1082.5,4,37.0,54.6,3,1,20.8,1,2025-07-05 21:00:00,0.54,1443.3,1617.4,174.1,Severe Delay,4,3,1,4330.0,12,21,0,3
900,5,8,1625.8,4,40.1,79.4,3,1,15.1,0,2025-09-20 06:00:00,0.43,2167.7,2300.9,133.2,Moderate Delay,4,3,1,6503.2,12,6,0,3
901,6,1,1017.5,5,32.6,78.0,1,0,3.3,0,2025-08-25 10:00:00,0.34,1356.7,1492.4,135.7,Moderate Delay,1,5,4,1017.5,5,10,1,3
902,4,1,1052.8,0,42.7,0.0,0,3,40.4,0,2025-11-22 17:00:00,0.42,1403.7,1494.0,90.3,Slight Delay,3,0,3,3158.3999999999996,0,17,1,3
903,7,4,586.4,4,28.1,24.8,1,0,10.9,1,2025-04-04 09:00:00,0.36,781.9,858.9,77.0,Slight Delay,1,3,4,586.4,3,9,1,0
904,5,1,743.6,5,42.8,9.1,0,3,33.8,1,2025-06-04 14:00:00,0.53,991.5,1127.3,135.8,Moderate Delay,3,5,3,2230.8,15,14,0,0
905,4,3,1627.5,5,35.2,59.7,0,0,5.5,2,2025-03-12 22:00:00,0.43,2170.0,2351.5,181.5,Severe Delay,3,5,4,4882.5,15,22,0,3
906,6,8,1836.4,3,23.7,68.4,3,3,0.5,2,2025-02-22 12:00:00,0.1,2448.5,2588.3,139.8,Moderate Delay,4,4,3,7345.6,16,12,0,3
907,1,5,914.0,1,42.8,0.6,2,1,11.0,0,2025-08-24 08:00:00,0.02,1218.7,1244.1,25.4,On Time,2,1,1,1828.0,2,8,1,0
908,3,2,901.1,0,45.0,0.0,3,3,41.8,0,2025-12-20 17:00:00,0.54,1201.5,1305.8,104.3,Slight Delay,4,0,3,3604.4,0,17,1,0
909,1,0,235.0,5,26.5,55.8,0,0,43.8,1,2025-06-05 06:00:00,0.45,313.3,453.8,140.5,Moderate Delay,3,5,4,705.0,15,6,0,1
910,3,6,554.2,1,27.9,2.2,2,0,25.9,0,2025-03-06 12:00:00,0.4,738.9,794.7,55.8,On Time,2,1,4,1108.4,2,12,0,0
911,1,3,1518.3,3,33.3,22.6,1,1,29.6,2,2025-09-05 19:00:00,0.34,2024.4,2129.1,104.7,Slight Delay,1,4,1,1518.3,4,19,1,3
912,7,6,289.1,0,12.3,0.0,1,1,48.8,0,2025-03-02 14:00:00,0.57,385.5,427.0,41.5,On Time,1,0,1,289.1,0,14,0,1
913,7,1,1902.2,4,32.2,31.5,1,1,30.4,2,2025-11-05 12:00:00,0.19,2536.3,2582.3,46.0,On Time,1,3,1,1902.2,3,12,0,3
914,5,2,952.8,1,38.7,0.6,0,1,43.0,2,2025-03-16 14:00:00,0.54,1270.4,1352.4,82.0,Slight Delay,3,1,1,2858.3999999999996,3,14,0,0
915,5,4,368.8,4,31.3,40.7,2,0,43.4,1,2025-10-19 08:00:00,0.02,491.7,553.5,61.8,On Time,2,3,4,737.6,6,8,1,1
916,3,7,1016.4,5,10.5,5.5,2,0,12.4,0,2025-03-29 06:00:00,0.06,1355.2,1472.5,117.3,Moderate Delay,2,5,4,2032.8,10,6,0,3
917,3,6,1477.4,5,15.3,73.4,3,3,44.7,1,2025-10-29 11:00:00,0.39,1969.9,2173.5,203.6,Severe Delay,4,5,3,5909.6,20,11,0,3
918,9,3,1789.4,1,20.2,2.8,0,2,5.4,0,2025-04-20 22:00:00,0.55,2385.9,2523.6,137.7,Moderate Delay,3,1,2,5368.200000000001,3,22,0,3
919,2,9,479.6,0,10.0,0.0,0,1,38.0,0,2025-02-26 22:00:00,0.59,639.5,691.6,52.1,On Time,3,0,1,1438.8000000000002,0,22,0,1
920,1,0,1554.9,4,28.4,28.8,0,1,13.3,2,2025-06-17 21:00:00,0.02,2073.2,2153.2,80.0,Slight Delay,3,3,1,4664.700000000001,9,21,0,3
921,3,9,1509.3,4,27.6,72.1,3,3,46.8,1,2025-08-16 13:00:00,0.48,2012.4,2150.9,138.5,Moderate Delay,4,3,3,6037.2,12,13,0,3
922,0,8,1957.4,4,30.6,46.8,3,0,33.0,2,2025-09-01 17:00:00,0.3,2609.9,2789.9,180.0,Severe Delay,4,3,4,7829.6,12,17,1,3
923,1,7,469.5,2,17.7,0.0,3,1,8.5,0,2025-08-13 22:00:00,0.22,626.0,772.8,146.8,Moderate Delay,4,2,1,1878.0,8,22,0,1
924,3,1,1944.8,1,31.6,4.9,3,2,17.2,1,2025-10-30 09:00:00,0.42,2593.1,2709.5,116.4,Moderate Delay,4,1,2,7779.2,4,9,1,3
925,1,3,540.5,4,11.3,57.8,2,3,24.9,2,2025-11-01 18:00:00,0.06,720.7,778.4,57.7,On Time,2,3,3,1081.0,6,18,1,0
926,3,6,164.5,3,38.7,42.0,3,3,42.4,1,2025-10-25 14:00:00,0.36,219.3,405.7,186.4,Severe Delay,4,4,3,658.0,16,14,0,1
927,8,4,98.1,3,10.5,13.9,3,2,32.6,1,2025-05-23 10:00:00,0.34,130.8,268.5,137.7,Moderate Delay,4,4,2,392.4,16,10,1,2
928,9,3,1572.2,0,28.2,0.0,0,2,43.0,0,2025-04-29 10:00:00,0.23,2096.3,2174.7,78.4,Slight Delay,3,0,2,4716.6,0,10,1,3
929,7,1,845.8,2,18.0,0.0,1,1,12.0,0,2025-12-14 06:00:00,0.54,1127.7,1186.0,58.3,On Time,1,2,1,845.8,2,6,0,0
930,1,9,1006.3,5,26.0,43.9,0,0,7.4,0,2025-11-15 09:00:00,0.31,1341.7,1476.2,134.5,Moderate Delay,3,5,4,3018.8999999999996,15,9,1,3
931,3,5,1260.8,3,35.5,55.9,3,0,23.8,0,2025-12-05 21:00:00,0.23,1681.1,1875.4,194.3,Severe Delay,4,4,4,5043.2,16,21,0,3
932,9,5,1268.2,4,20.5,6.4,0,1,44.5,2,2025-08-09 09:00:00,0.14,1690.9,1783.4,92.5,Slight Delay,3,3,1,3804.6000000000004,9,9,1,3
933,8,0,1052.1,4,16.0,27.9,3,2,16.4,0,2025-01-19 07:00:00,0.1,1402.8,1535.8,133.0,Moderate Delay,4,3,2,4208.4,12,7,1,3
934,1,5,1814.6,2,37.4,0.0,0,0,31.3,0,2025-08-09 10:00:00,0.19,2419.5,2548.8,129.3,Moderate Delay,3,2,4,5443.799999999999,6,10,1,3
935,6,9,535.6,3,10.6,45.9,1,2,35.5,1,2025-10-11 21:00:00,0.47,714.1,812.4,98.3,Slight Delay,1,4,2,535.6,4,21,0,0
936,9,5,1169.6,1,37.1,1.7,1,2,41.7,0,2025-09-11 18:00:00,0.16,1559.5,1594.7,35.2,On Time,1,1,2,1169.6,1,18,1,3
937,5,4,1934.6,4,15.6,64.0,0,1,49.2,2,2025-10-30 07:00:00,0.01,2579.5,2672.1,92.6,Slight Delay,3,3,1,5803.799999999999,9,7,1,3
938,1,8,1012.8,4,40.6,11.3,1,3,34.2,0,2025-02-19 19:00:00,0.41,1350.4,1418.5,68.1,On Time,1,3,3,1012.8,3,19,1,3
939,4,8,807.9,3,20.9,38.9,0,1,19.5,1,2025-05-06 13:00:00,0.26,1077.2,1184.1,106.9,Slight Delay,3,4,1,2423.7,12,13,0,0
940,2,4,872.2,5,24.3,33.1,1,1,46.3,0,2025-02-28 16:00:00,0.5,1162.9,1266.1,103.2,Slight Delay,1,5,1,872.2,5,16,0,0
941,1,7,304.5,5,28.3,5.5,0,1,16.2,0,2025-12-03 19:00:00,0.41,406.0,538.4,132.4,Moderate Delay,3,5,1,913.5,15,19,1,1
942,5,0,1995.9,3,19.1,59.3,0,1,45.4,1,2025-08-29 06:00:00,0.14,2661.2,2787.8,126.6,Moderate Delay,3,4,1,5987.700000000001,12,6,0,3
943,4,9,126.0,5,34.8,44.9,3,3,24.2,1,2025-02-20 21:00:00,0.13,168.0,325.6,157.6,Moderate Delay,4,5,3,504.0,20,21,0,1
944,3,6,480.8,4,27.2,70.4,3,3,35.7,2,2025-11-11 15:00:00,0.35,641.1,770.8,129.7,Moderate Delay,4,3,3,1923.2,12,15,0,1
945,4,9,845.8,1,22.3,4.3,3,1,6.8,1,2025-04-20 15:00:00,0.34,1127.7,1247.8,120.1,Moderate Delay,4,1,1,3383.2,4,15,0,0
946,6,7,985.4,4,30.2,56.7,3,0,5.8,1,2025-02-17 09:00:00,0.49,1313.9,1448.8,134.9,Moderate Delay,4,3,4,3941.6,12,9,1,0
947,5,4,1274.9,4,40.8,71.6,1,2,47.9,0,2025-04-18 17:00:00,0.52,1699.9,1761.1,61.2,On Time,1,3,2,1274.9,3,17,1,3
948,3,4,1810.9,5,27.6,39.9,0,2,49.9,1,2025-10-04 16:00:00,0.3,2414.5,2595.4,180.9,Severe Delay,3,5,2,5432.700000000001,15,16,0,3
949,2,9,1421.9,3,18.9,69.7,0,2,44.7,1,2025-10-08 11:00:00,0.12,1895.9,2055.1,159.2,Moderate Delay,3,4,2,4265.700000000001,12,11,0,3
950,7,5,1099.8,1,11.8,3.7,3,0,25.5,1,2025-08-28 14:00:00,0.39,1466.4,1595.6,129.2,Moderate Delay,4,1,4,4399.2,4,14,0,3
951,0,8,407.4,5,44.1,16.5,1,0,13.8,0,2025-08-25 10:00:00,0.35,543.2,665.3,122.1,Moderate Delay,1,5,4,407.4,5,10,1,1
952,2,1,1654.8,2,34.4,0.0,0,2,4.6,0,2025-06-13 08:00:00,0.25,2206.4,2322.1,115.7,Moderate Delay,3,2,2,4964.4,6,8,1,3
953,2,9,1566.3,4,39.4,29.3,0,0,42.0,0,2025-12-18 13:00:00,0.06,2088.4,2190.9,102.5,Slight Delay,3,3,4,4698.9,9,13,0,3
954,8,2,588.6,0,27.5,0.0,2,0,23.1,2,2025-05-06 15:00:00,0.21,784.8,860.7,75.9,Slight Delay,2,0,4,1177.2,0,15,0,0
955,9,0,1437.9,5,23.8,55.8,3,2,24.1,1,2025-01-19 12:00:00,0.6,1917.2,2171.9,254.7,Severe Delay,4,5,2,5751.6,20,12,0,3
956,1,4,753.2,1,10.7,2.6,1,3,25.5,0,2025-12-04 11:00:00,0.32,1004.3,1045.8,41.5,On Time,1,1,3,753.2,1,11,0,0
957,7,0,733.9,0,37.9,0.0,1,1,26.4,0,2025-11-05 15:00:00,0.34,978.5,1008.5,30.0,On Time,1,0,1,733.9,0,15,0,0
958,3,9,984.8,4,22.4,23.9,1,2,34.9,1,2025-03-13 13:00:00,0.46,1313.1,1381.0,67.9,On Time,1,3,2,984.8,3,13,0,0
959,3,5,1262.7,0,21.3,0.0,0,2,12.7,2,2025-05-02 09:00:00,0.01,1683.6,1726.5,42.9,On Time,3,0,2,3788.1000000000004,0,9,1,3
960,4,8,89.4,5,11.3,7.0,3,0,37.1,0,2025-04-22 10:00:00,0.19,119.2,315.8,196.6,Severe Delay,4,5,4,357.6,20,10,1,2
961,3,2,561.5,1,14.3,2.8,0,2,16.7,0,2025-05-11 07:00:00,0.27,748.7,834.6,85.9,Slight Delay,3,1,2,1684.5,3,7,1,0
962,9,5,1364.2,4,40.6,37.4,1,3,20.9,1,2025-08-05 21:00:00,0.46,1818.9,1915.8,96.9,Slight Delay,1,3,3,1364.2,3,21,0,3
963,2,4,1522.4,1,43.4,0.3,0,2,30.0,1,2025-07-08 15:00:00,0.26,2029.9,2118.7,88.8,Slight Delay,3,1,2,4567.200000000001,3,15,0,3
964,7,3,1539.2,2,41.7,0.0,1,0,20.8,0,2025-10-10 18:00:00,0.57,2052.3,2166.3,114.0,Slight Delay,1,2,4,1539.2,2,18,1,3
965,6,8,1159.9,2,30.4,0.0,1,0,37.6,0,2025-07-18 06:00:00,0.31,1546.5,1635.6,89.1,Slight Delay,1,2,4,1159.9,2,6,0,3
966,8,6,879.5,4,42.5,49.3,1,0,31.7,0,2025-04-18 11:00:00,0.51,1172.7,1284.6,111.9,Slight Delay,1,3,4,879.5,3,11,0,0
967,9,4,1805.6,2,14.5,0.0,3,1,41.3,0,2025-02-11 21:00:00,0.25,2407.5,2565.8,158.3,Moderate Delay,4,2,1,7222.4,8,21,0,3
968,9,8,1558.0,4,31.9,35.7,3,1,13.1,2,2025-12-24 14:00:00,0.52,2077.3,2234.0,156.7,Moderate Delay,4,3,1,6232.0,12,14,0,3
969,0,3,403.5,4,17.3,54.6,3,3,45.6,0,2025-12-22 06:00:00,0.24,538.0,701.0,163.0,Moderate Delay,4,3,3,1614.0,12,6,0,1
970,7,2,297.3,2,22.2,0.0,3,0,19.8,2,2025-07-25 12:00:00,0.31,396.4,570.0,173.6,Severe Delay,4,2,4,1189.2,8,12,0,1
971,6,8,595.7,5,31.5,72.7,1,1,48.1,2,2025-05-08 22:00:00,0.39,794.3,907.1,112.8,Slight Delay,1,5,1,595.7,5,22,0,0
972,1,9,749.3,4,22.7,77.0,3,2,22.5,1,2025-03-10 14:00:00,0.45,999.1,1145.7,146.6,Moderate Delay,4,3,2,2997.2,12,14,0,0
973,1,8,1891.3,4,17.5,10.6,2,1,44.6,0,2025-07-08 11:00:00,0.51,2521.7,2630.9,109.2,Slight Delay,2,3,1,3782.6,6,11,0,3
974,8,9,1870.4,5,25.1,45.4,2,1,22.6,2,2025-10-13 13:00:00,0.34,2493.9,2642.7,148.8,Moderate Delay,2,5,1,3740.8,10,13,0,3
975,3,0,295.6,1,10.1,1.2,0,0,35.4,2,2025-07-25 19:00:00,0.06,394.1,460.3,66.2,On Time,3,1,4,886.8000000000001,3,19,1,1
976,5,6,1236.0,1,16.6,1.4,1,3,24.1,2,2025-10-18 09:00:00,0.57,1648.0,1722.4,74.4,Slight Delay,1,1,3,1236.0,1,9,1,3
977,7,5,161.0,3,38.0,23.2,3,2,36.4,2,2025-04-25 12:00:00,0.04,214.7,374.9,160.2,Moderate Delay,4,4,2,644.0,16,12,0,1
978,2,4,754.0,4,16.5,38.2,3,2,8.7,2,2025-08-09 12:00:00,0.59,1005.3,1170.6,165.3,Moderate Delay,4,3,2,3016.0,12,12,0,0
979,5,2,250.0,4,29.4,26.5,2,2,47.0,2,2025-07-29 10:00:00,0.46,333.3,403.9,70.6,On Time,2,3,2,500.0,6,10,1,1
980,7,4,477.6,4,27.8,71.6,2,2,34.8,2,2025-07-09 20:00:00,0.24,636.8,690.0,53.2,On Time,2,3,2,955.2,6,20,1,1
981,3,7,1707.7,3,36.5,50.8,2,3,18.5,1,2025-07-23 12:00:00,0.13,2276.9,2368.6,91.7,Slight Delay,2,4,3,3415.4,8,12,0,3
982,8,9,1062.8,2,25.8,0.0,0,1,29.2,2,2025-10-13 07:00:00,0.53,1417.1,1554.6,137.5,Moderate Delay,3,2,1,3188.3999999999996,6,7,1,3
983,7,8,1124.4,1,32.8,0.8,3,3,32.5,1,2025-12-10 07:00:00,0.11,1499.2,1592.6,93.4,Slight Delay,4,1,3,4497.6,4,7,1,3
984,7,4,1594.7,5,32.1,49.1,3,3,18.0,0,2025-12-10 17:00:00,0.29,2126.3,2340.3,214.0,Severe Delay,4,5,3,6378.8,20,17,1,3
985,1,5,443.6,0,10.2,0.0,2,3,15.4,2,2025-09-15 21:00:00,0.45,591.5,680.4,88.9,Slight Delay,2,0,3,887.2,0,21,0,1
986,4,0,188.4,1,17.7,0.0,1,3,35.9,1,2025-09-29 19:00:00,0.21,251.2,285.4,34.2,On Time,1,1,3,188.4,1,19,1,1
987,1,4,694.9,0,24.3,0.0,0,1,17.8,2,2025-09-13 14:00:00,0.46,926.5,1001.8,75.3,Slight Delay,3,0,1,2084.7,0,14,0,0
988,4,9,1557.3,4,30.9,53.3,0,3,38.0,1,2025-06-10 19:00:00,0.07,2076.4,2184.9,108.5,Slight Delay,3,3,3,4671.9,9,19,1,3
989,1,8,419.4,2,25.0,0.0,3,0,25.0,1,2025-12-03 20:00:00,0.03,559.2,665.8,106.6,Slight Delay,4,2,4,1677.6,8,20,1,1
990,7,6,260.8,1,22.7,1.3,1,0,25.6,2,2025-01-19 21:00:00,0.58,347.7,428.4,80.7,Slight Delay,1,1,4,260.8,1,21,0,1
991,6,1,953.3,2,40.4,0.0,3,2,14.9,2,2025-09-11 07:00:00,0.08,1271.1,1410.6,139.5,Moderate Delay,4,2,2,3813.2,8,7,1,0
992,9,4,1259.2,2,37.8,0.0,3,2,14.4,0,2025-02-27 10:00:00,0.33,1678.9,1838.7,159.8,Moderate Delay,4,2,2,5036.8,8,10,1,3
993,3,8,692.3,0,13.8,0.0,2,3,25.6,2,2025-03-28 22:00:00,0.05,923.1,969.8,46.7,On Time,2,0,3,1384.6,0,22,0,0
994,6,2,1178.7,5,19.8,73.3,1,0,15.6,0,2025-02-09 13:00:00,0.27,1571.6,1687.5,115.9,Moderate Delay,1,5,4,1178.7,5,13,0,3
995,9,3,786.8,4,31.0,43.5,1,3,34.9,1,2025-12-15 09:00:00,0.03,1049.1,1085.8,36.7,On Time,1,3,3,786.8,3,9,1,0
996,8,4,1232.2,5,15.4,10.0,1,3,11.2,2,2025-01-15 08:00:00,0.08,1642.9,1768.6,125.7,Moderate Delay,1,5,3,1232.2,5,8,1,3
997,9,0,1225.3,3,24.4,40.5,0,1,21.0,0,2025-01-23 20:00:00,0.51,1633.7,1754.2,120.5,Moderate Delay,3,4,1,3675.8999999999996,12,20,1,3
998,4,1,1226.3,1,19.6,3.6,1,3,29.9,0,2025-01-29 08:00:00,0.19,1635.1,1679.5,44.4,On Time,1,1,3,1226.3,1,8,1,3
999,0,8,1162.6,0,40.6,0.0,3,3,43.2,2,2025-05-03 18:00:00,0.22,1550.1,1692.8,142.7,Moderate Delay,4,0,3,4650.4,0,18,1,3
1000,3,7,1330.1,1,20.9,1.6,2,2,17.3,0,2025-05-26 10:00:00,0.41,1773.5,1853.9,80.4,Slight Delay,2,1,2,2660.2,2,10,1,3
1001,3,4,1547.7,3,17.8,11.1,3,3,43.8,1,2025-11-05 10:00:00,0.52,2063.6,2250.7,187.1,Severe Delay,4,4,3,6190.8,16,10,1,3
1002,4,3,720.7,4,41.2,17.4,2,2,7.9,0,2025-07-18 21:00:00,0.35,960.9,1064.8,103.9,Slight Delay,2,3,2,1441.4,6,21,0,0
1003,6,9,1343.4,0,35.9,0.0,3,3,22.7,1,2025-04-06 19:00:00,0.56,1791.2,1940.3,149.1,Moderate Delay,4,0,3,5373.6,0,19,1,3
1004,8,3,613.8,0,17.5,0.0,0,2,2.4,1,2025-04-25 10:00:00,0.03,818.4,888.4,70.0,On Time,3,0,2,1841.3999999999999,0,10,1,0
1005,9,5,970.9,2,40.5,0.0,1,3,18.3,0,2025-08-12 08:00:00,0.56,1294.5,1363.3,68.8,On Time,1,2,3,970.9,2,8,1,0
1006,9,6,123.7,1,43.2,3.2,2,3,43.9,2,2025-09-25 19:00:00,0.41,164.9,231.6,66.7,On Time,2,1,3,247.4,2,19,1,1
1007,6,7,1752.5,5,42.3,55.3,1,1,46.6,1,2025-02-25 22:00:00,0.24,2336.7,2502.7,166.0,Moderate Delay,1,5,1,1752.5,5,22,0,3
1008,8,9,315.8,0,26.4,0.0,3,3,41.6,0,2025-05-11 08:00:00,0.01,421.1,481.0,59.9,On Time,4,0,3,1263.2,0,8,1,1
1009,0,7,1891.5,0,31.3,0.0,3,0,13.1,2,2025-07-21 07:00:00,0.55,2522.0,2736.0,214.0,Severe Delay,4,0,4,7566.0,0,7,1,3
1010,3,9,99.8,2,23.5,0.0,0,3,20.6,1,2025-08-21 20:00:00,0.1,133.1,194.9,61.8,On Time,3,2,3,299.4,6,20,1,2
1011,5,6,705.8,4,31.0,75.3,2,0,8.8,2,2025-02-10 14:00:00,0.43,941.1,1033.3,92.2,Slight Delay,2,3,4,1411.6,6,14,0,0
1012,3,9,1074.0,5,19.4,73.4,1,1,18.7,0,2025-03-01 06:00:00,0.03,1432.0,1485.4,53.4,On Time,1,5,1,1074.0,5,6,0,3
1013,1,0,1641.9,3,44.9,29.7,3,2,19.4,0,2025-11-13 17:00:00,0.37,2189.2,2382.5,193.3,Severe Delay,4,4,2,6567.6,16,17,1,3
1014,8,6,1593.2,0,11.4,0.0,2,0,16.9,2,2025-04-08 09:00:00,0.28,2124.3,2230.6,106.3,Slight Delay,2,0,4,3186.4,0,9,1,3
1015,7,6,559.6,0,40.6,0.0,2,2,38.4,1,2025-03-16 13:00:00,0.22,746.1,793.8,47.7,On Time,2,0,2,1119.2,0,13,0,0
1016,8,5,434.8,1,11.1,2.2,1,3,28.7,0,2025-03-17 21:00:00,0.53,579.7,659.8,80.1,Slight Delay,1,1,3,434.8,1,21,0,1
1017,8,7,425.5,0,23.0,0.0,2,0,31.9,1,2025-12-26 20:00:00,0.01,567.3,595.6,28.3,On Time,2,0,4,851.0,0,20,1,1
1018,9,0,661.5,0,33.8,0.0,3,0,28.4,2,2025-05-31 18:00:00,0.1,882.0,1040.3,158.3,Moderate Delay,4,0,4,2646.0,0,18,1,0
1019,7,8,1885.1,0,17.6,0.0,1,2,38.7,0,2025-09-11 15:00:00,0.01,2513.5,2570.4,56.9,On Time,1,0,2,1885.1,0,15,0,3
1020,7,0,748.3,3,24.5,67.4,3,2,15.8,2,2025-02-01 22:00:00,0.57,997.7,1169.6,171.9,Severe Delay,4,4,2,2993.2,16,22,0,0
1021,7,9,1672.9,5,36.7,29.7,0,1,26.9,0,2025-11-28 19:00:00,0.04,2230.5,2372.2,141.7,Moderate Delay,3,5,1,5018.700000000001,15,19,1,3
1022,9,3,1882.0,3,29.4,50.0,0,2,48.9,1,2025-08-12 06:00:00,0.39,2509.3,2666.9,157.6,Moderate Delay,3,4,2,5646.0,12,6,0,3
1023,1,4,1349.2,2,44.7,0.0,2,2,5.0,0,2025-08-13 13:00:00,0.4,1798.9,1872.1,73.2,Slight Delay,2,2,2,2698.4,4,13,0,3
1024,0,2,545.1,5,39.2,29.5,0,2,24.7,2,2025-05-31 18:00:00,0.56,726.8,897.2,170.4,Severe Delay,3,5,2,1635.3000000000002,15,18,1,0
1025,8,4,1832.6,3,37.2,22.1,2,0,1.7,0,2025-12-20 08:00:00,0.23,2443.5,2546.8,103.3,Slight Delay,2,4,4,3665.2,8,8,1,3
1026,9,1,1342.5,1,25.0,2.2,2,0,3.7,1,2025-09-09 09:00:00,0.24,1790.0,1850.0,60.0,On Time,2,1,4,2685.0,2,9,1,3
1027,8,0,1886.7,4,19.3,38.0,2,0,39.9,1,2025-01-25 06:00:00,0.37,2515.6,2613.2,97.6,Slight Delay,2,3,4,3773.4,6,6,0,3
1028,4,6,573.3,4,18.1,70.6,2,0,9.0,1,2025-01-17 08:00:00,0.26,764.4,841.5,77.1,Slight Delay,2,3,4,1146.6,6,8,1,0
1029,4,9,1707.4,0,29.4,0.0,2,1,36.0,1,2025-04-25 21:00:00,0.54,2276.5,2323.3,46.8,On Time,2,0,1,3414.8,0,21,0,3
1030,6,8,560.7,4,20.6,50.9,1,3,22.2,2,2025-12-20 22:00:00,0.44,747.6,826.2,78.6,Slight Delay,1,3,3,560.7,3,22,0,0
1031,5,3,316.8,2,13.1,0.0,1,2,28.4,0,2025-02-26 09:00:00,0.07,422.4,454.2,31.8,On Time,1,2,2,316.8,2,9,1,1
1032,5,3,505.7,5,43.8,5.6,1,1,44.0,2,2025-11-19 09:00:00,0.12,674.3,791.9,117.6,Moderate Delay,1,5,1,505.7,5,9,1,0
1033,2,8,649.5,1,29.4,3.7,0,2,2.6,1,2025-09-13 09:00:00,0.01,866.0,915.1,49.1,On Time,3,1,2,1948.5,3,9,1,0
1034,1,8,249.8,4,10.8,8.8,2,1,47.7,2,2025-08-13 19:00:00,0.09,333.1,363.1,30.0,On Time,2,3,1,499.6,6,19,1,1
1035,7,6,1904.1,3,43.1,63.5,0,3,30.3,1,2025-03-29 08:00:00,0.27,2538.8,2683.8,145.0,Moderate Delay,3,4,3,5712.299999999999,12,8,1,3
1036,6,8,247.0,2,39.3,0.0,3,3,1.9,1,2025-12-07 13:00:00,0.5,329.3,475.2,145.9,Moderate Delay,4,2,3,988.0,8,13,0,1
1037,1,5,639.1,3,16.2,69.4,2,0,20.5,0,2025-07-31 19:00:00,0.24,852.1,956.1,104.0,Slight Delay,2,4,4,1278.2,8,19,1,0
1038,9,5,797.7,2,10.2,0.0,0,1,14.1,0,2025-03-16 06:00:00,0.36,1063.6,1172.6,109.0,Slight Delay,3,2,1,2393.1000000000004,6,6,0,0
1039,0,3,1187.8,0,36.9,0.0,0,3,21.7,0,2025-03-26 19:00:00,0.46,1583.7,1698.6,114.9,Slight Delay,3,0,3,3563.3999999999996,0,19,1,3
1040,7,9,1867.3,0,18.5,0.0,2,1,40.0,1,2025-12-05 22:00:00,0.26,2489.7,2539.5,49.8,On Time,2,0,1,3734.6,0,22,0,3
1041,6,9,414.7,3,24.9,61.7,0,3,30.5,0,2025-01-05 14:00:00,0.41,552.9,683.8,130.9,Moderate Delay,3,4,3,1244.1,12,14,0,1
1042,0,1,356.2,2,32.8,0.0,3,2,30.8,1,2025-04-16 20:00:00,0.47,474.9,629.3,154.4,Moderate Delay,4,2,2,1424.8,8,20,1,1
1043,4,9,311.6,1,25.8,4.4,0,1,21.3,2,2025-10-03 16:00:00,0.5,415.5,484.5,69.0,On Time,3,1,1,934.8000000000001,3,16,0,1
1044,8,1,164.1,5,13.5,36.2,0,0,15.6,2,2025-09-19 15:00:00,0.56,218.8,369.9,151.1,Moderate Delay,3,5,4,492.29999999999995,15,15,0,1
1045,0,4,1885.0,2,28.6,0.0,2,1,41.7,2,2025-10-04 14:00:00,0.22,2513.3,2600.3,87.0,Slight Delay,2,2,1,3770.0,4,14,0,3
1046,2,4,939.5,2,38.6,0.0,3,1,25.6,1,2025-01-31 17:00:00,0.3,1252.7,1413.4,160.7,Moderate Delay,4,2,1,3758.0,8,17,1,0
1047,6,5,463.3,4,25.5,41.3,1,1,41.7,1,2025-03-05 20:00:00,0.54,617.7,668.6,50.9,On Time,1,3,1,463.3,3,20,1,1
1048,6,7,1972.2,3,13.5,36.8,0,0,15.7,1,2025-10-25 13:00:00,0.54,2629.6,2791.5,161.9,Moderate Delay,3,4,4,5916.6,12,13,0,3
1049,4,6,1350.7,4,11.1,15.0,2,2,34.5,1,2025-05-07 09:00:00,0.13,1800.9,1873.3,72.4,Slight Delay,2,3,2,2701.4,6,9,1,3
1050,4,5,1227.5,5,35.4,28.6,2,3,41.5,0,2025-02-20 10:00:00,0.36,1636.7,1769.8,133.1,Moderate Delay,2,5,3,2455.0,10,10,1,3
1051,8,9,700.0,0,24.0,0.0,1,1,38.2,0,2025-03-08 21:00:00,0.29,933.3,958.0,24.7,On Time,1,0,1,700.0,0,21,0,0
1052,2,0,809.2,0,19.5,0.0,0,2,50.0,1,2025-10-14 22:00:00,0.19,1078.9,1155.0,76.1,Slight Delay,3,0,2,2427.6000000000004,0,22,0,0
1053,8,6,1769.1,5,15.6,30.5,3,2,17.1,0,2025-12-19 21:00:00,0.03,2358.8,2570.2,211.4,Severe Delay,4,5,2,7076.4,20,21,0,3
1054,8,1,1424.5,1,39.9,3.4,2,2,1.4,1,2025-08-23 10:00:00,0.13,1899.3,1944.6,45.3,On Time,2,1,2,2849.0,2,10,1,3
1055,0,5,1119.9,0,34.1,0.0,2,2,48.6,0,2025-01-17 11:00:00,0.05,1493.2,1569.5,76.3,Slight Delay,2,0,2,2239.8,0,11,0,3
1056,0,4,1422.1,0,39.1,0.0,3,1,6.5,2,2025-07-09 15:00:00,0.49,1896.1,2046.7,150.6,Moderate Delay,4,0,1,5688.4,0,15,0,3
1057,7,5,1105.4,1,43.4,0.9,1,3,36.3,0,2025-07-11 15:00:00,0.49,1473.9,1543.7,69.8,On Time,1,1,3,1105.4,1,15,0,3
1058,6,0,1742.1,0,25.1,0.0,2,0,40.5,1,2025-08-04 07:00:00,0.16,2322.8,2388.8,66.0,On Time,2,0,4,3484.2,0,7,1,3
1059,6,4,898.4,1,13.0,1.4,2,2,39.2,2,2025-03-04 17:00:00,0.09,1197.9,1264.5,66.6,On Time,2,1,2,1796.8,2,17,1,0
1060,3,7,1435.9,3,32.4,54.8,3,3,21.0,1,2025-08-20 16:00:00,0.03,1914.5,2099.4,184.9,Severe Delay,4,4,3,5743.6,16,16,0,3
1061,8,0,602.8,2,40.5,0.0,2,0,40.0,1,2025-11-22 20:00:00,0.31,803.7,899.5,95.8,Slight Delay,2,2,4,1205.6,4,20,1,0
1062,9,0,715.9,1,15.8,0.2,0,1,19.6,1,2025-12-07 19:00:00,0.54,954.5,1025.5,71.0,Slight Delay,3,1,1,2147.7,3,19,1,0
1063,8,2,656.3,3,11.3,73.8,0,1,7.4,1,2025-08-15 14:00:00,0.33,875.1,952.1,77.0,Slight Delay,3,4,1,1968.8999999999999,12,14,0,0
1064,3,2,698.9,2,24.6,0.0,1,3,46.5,1,2025-11-27 09:00:00,0.55,931.9,1034.3,102.4,Slight Delay,1,2,3,698.9,2,9,1,0
1065,0,3,1254.8,1,26.9,2.0,1,0,49.3,0,2025-09-15 06:00:00,0.49,1673.1,1728.0,54.9,On Time,1,1,4,1254.8,1,6,0,3
1066,3,5,1633.3,1,22.6,2.9,1,3,4.2,2,2025-05-06 20:00:00,0.1,2177.7,2256.6,78.9,Slight Delay,1,1,3,1633.3,1,20,1,3
1067,3,5,611.6,5,40.0,79.9,0,2,31.7,1,2025-01-24 21:00:00,0.48,815.5,980.7,165.2,Moderate Delay,3,5,2,1834.8000000000002,15,21,0,0
1068,7,8,1812.9,3,11.3,21.5,2,2,15.8,2,2025-09-28 16:00:00,0.37,2417.2,2527.1,109.9,Slight Delay,2,4,2,3625.8,8,16,0,3
1069,8,6,556.9,0,43.2,0.0,1,1,23.5,1,2025-03-28 15:00:00,0.04,742.5,742.5,0.0,On Time,1,0,1,556.9,0,15,0,0
1070,1,2,939.2,4,42.5,72.6,1,0,4.9,0,2025-07-28 11:00:00,0.08,1252.3,1290.9,38.6,On Time,1,3,4,939.2,3,11,0,0
1071,7,8,1900.0,1,44.9,1.9,1,1,30.2,0,2025-07-19 09:00:00,0.51,2533.3,2588.8,55.5,On Time,1,1,1,1900.0,1,9,1,3
1072,4,1,520.4,3,20.9,14.1,0,3,43.3,0,2025-03-03 07:00:00,0.3,693.9,816.6,122.7,Moderate Delay,3,4,3,1561.1999999999998,12,7,1,0
1073,2,6,271.6,5,13.6,58.3,2,2,10.8,1,2025-09-16 18:00:00,0.18,362.1,455.3,93.2,Slight Delay,2,5,2,543.2,10,18,1,1
1074,3,4,658.2,0,25.3,0.0,0,2,15.7,1,2025-07-28 08:00:00,0.59,877.6,950.4,72.8,Slight Delay,3,0,2,1974.6000000000001,0,8,1,0
1075,9,7,246.3,3,28.7,69.3,2,1,37.0,0,2025-10-11 09:00:00,0.13,328.4,417.8,89.4,Slight Delay,2,4,1,492.6,8,9,1,1
1076,2,5,241.4,2,29.8,0.0,2,3,12.8,1,2025-07-28 20:00:00,0.26,321.9,379.6,57.7,On Time,2,2,3,482.8,4,20,1,1
1077,3,5,36.5,1,13.9,1.2,2,3,11.5,1,2025-03-28 13:00:00,0.59,48.7,118.2,69.5,On Time,2,1,3,73.0,2,13,0,2
1078,0,8,1435.4,5,35.5,55.0,3,1,43.6,2,2025-08-26 15:00:00,0.52,1913.9,2099.8,185.9,Severe Delay,4,5,1,5741.6,20,15,0,3
1079,1,7,1984.2,0,16.4,0.0,3,3,23.8,1,2025-05-09 18:00:00,0.52,2645.6,2769.3,123.7,Moderate Delay,4,0,3,7936.8,0,18,1,3
1080,4,2,1986.5,5,44.8,13.6,0,1,36.4,2,2025-10-01 08:00:00,0.03,2648.7,2773.4,124.7,Moderate Delay,3,5,1,5959.5,15,8,1,3
1081,6,3,340.1,3,18.4,43.7,1,0,28.7,1,2025-10-12 14:00:00,0.13,453.5,541.4,87.9,Slight Delay,1,4,4,340.1,4,14,0,1
1082,8,2,595.2,5,21.9,75.2,0,3,8.7,1,2025-05-14 20:00:00,0.03,793.6,940.3,146.7,Moderate Delay,3,5,3,1785.6000000000001,15,20,1,0
1083,6,2,218.1,2,30.6,0.0,0,3,39.0,2,2025-08-24 16:00:00,0.06,290.8,375.4,84.6,Slight Delay,3,2,3,654.3,6,16,0,1
1084,7,2,1763.9,2,36.5,0.0,1,2,28.4,2,2025-01-05 11:00:00,0.07,2351.9,2441.2,89.3,Slight Delay,1,2,2,1763.9,2,11,0,3
1085,8,5,49.4,2,38.3,0.0,3,2,47.0,1,2025-02-11 08:00:00,0.47,65.9,179.0,113.1,Slight Delay,4,2,2,197.6,8,8,1,2
1086,0,7,677.2,2,31.9,0.0,3,1,41.4,0,2025-07-12 17:00:00,0.56,902.9,1062.9,160.0,Moderate Delay,4,2,1,2708.8,8,17,1,0
1087,8,1,449.0,2,15.9,0.0,1,1,0.5,0,2025-07-09 12:00:00,0.43,598.7,645.4,46.7,On Time,1,2,1,449.0,2,12,0,1
1088,9,7,265.4,1,27.5,1.7,1,3,15.1,1,2025-12-30 17:00:00,0.04,353.9,369.8,15.9,On Time,1,1,3,265.4,1,17,1,1
1089,2,3,1368.7,5,24.6,57.6,0,0,37.9,2,2025-09-10 17:00:00,0.47,1824.9,2023.0,198.1,Severe Delay,3,5,4,4106.1,15,17,1,3
1090,7,4,1649.6,3,18.1,12.4,2,1,49.0,2,2025-11-23 18:00:00,0.18,2199.5,2300.1,100.6,Slight Delay,2,4,1,3299.2,8,18,1,3
1091,3,4,1385.9,5,29.8,10.8,3,0,8.6,1,2025-04-10 11:00:00,0.23,1847.9,2043.3,195.4,Severe Delay,4,5,4,5543.6,20,11,0,3
1092,3,2,1850.7,2,38.9,0.0,1,0,17.0,0,2025-10-19 13:00:00,0.16,2467.6,2544.0,76.4,Slight Delay,1,2,4,1850.7,2,13,0,3
1093,0,6,1394.8,1,39.1,4.2,1,3,34.1,1,2025-10-14 20:00:00,0.57,1859.7,1941.4,81.7,Slight Delay,1,1,3,1394.8,1,20,1,3
1094,7,9,917.0,2,40.7,0.0,1,3,5.5,0,2025-07-28 14:00:00,0.15,1222.7,1278.2,55.5,On Time,1,2,3,917.0,2,14,0,0
1095,3,5,333.1,3,40.1,38.6,3,3,45.9,1,2025-01-23 13:00:00,0.28,444.1,577.8,133.7,Moderate Delay,4,4,3,1332.4,16,13,0,1
1096,7,4,565.9,3,16.1,63.1,3,3,47.4,2,2025-07-20 12:00:00,0.06,754.5,904.3,149.8,Moderate Delay,4,4,3,2263.6,16,12,0,0
1097,4,3,1749.9,5,20.8,75.4,1,0,16.2,1,2025-08-05 08:00:00,0.39,2333.2,2478.7,145.5,Moderate Delay,1,5,4,1749.9,5,8,1,3
1098,2,6,908.9,1,44.3,4.8,0,3,16.8,2,2025-11-17 09:00:00,0.53,1211.9,1318.0,106.1,Slight Delay,3,1,3,2726.7,3,9,1,0
1099,7,0,365.6,3,12.5,35.0,1,3,29.1,0,2025-05-07 09:00:00,0.51,487.5,574.5,87.0,Slight Delay,1,4,3,365.6,4,9,1,1
1100,9,2,1014.7,4,21.9,61.8,1,3,27.4,1,2025-05-02 08:00:00,0.53,1352.9,1420.4,67.5,On Time,1,3,3,1014.7,3,8,1,3
1101,5,9,1254.5,0,22.5,0.0,3,1,42.3,2,2025-02-01 07:00:00,0.27,1672.7,1786.7,114.0,Slight Delay,4,0,1,5018.0,0,7,1,3
1102,8,4,673.0,2,32.8,0.0,1,0,38.0,2,2025-08-15 07:00:00,0.45,897.3,976.2,78.9,Slight Delay,1,2,4,673.0,2,7,1,0
1103,6,9,1905.6,0,37.8,0.0,1,1,29.1,1,2025-01-27 15:00:00,0.39,2540.8,2615.0,74.2,Slight Delay,1,0,1,1905.6,0,15,0,3
1104,8,9,841.9,0,15.2,0.0,3,0,47.9,1,2025-12-04 06:00:00,0.24,1122.5,1205.4,82.9,Slight Delay,4,0,4,3367.6,0,6,0,0
1105,9,8,1170.2,3,31.9,8.9,3,1,10.9,0,2025-11-30 06:00:00,0.04,1560.3,1700.0,139.7,Moderate Delay,4,4,1,4680.8,16,6,0,3
1106,9,5,291.4,4,39.7,51.2,2,1,9.7,2,2025-01-07 08:00:00,0.11,388.5,432.3,43.8,On Time,2,3,1,582.8,6,8,1,1
1107,5,2,1959.3,5,37.9,27.6,2,3,42.5,0,2025-08-04 21:00:00,0.46,2612.4,2760.9,148.5,Moderate Delay,2,5,3,3918.6,10,21,0,3
1108,5,9,1991.3,1,12.7,2.4,2,0,40.2,2,2025-01-31 10:00:00,0.47,2655.1,2773.5,118.4,Moderate Delay,2,1,4,3982.6,2,10,1,3
1109,6,9,668.5,5,42.3,25.2,0,3,49.5,1,2025-10-05 10:00:00,0.4,891.3,1027.3,136.0,Moderate Delay,3,5,3,2005.5,15,10,1,0
1110,1,0,1530.5,4,31.3,12.7,0,3,42.7,0,2025-01-05 22:00:00,0.36,2040.7,2164.0,123.3,Moderate Delay,3,3,3,4591.5,9,22,0,3
1111,5,1,76.0,0,10.5,0.0,2,1,6.9,0,2025-06-26 12:00:00,0.15,101.3,121.0,19.7,On Time,2,0,1,152.0,0,12,0,2
1112,2,6,324.9,0,23.2,0.0,0,0,31.6,1,2025-09-01 20:00:00,0.33,433.2,507.3,74.1,Slight Delay,3,0,4,974.6999999999999,0,20,1,1
1113,5,4,1115.7,5,22.7,32.4,0,3,44.0,0,2025-06-18 11:00:00,0.02,1487.6,1637.3,149.7,Moderate Delay,3,5,3,3347.1000000000004,15,11,0,3
1114,3,0,570.3,0,41.2,0.0,3,0,27.7,2,2025-11-24 13:00:00,0.25,760.4,900.6,140.2,Moderate Delay,4,0,4,2281.2,0,13,0,0
1115,2,0,878.9,5,30.8,22.5,2,0,47.1,0,2025-06-19 18:00:00,0.35,1171.9,1283.8,111.9,Slight Delay,2,5,4,1757.8,10,18,1,0
1116,2,9,1589.2,1,14.6,3.8,1,3,3.9,2,2025-02-07 17:00:00,0.01,2118.9,2174.1,55.2,On Time,1,1,3,1589.2,1,17,1,3
1117,7,5,1027.8,0,44.7,0.0,2,3,49.2,0,2025-04-10 17:00:00,0.38,1370.4,1427.5,57.1,On Time,2,0,3,2055.6,0,17,1,3
1118,7,3,1573.9,1,27.0,1.7,2,3,4.6,2,2025-04-23 14:00:00,0.33,2098.5,2157.4,58.9,On Time,2,1,3,3147.8,2,14,0,3
1119,1,8,956.7,5,43.9,62.9,2,0,45.0,2,2025-01-12 11:00:00,0.2,1275.6,1446.6,171.0,Severe Delay,2,5,4,1913.4,10,11,0,0
1120,6,3,1556.8,0,28.7,0.0,2,2,40.0,1,2025-02-26 16:00:00,0.36,2075.7,2171.4,95.7,Slight Delay,2,0,2,3113.6,0,16,0,3
1121,2,4,833.9,3,36.7,12.5,2,3,39.0,0,2025-12-05 11:00:00,0.22,1111.9,1188.3,76.4,Slight Delay,2,4,3,1667.8,8,11,0,0
1122,0,8,793.7,2,35.9,0.0,1,1,30.3,2,2025-03-08 12:00:00,0.4,1058.3,1131.9,73.6,Slight Delay,1,2,1,793.7,2,12,0,0
1123,2,5,597.8,3,36.8,62.3,0,3,15.0,1,2025-08-08 13:00:00,0.05,797.1,896.9,99.8,Slight Delay,3,4,3,1793.3999999999999,12,13,0,0
1124,7,6,992.3,5,31.0,12.2,0,0,19.5,0,2025-05-07 07:00:00,0.57,1323.1,1501.1,178.0,Severe Delay,3,5,4,2976.8999999999996,15,7,1,0
1125,6,1,1020.1,5,43.6,17.9,3,0,36.1,1,2025-02-11 21:00:00,0.37,1360.1,1545.5,185.4,Severe Delay,4,5,4,4080.4,20,21,0,3
1126,5,3,36.4,1,44.0,2.2,3,3,48.5,0,2025-09-23 20:00:00,0.08,48.5,132.6,84.1,Slight Delay,4,1,3,145.6,4,20,1,2
1127,1,8,1825.9,2,16.8,0.0,0,2,30.8,1,2025-09-11 21:00:00,0.59,2434.5,2582.5,148.0,Moderate Delay,3,2,2,5477.700000000001,6,21,0,3
1128,6,9,317.3,2,33.1,0.0,1,0,16.5,2,2025-04-14 20:00:00,0.2,423.1,499.4,76.3,Slight Delay,1,2,4,317.3,2,20,1,1
1129,2,9,147.2,1,16.8,3.3,0,2,42.8,0,2025-10-20 11:00:00,0.15,196.3,259.1,62.8,On Time,3,1,2,441.59999999999997,3,11,0,1
1130,4,6,1554.2,5,21.8,52.5,1,0,3.0,2,2025-06-01 20:00:00,0.37,2072.3,2188.5,116.2,Moderate Delay,1,5,4,1554.2,5,20,1,3
1131,0,4,119.3,1,23.9,1.9,1,2,14.6,1,2025-11-15 16:00:00,0.55,159.1,221.9,62.8,On Time,1,1,2,119.3,1,16,0,1
1132,8,0,1011.5,3,27.1,39.2,3,2,10.7,0,2025-09-12 16:00:00,0.45,1348.7,1543.0,194.3,Severe Delay,4,4,2,4046.0,16,16,0,3
1133,6,9,1333.6,0,40.5,0.0,2,2,41.5,2,2025-05-16 08:00:00,0.22,1778.1,1811.4,33.3,On Time,2,0,2,2667.2,0,8,1,3
1134,4,3,552.2,4,45.0,10.4,1,3,2.7,2,2025-02-20 09:00:00,0.13,736.3,807.0,70.7,On Time,1,3,3,552.2,3,9,1,0
1135,3,8,1944.6,0,15.0,0.0,2,3,5.5,2,2025-12-12 16:00:00,0.07,2592.8,2684.4,91.6,Slight Delay,2,0,3,3889.2,0,16,0,3
1136,6,4,1364.5,2,39.1,0.0,0,0,23.2,1,2025-11-06 10:00:00,0.36,1819.3,1937.5,118.2,Moderate Delay,3,2,4,4093.5,6,10,1,3
1137,0,6,1133.3,0,18.8,0.0,0,3,47.8,0,2025-07-26 18:00:00,0.29,1511.1,1599.4,88.3,Slight Delay,3,0,3,3399.8999999999996,0,18,1,3
1138,5,7,259.9,3,10.2,43.1,2,2,49.9,2,2025-04-27 12:00:00,0.42,346.5,454.3,107.8,Slight Delay,2,4,2,519.8,8,12,0,1
1139,9,2,615.0,5,15.2,22.0,3,2,23.7,0,2025-02-13 16:00:00,0.25,820.0,979.3,159.3,Moderate Delay,4,5,2,2460.0,20,16,0,0
1140,2,9,451.0,2,14.8,0.0,3,0,27.8,0,2025-08-19 06:00:00,0.36,601.3,761.0,159.7,Moderate Delay,4,2,4,1804.0,8,6,0,1
1141,4,1,711.9,5,17.4,33.1,2,3,14.0,1,2025-01-05 21:00:00,0.05,949.2,1060.6,111.4,Slight Delay,2,5,3,1423.8,10,21,0,0
1142,4,8,147.0,1,17.9,4.0,3,2,40.3,1,2025-07-26 15:00:00,0.12,196.0,260.0,64.0,On Time,4,1,2,588.0,4,15,0,1
1143,4,7,1093.4,5,36.8,68.0,1,0,40.4,2,2025-06-19 18:00:00,0.01,1457.9,1562.3,104.4,Slight Delay,1,5,4,1093.4,5,18,1,3
1144,8,2,1979.3,3,15.5,43.7,1,2,39.7,2,2025-09-01 09:00:00,0.26,2639.1,2753.4,114.3,Slight Delay,1,4,2,1979.3,4,9,1,3
1145,4,0,1687.6,2,32.7,0.0,0,1,20.5,2,2025-02-23 11:00:00,0.01,2250.1,2353.6,103.5,Slight Delay,3,2,1,5062.799999999999,6,11,0,3
1146,7,0,126.3,0,21.0,0.0,2,0,7.9,2,2025-07-17 15:00:00,0.35,168.4,205.1,36.7,On Time,2,0,4,252.6,0,15,0,1
1147,2,6,863.8,4,43.1,21.3,1,2,13.2,2,2025-07-08 22:00:00,0.06,1151.7,1206.8,55.1,On Time,1,3,2,863.8,3,22,0,0
1148,7,2,1331.6,4,31.5,44.8,3,2,34.3,2,2025-02-26 10:00:00,0.38,1775.5,1935.5,160.0,Moderate Delay,4,3,2,5326.4,12,10,1,3
1149,0,8,1806.3,3,23.5,63.4,1,2,36.4,2,2025-03-08 12:00:00,0.04,2408.4,2519.7,111.3,Slight Delay,1,4,2,1806.3,4,12,0,3
1150,6,9,702.9,2,11.2,0.0,3,0,27.3,1,2025-10-22 15:00:00,0.23,937.2,1095.7,158.5,Moderate Delay,4,2,4,2811.6,8,15,0,0
1151,5,2,448.7,5,19.2,20.6,3,3,38.4,2,2025-01-04 10:00:00,0.57,598.3,825.9,227.6,Severe Delay,4,5,3,1794.8,20,10,1,1
1152,9,3,1113.4,3,29.5,25.8,2,3,24.1,1,2025-09-09 20:00:00,0.28,1484.5,1615.0,130.5,Moderate Delay,2,4,3,2226.8,8,20,1,3
1153,9,7,1735.1,2,41.2,0.0,1,3,13.9,1,2025-08-22 17:00:00,0.02,2313.5,2402.2,88.7,Slight Delay,1,2,3,1735.1,2,17,1,3
1154,6,9,1722.1,5,42.9,20.1,2,2,15.8,2,2025-04-02 19:00:00,0.14,2296.1,2447.9,151.8,Moderate Delay,2,5,2,3444.2,10,19,1,3
1155,9,8,77.1,2,12.2,0.0,2,1,27.1,0,2025-12-24 07:00:00,0.43,102.8,190.0,87.2,Slight Delay,2,2,1,154.2,4,7,1,2
1156,2,1,1532.7,4,44.7,30.9,0,1,20.8,1,2025-04-22 21:00:00,0.1,2043.6,2117.2,73.6,Slight Delay,3,3,1,4598.1,9,21,0,3
1157,8,5,584.5,0,25.9,0.0,0,1,14.9,2,2025-09-16 16:00:00,0.14,779.3,845.5,66.2,On Time,3,0,1,1753.5,0,16,0,0
1158,8,0,1316.9,1,25.6,1.7,0,0,41.9,1,2025-01-23 20:00:00,0.46,1755.9,1851.3,95.4,Slight Delay,3,1,4,3950.7000000000003,3,20,1,3
1159,7,1,122.3,2,21.8,0.0,3,2,37.8,0,2025-07-24 12:00:00,0.18,163.1,296.4,133.3,Moderate Delay,4,2,2,489.2,8,12,0,1
1160,8,7,1052.1,0,42.2,0.0,0,1,32.2,1,2025-03-11 16:00:00,0.1,1402.8,1458.5,55.7,On Time,3,0,1,3156.2999999999997,0,16,0,3
1161,9,0,1631.7,3,35.3,51.1,1,1,8.0,1,2025-12-03 13:00:00,0.5,2175.6,2277.8,102.2,Slight Delay,1,4,1,1631.7,4,13,0,3
1162,9,1,1756.5,3,16.3,64.8,0,0,23.1,2,2025-01-10 09:00:00,0.2,2342.0,2480.4,138.4,Moderate Delay,3,4,4,5269.5,12,9,1,3
1163,1,4,243.1,0,12.5,0.0,3,0,37.3,2,2025-12-10 06:00:00,0.43,324.1,469.6,145.5,Moderate Delay,4,0,4,972.4,0,6,0,1
1164,6,1,1626.7,3,39.0,47.7,0,0,15.6,2,2025-01-18 12:00:00,0.13,2168.9,2302.7,133.8,Moderate Delay,3,4,4,4880.1,12,12,0,3
1165,9,7,481.4,2,30.6,0.0,1,2,46.2,1,2025-06-07 20:00:00,0.45,641.9,715.6,73.7,Slight Delay,1,2,2,481.4,2,20,1,1
1166,7,3,1505.0,0,16.1,0.0,3,0,18.9,2,2025-07-11 13:00:00,0.02,2006.7,2120.0,113.3,Slight Delay,4,0,4,6020.0,0,13,0,3
1167,2,3,759.2,0,40.6,0.0,3,1,11.1,2,2025-06-22 12:00:00,0.2,1012.3,1151.6,139.3,Moderate Delay,4,0,1,3036.8,0,12,0,0
1168,3,6,1871.8,0,20.5,0.0,2,0,18.3,2,2025-08-01 22:00:00,0.43,2495.7,2594.0,98.3,Slight Delay,2,0,4,3743.6,0,22,0,3
1169,3,8,373.0,4,42.4,62.2,2,0,24.3,1,2025-07-22 19:00:00,0.41,497.3,559.5,62.2,On Time,2,3,4,746.0,6,19,1,1
1170,3,6,599.6,1,16.1,4.0,1,3,47.8,0,2025-03-30 06:00:00,0.25,799.5,837.1,37.6,On Time,1,1,3,599.6,1,6,0,0
1171,8,4,1126.3,0,12.0,0.0,3,0,35.0,0,2025-04-23 08:00:00,0.03,1501.7,1613.6,111.9,Slight Delay,4,0,4,4505.2,0,8,1,3
1172,6,8,1193.1,0,20.4,0.0,1,0,3.2,0,2025-06-04 21:00:00,0.0,1590.8,1640.7,49.9,On Time,1,0,4,1193.1,0,21,0,3
1173,3,5,310.8,5,29.3,15.8,2,3,30.8,2,2025-11-04 16:00:00,0.56,414.4,515.2,100.8,Slight Delay,2,5,3,621.6,10,16,0,1
1174,8,1,759.1,4,24.6,27.5,2,3,33.0,1,2025-09-04 08:00:00,0.55,1012.1,1097.2,85.1,Slight Delay,2,3,3,1518.2,6,8,1,0
1175,4,7,920.9,5,15.2,38.7,3,2,14.3,1,2025-11-24 13:00:00,0.57,1227.9,1419.4,191.5,Severe Delay,4,5,2,3683.6,20,13,0,0
1176,0,7,681.7,1,17.3,4.0,1,1,31.4,0,2025-05-02 19:00:00,0.28,908.9,947.6,38.7,On Time,1,1,1,681.7,1,19,1,0
1177,2,3,1052.4,0,37.3,0.0,2,3,17.3,0,2025-06-01 12:00:00,0.11,1403.2,1486.4,83.2,Slight Delay,2,0,3,2104.8,0,12,0,3
1178,1,9,1339.3,1,29.1,1.0,1,0,37.9,1,2025-11-03 20:00:00,0.48,1785.7,1825.5,39.8,On Time,1,1,4,1339.3,1,20,1,3
1179,4,1,635.5,4,43.4,63.8,0,1,33.2,1,2025-08-01 15:00:00,0.31,847.3,945.5,98.2,Slight Delay,3,3,1,1906.5,9,15,0,0
1180,7,6,1630.0,2,37.5,0.0,0,3,44.6,2,2025-04-16 07:00:00,0.33,2173.3,2357.8,184.5,Severe Delay,3,2,3,4890.0,6,7,1,3
1181,2,6,787.4,5,31.5,9.2,3,3,25.6,2,2025-08-15 06:00:00,0.52,1049.9,1253.7,203.8,Severe Delay,4,5,3,3149.6,20,6,0,0
1182,3,0,1271.3,0,38.0,0.0,2,1,22.9,1,2025-03-14 12:00:00,0.49,1695.1,1733.3,38.2,On Time,2,0,1,2542.6,0,12,0,3
1183,1,3,132.1,1,15.9,1.4,2,0,14.5,1,2025-02-10 19:00:00,0.4,176.1,234.4,58.3,On Time,2,1,4,264.2,2,19,1,1
1184,9,6,189.0,1,25.6,4.2,2,0,31.0,0,2025-04-01 13:00:00,0.18,252.0,306.1,54.1,On Time,2,1,4,378.0,2,13,0,1
1185,6,4,1996.4,5,10.1,7.1,3,0,41.3,0,2025-09-04 08:00:00,0.12,2661.9,2852.4,190.5,Severe Delay,4,5,4,7985.6,20,8,1,3
1186,4,9,1853.9,3,38.5,29.2,2,2,49.1,0,2025-08-05 22:00:00,0.43,2471.9,2566.0,94.1,Slight Delay,2,4,2,3707.8,8,22,0,3
1187,5,8,1032.7,1,13.3,4.6,3,1,17.5,0,2025-08-07 08:00:00,0.54,1376.9,1483.0,106.1,Slight Delay,4,1,1,4130.8,4,8,1,3
1188,6,5,238.3,1,23.4,4.7,2,3,34.8,0,2025-08-26 15:00:00,0.52,317.7,395.4,77.7,Slight Delay,2,1,3,476.6,2,15,0,1
1189,9,6,750.0,3,10.4,56.7,3,1,49.0,0,2025-03-11 21:00:00,0.58,1000.0,1165.8,165.8,Moderate Delay,4,4,1,3000.0,16,21,0,0
1190,2,1,1089.3,1,24.5,4.9,1,1,29.3,1,2025-07-11 21:00:00,0.52,1452.4,1480.6,28.2,On Time,1,1,1,1089.3,1,21,0,3
1191,8,9,417.7,3,16.5,24.1,0,2,15.6,0,2025-06-07 08:00:00,0.22,556.9,676.4,119.5,Moderate Delay,3,4,2,1253.1,12,8,1,1
1192,8,7,1658.8,0,25.0,0.0,3,0,32.2,2,2025-08-12 14:00:00,0.57,2211.7,2360.1,148.4,Moderate Delay,4,0,4,6635.2,0,14,0,3
1193,4,5,1963.0,2,28.1,0.0,3,3,46.4,1,2025-01-30 18:00:00,0.24,2617.3,2803.5,186.2,Severe Delay,4,2,3,7852.0,8,18,1,3
1194,8,2,590.7,1,16.8,4.9,3,1,18.4,0,2025-11-20 06:00:00,0.36,787.6,897.7,110.1,Slight Delay,4,1,1,2362.8,4,6,0,0
1195,1,4,1727.5,5,16.3,45.8,3,0,47.6,0,2025-05-07 11:00:00,0.38,2303.3,2560.0,256.7,Severe Delay,4,5,4,6910.0,20,11,0,3
1196,7,1,1409.7,0,18.0,0.0,3,2,0.7,1,2025-10-28 08:00:00,0.21,1879.6,1985.8,106.2,Slight Delay,4,0,2,5638.8,0,8,1,3
1197,0,2,356.3,3,13.7,73.0,2,2,49.9,0,2025-12-21 15:00:00,0.1,475.1,542.3,67.2,On Time,2,4,2,712.6,8,15,0,1
1198,0,5,1430.9,2,32.2,0.0,3,3,19.7,1,2025-07-30 08:00:00,0.55,1907.9,2055.3,147.4,Moderate Delay,4,2,3,5723.6,8,8,1,3
1199,3,8,884.2,1,30.4,2.6,0,0,16.9,1,2025-07-23 15:00:00,0.33,1178.9,1241.5,62.6,On Time,3,1,4,2652.6000000000004,3,15,0,0
1200,7,2,64.2,3,16.0,47.4,1,1,35.3,2,2025-12-23 19:00:00,0.12,85.6,145.9,60.3,On Time,1,4,1,64.2,4,19,1,2
1201,0,8,1990.2,2,42.8,0.0,0,2,0.7,2,2025-04-01 17:00:00,0.53,2653.6,2792.6,139.0,Moderate Delay,3,2,2,5970.6,6,17,1,3
1202,1,2,1889.8,1,31.4,3.6,3,0,38.2,1,2025-02-26 20:00:00,0.16,2519.7,2615.4,95.7,Slight Delay,4,1,4,7559.2,4,20,1,3
1203,5,2,375.5,1,14.4,4.6,2,1,7.4,1,2025-04-04 12:00:00,0.32,500.7,515.8,15.1,On Time,2,1,1,751.0,2,12,0,1
1204,6,9,1132.0,3,34.2,44.9,1,0,22.0,2,2025-05-31 08:00:00,0.23,1509.3,1623.4,114.1,Slight Delay,1,4,4,1132.0,4,8,1,3
1205,8,3,608.7,4,26.5,12.0,1,3,2.8,2,2025-10-27 13:00:00,0.07,811.6,856.8,45.2,On Time,1,3,3,608.7,3,13,0,0
1206,9,0,163.9,2,29.9,0.0,1,1,28.2,2,2025-05-17 06:00:00,0.51,218.5,285.6,67.1,On Time,1,2,1,163.9,2,6,0,1
1207,5,7,1028.0,0,29.4,0.0,2,1,41.3,0,2025-11-05 22:00:00,0.3,1370.7,1410.0,39.3,On Time,2,0,1,2056.0,0,22,0,3
1208,6,0,395.7,3,42.4,7.4,0,2,23.4,0,2025-07-09 16:00:00,0.19,527.6,658.7,131.1,Moderate Delay,3,4,2,1187.1,12,16,0,1
1209,4,2,1572.2,4,41.4,37.9,3,2,12.1,1,2025-01-30 17:00:00,0.25,2096.3,2214.8,118.5,Moderate Delay,4,3,2,6288.8,12,17,1,3
1210,4,3,489.1,0,34.3,0.0,3,2,48.8,1,2025-03-13 06:00:00,0.58,652.1,767.2,115.1,Moderate Delay,4,0,2,1956.4,0,6,0,1
1211,5,3,1355.0,5,21.8,17.7,0,0,29.2,0,2025-08-20 21:00:00,0.29,1806.7,1967.4,160.7,Moderate Delay,3,5,4,4065.0,15,21,0,3
1212,0,8,706.8,2,11.3,0.0,2,1,9.7,1,2025-06-14 06:00:00,0.45,942.4,1027.9,85.5,Slight Delay,2,2,1,1413.6,4,6,0,0
1213,4,7,62.5,2,35.9,0.0,0,2,48.0,2,2025-11-07 21:00:00,0.52,83.3,194.6,111.3,Slight Delay,3,2,2,187.5,6,21,0,2
1214,8,3,1388.0,4,24.7,69.1,3,2,38.7,1,2025-12-25 09:00:00,0.04,1850.7,1964.2,113.5,Slight Delay,4,3,2,5552.0,12,9,1,3
1215,8,6,820.9,5,20.2,22.6,2,0,26.9,1,2025-10-20 22:00:00,0.07,1094.5,1194.4,99.9,Slight Delay,2,5,4,1641.8,10,22,0,0
1216,7,2,203.8,3,28.1,21.0,1,3,27.1,1,2025-10-08 20:00:00,0.5,271.7,387.0,115.3,Moderate Delay,1,4,3,203.8,4,20,1,1
1217,1,0,1035.2,0,20.7,0.0,3,0,23.2,2,2025-04-19 11:00:00,0.11,1380.3,1498.1,117.8,Moderate Delay,4,0,4,4140.8,0,11,0,3
1218,3,1,1369.4,3,21.9,47.9,1,0,22.6,0,2025-07-16 14:00:00,0.4,1825.9,1938.7,112.8,Slight Delay,1,4,4,1369.4,4,14,0,3
1219,2,4,381.7,2,20.9,0.0,3,1,25.7,1,2025-03-11 21:00:00,0.52,508.9,663.6,154.7,Moderate Delay,4,2,1,1526.8,8,21,0,1
1220,3,8,107.8,1,20.8,3.4,1,3,28.5,0,2025-07-15 19:00:00,0.26,143.7,177.7,34.0,On Time,1,1,3,107.8,1,19,1,1
1221,2,6,536.5,4,40.4,53.3,1,3,1.5,2,2025-02-27 08:00:00,0.43,715.3,760.8,45.5,On Time,1,3,3,536.5,3,8,1,0
1222,4,2,757.2,2,21.1,0.0,1,3,31.2,2,2025-06-10 18:00:00,0.1,1009.6,1072.9,63.3,On Time,1,2,3,757.2,2,18,1,0
1223,5,7,54.8,4,31.7,39.3,1,0,28.6,0,2025-08-05 16:00:00,0.54,73.1,134.2,61.1,On Time,1,3,4,54.8,3,16,0,2
1224,4,1,903.0,5,20.8,50.6,2,1,9.7,0,2025-01-05 20:00:00,0.38,1204.0,1327.5,123.5,Moderate Delay,2,5,1,1806.0,10,20,1,0
1225,4,1,128.8,4,16.2,46.2,2,2,24.3,1,2025-08-22 10:00:00,0.03,171.7,201.7,30.0,On Time,2,3,2,257.6,6,10,1,1
1226,5,6,1305.1,1,40.9,0.9,1,3,42.1,0,2025-09-15 09:00:00,0.07,1740.1,1779.4,39.3,On Time,1,1,3,1305.1,1,9,1,3
1227,6,0,173.8,2,43.6,0.0,2,2,44.0,0,2025-12-27 18:00:00,0.45,231.7,324.3,92.6,Slight Delay,2,2,2,347.6,4,18,1,1
1228,7,8,1553.3,1,19.2,1.6,2,0,5.8,1,2025-01-27 11:00:00,0.56,2071.1,2184.0,112.9,Slight Delay,2,1,4,3106.6,2,11,0,3
1229,9,8,1561.5,4,39.9,37.7,2,1,19.2,1,2025-07-20 16:00:00,0.45,2082.0,2193.7,111.7,Slight Delay,2,3,1,3123.0,6,16,0,3
1230,8,0,393.0,4,37.5,49.7,3,2,44.7,2,2025-09-28 15:00:00,0.1,524.0,662.7,138.7,Moderate Delay,4,3,2,1572.0,12,15,0,1
1231,6,2,575.2,2,44.1,0.0,3,1,9.5,2,2025-06-15 07:00:00,0.22,766.9,915.3,148.4,Moderate Delay,4,2,1,2300.8,8,7,1,0
1232,6,0,327.8,2,30.9,0.0,2,0,12.9,0,2025-12-23 21:00:00,0.2,437.1,491.1,54.0,On Time,2,2,4,655.6,4,21,0,1
1233,6,1,1732.3,1,34.3,0.0,2,0,31.0,1,2025-11-30 06:00:00,0.06,2309.7,2400.2,90.5,Slight Delay,2,1,4,3464.6,2,6,0,3
1234,4,3,351.5,2,19.3,0.0,2,2,22.5,0,2025-12-14 11:00:00,0.43,468.7,553.2,84.5,Slight Delay,2,2,2,703.0,4,11,0,1
1235,7,1,467.5,4,33.0,17.3,3,0,3.3,2,2025-03-02 22:00:00,0.07,623.3,773.7,150.4,Moderate Delay,4,3,4,1870.0,12,22,0,1
1236,4,9,1500.2,1,35.6,0.2,3,0,27.7,2,2025-03-02 13:00:00,0.28,2000.3,2131.9,131.6,Moderate Delay,4,1,4,6000.8,4,13,0,3
1237,8,0,275.8,4,40.0,46.9,2,2,43.1,1,2025-12-10 08:00:00,0.5,367.7,417.2,49.5,On Time,2,3,2,551.6,6,8,1,1
1238,9,8,932.1,4,18.8,33.1,3,3,40.1,2,2025-03-03 09:00:00,0.5,1242.8,1400.8,158.0,Moderate Delay,4,3,3,3728.4,12,9,1,0
1239,3,1,454.0,3,33.7,48.7,2,1,27.9,1,2025-10-21 21:00:00,0.52,605.3,673.2,67.9,On Time,2,4,1,908.0,8,21,0,1
1240,6,3,394.0,5,36.6,11.8,2,2,26.0,0,2025-11-27 19:00:00,0.04,525.3,632.6,107.3,Slight Delay,2,5,2,788.0,10,19,1,1
1241,6,1,469.0,0,26.0,0.0,0,1,47.7,1,2025-10-03 11:00:00,0.51,625.3,678.5,53.2,On Time,3,0,1,1407.0,0,11,0,1
1242,8,7,974.2,3,43.9,55.4,3,1,8.1,1,2025-10-27 09:00:00,0.08,1298.9,1446.3,147.4,Moderate Delay,4,4,1,3896.8,16,9,1,0
1243,2,3,356.0,1,10.3,1.2,2,1,12.1,1,2025-08-17 16:00:00,0.25,474.7,510.4,35.7,On Time,2,1,1,712.0,2,16,0,1
1244,3,7,993.4,1,10.6,0.7,2,0,19.2,2,2025-10-15 14:00:00,0.41,1324.5,1397.5,73.0,Slight Delay,2,1,4,1986.8,2,14,0,0
1245,7,1,284.4,0,27.1,0.0,0,3,37.5,1,2025-03-29 19:00:00,0.07,379.2,420.6,41.4,On Time,3,0,3,853.1999999999999,0,19,1,1
1246,7,6,918.8,4,24.3,42.3,1,3,2.5,1,2025-10-01 20:00:00,0.54,1225.1,1313.1,88.0,Slight Delay,1,3,3,918.8,3,20,1,0
1247,1,0,1329.7,2,39.7,0.0,0,3,37.7,1,2025-10-03 22:00:00,0.27,1772.9,1919.2,146.3,Moderate Delay,3,2,3,3989.1000000000004,6,22,0,3
1248,2,3,1233.5,2,35.2,0.0,1,0,32.3,2,2025-04-07 10:00:00,0.31,1644.7,1735.0,90.3,Slight Delay,1,2,4,1233.5,2,10,1,3
1249,6,2,1189.5,1,44.0,1.8,2,3,20.0,0,2025-03-07 19:00:00,0.12,1586.0,1660.4,74.4,Slight Delay,2,1,3,2379.0,2,19,1,3
1250,3,5,898.7,4,20.0,72.2,0,2,43.1,1,2025-03-25 18:00:00,0.1,1198.3,1273.5,75.2,Slight Delay,3,3,2,2696.1000000000004,9,18,1,0
1251,9,3,759.1,4,41.1,39.0,3,0,16.1,1,2025-04-15 08:00:00,0.56,1012.1,1188.2,176.1,Severe Delay,4,3,4,3036.4,12,8,1,0
1252,6,2,596.1,2,37.8,0.0,0,0,24.8,0,2025-03-20 16:00:00,0.02,794.8,887.3,92.5,Slight Delay,3,2,4,1788.3000000000002,6,16,0,0
1253,8,9,597.6,0,17.9,0.0,2,1,6.9,0,2025-03-05 09:00:00,0.57,796.8,825.8,29.0,On Time,2,0,1,1195.2,0,9,1,0
1254,0,8,1954.7,0,37.9,0.0,0,1,20.9,0,2025-06-20 14:00:00,0.09,2606.3,2669.5,63.2,On Time,3,0,1,5864.1,0,14,0,3
1255,1,6,1578.4,4,21.0,11.4,1,1,23.5,0,2025-04-24 18:00:00,0.45,2104.5,2197.1,92.6,Slight Delay,1,3,1,1578.4,3,18,1,3
1256,3,1,439.7,1,21.9,1.6,0,2,47.8,2,2025-09-28 17:00:00,0.47,586.3,672.4,86.1,Slight Delay,3,1,2,1319.1,3,17,1,1
1257,5,6,1744.9,5,19.5,11.1,0,1,33.0,2,2025-03-29 16:00:00,0.39,2326.5,2475.6,149.1,Moderate Delay,3,5,1,5234.700000000001,15,16,0,3
1258,8,1,484.4,4,16.7,48.1,3,2,16.7,1,2025-03-07 14:00:00,0.49,645.9,755.0,109.1,Slight Delay,4,3,2,1937.6,12,14,0,1
1259,7,5,1955.9,2,37.7,0.0,2,0,24.8,2,2025-07-13 14:00:00,0.05,2607.9,2725.8,117.9,Moderate Delay,2,2,4,3911.8,4,14,0,3
1260,7,8,1761.1,2,42.8,0.0,2,2,20.6,1,2025-08-23 11:00:00,0.34,2348.1,2444.7,96.6,Slight Delay,2,2,2,3522.2,4,11,0,3
1261,9,4,576.4,3,19.2,21.7,0,3,35.6,0,2025-09-24 13:00:00,0.05,768.5,889.3,120.8,Moderate Delay,3,4,3,1729.1999999999998,12,13,0,0
1262,6,3,1707.2,4,43.8,48.6,3,3,45.5,2,2025-11-21 08:00:00,0.49,2276.3,2451.5,175.2,Severe Delay,4,3,3,6828.8,12,8,1,3
1263,3,6,271.9,0,23.9,0.0,2,1,13.9,2,2025-05-27 21:00:00,0.17,362.5,376.4,13.9,On Time,2,0,1,543.8,0,21,0,1
1264,7,9,532.8,2,27.1,0.0,2,2,32.8,0,2025-09-21 09:00:00,0.07,710.4,774.8,64.4,On Time,2,2,2,1065.6,4,9,1,0
1265,8,7,498.3,5,27.2,10.6,2,1,2.2,1,2025-08-06 17:00:00,0.28,664.4,765.8,101.4,Slight Delay,2,5,1,996.6,10,17,1,1
1266,2,5,1666.4,2,26.2,0.0,1,2,37.0,2,2025-12-12 22:00:00,0.08,2221.9,2295.0,73.1,Slight Delay,1,2,2,1666.4,2,22,0,3
1267,2,1,1404.0,0,26.0,0.0,0,0,26.8,1,2025-06-30 07:00:00,0.09,1872.0,1951.5,79.5,Slight Delay,3,0,4,4212.0,0,7,1,3
1268,8,0,828.4,3,20.8,27.3,2,3,15.6,2,2025-06-23 13:00:00,0.53,1104.5,1248.5,144.0,Moderate Delay,2,4,3,1656.8,8,13,0,0
1269,0,3,930.9,4,37.4,28.2,0,2,32.3,0,2025-05-16 12:00:00,0.53,1241.2,1347.5,106.3,Slight Delay,3,3,2,2792.7,9,12,0,0
1270,7,9,943.1,1,32.9,0.5,0,1,13.0,0,2025-11-13 21:00:00,0.55,1257.5,1356.8,99.3,Slight Delay,3,1,1,2829.3,3,21,0,0
1271,7,8,1682.9,0,20.2,0.0,3,3,46.6,0,2025-07-01 09:00:00,0.33,2243.9,2404.3,160.4,Moderate Delay,4,0,3,6731.6,0,9,1,3
1272,7,8,1244.8,2,39.3,0.0,2,2,26.0,0,2025-01-05 09:00:00,0.23,1659.7,1746.2,86.5,Slight Delay,2,2,2,2489.6,4,9,1,3
1273,8,0,295.6,1,30.3,4.4,1,0,23.9,0,2025-03-05 21:00:00,0.45,394.1,445.7,51.6,On Time,1,1,4,295.6,1,21,0,1
1274,7,2,386.2,2,11.4,0.0,0,0,2.3,0,2025-07-22 17:00:00,0.5,514.9,640.4,125.5,Moderate Delay,3,2,4,1158.6,6,17,1,1
1275,6,8,1240.3,3,16.4,55.9,2,3,38.3,2,2025-08-13 20:00:00,0.26,1653.7,1761.2,107.5,Slight Delay,2,4,3,2480.6,8,20,1,3
1276,1,2,174.7,4,25.0,44.9,3,1,45.0,0,2025-12-30 12:00:00,0.6,232.9,400.8,167.9,Moderate Delay,4,3,1,698.8,12,12,0,1
1277,3,6,177.9,4,24.1,53.5,1,0,17.9,0,2025-08-04 16:00:00,0.16,237.2,285.0,47.8,On Time,1,3,4,177.9,3,16,0,1
1278,7,2,424.4,2,29.1,0.0,2,2,38.4,1,2025-05-17 09:00:00,0.54,565.9,653.5,87.6,Slight Delay,2,2,2,848.8,4,9,1,1
1279,8,0,416.4,5,14.0,68.2,3,0,13.3,0,2025-07-24 22:00:00,0.17,555.2,728.1,172.9,Severe Delay,4,5,4,1665.6,20,22,0,1
1280,8,1,735.3,0,40.2,0.0,1,1,21.5,2,2025-03-21 17:00:00,0.55,980.4,1012.1,31.7,On Time,1,0,1,735.3,0,17,1,0
1281,0,7,1310.9,2,27.0,0.0,2,1,39.6,1,2025-06-25 19:00:00,0.55,1747.9,1862.4,114.5,Slight Delay,2,2,1,2621.8,4,19,1,3
1282,5,7,1549.6,3,19.3,20.7,3,3,47.2,0,2025-09-06 08:00:00,0.01,2066.1,2227.8,161.7,Moderate Delay,4,4,3,6198.4,16,8,1,3
1283,8,2,449.2,5,30.5,31.1,2,0,33.0,2,2025-05-24 09:00:00,0.01,598.9,698.1,99.2,Slight Delay,2,5,4,898.4,10,9,1,1
1284,6,2,1541.4,2,20.1,0.0,3,0,20.7,0,2025-12-28 09:00:00,0.31,2055.2,2176.9,121.7,Moderate Delay,4,2,4,6165.6,8,9,1,3
1285,0,1,395.6,1,21.8,0.4,2,0,10.0,2,2025-03-09 18:00:00,0.55,527.5,616.7,89.2,Slight Delay,2,1,4,791.2,2,18,1,1
1286,7,4,994.0,1,38.8,2.0,2,2,49.2,2,2025-11-12 12:00:00,0.46,1325.3,1415.4,90.1,Slight Delay,2,1,2,1988.0,2,12,0,0
1287,3,7,1929.0,3,21.4,64.9,3,3,10.9,1,2025-11-21 13:00:00,0.33,2572.0,2727.6,155.6,Moderate Delay,4,4,3,7716.0,16,13,0,3
1288,2,8,665.4,3,29.7,19.0,3,1,40.1,1,2025-08-07 07:00:00,0.58,887.2,1025.6,138.4,Moderate Delay,4,4,1,2661.6,16,7,1,0
1289,6,3,59.4,4,28.9,76.7,0,3,19.9,0,2025-12-31 19:00:00,0.25,79.2,191.4,112.2,Slight Delay,3,3,3,178.2,9,19,1,2
1290,2,8,1404.8,0,35.7,0.0,2,1,14.9,2,2025-01-27 16:00:00,0.18,1873.1,1924.7,51.6,On Time,2,0,1,2809.6,0,16,0,3
1291,2,4,238.8,3,39.0,50.2,0,1,9.8,0,2025-04-05 14:00:00,0.33,318.4,421.0,102.6,Slight Delay,3,4,1,716.4000000000001,12,14,0,1
1292,9,4,755.0,4,32.6,31.7,0,1,33.9,2,2025-12-09 06:00:00,0.44,1006.7,1083.7,77.0,Slight Delay,3,3,1,2265.0,9,6,0,0
1293,0,1,841.4,4,25.2,40.0,0,3,35.4,1,2025-10-29 22:00:00,0.19,1121.9,1206.8,84.9,Slight Delay,3,3,3,2524.2,9,22,0,0
1294,5,4,949.1,1,27.9,3.2,0,0,33.2,1,2025-07-16 08:00:00,0.17,1265.5,1366.6,101.1,Slight Delay,3,1,4,2847.3,3,8,1,0
1295,3,2,355.6,2,36.5,0.0,1,1,41.7,1,2025-12-02 12:00:00,0.53,474.1,515.6,41.5,On Time,1,2,1,355.6,2,12,0,1
1296,2,0,1002.8,0,26.5,0.0,1,3,15.9,0,2025-08-31 12:00:00,0.52,1337.1,1398.6,61.5,On Time,1,0,3,1002.8,0,12,0,3
1297,0,1,1636.5,0,42.6,0.0,2,0,43.9,0,2025-10-09 14:00:00,0.19,2182.0,2230.6,48.6,On Time,2,0,4,3273.0,0,14,0,3
1298,0,4,1132.6,4,25.2,39.4,3,1,48.5,0,2025-02-04 21:00:00,0.18,1510.1,1647.9,137.8,Moderate Delay,4,3,1,4530.4,12,21,0,3
1299,8,5,215.5,5,12.4,16.5,1,0,38.3,1,2025-05-21 10:00:00,0.43,287.3,419.1,131.8,Moderate Delay,1,5,4,215.5,5,10,1,1
1300,6,7,926.9,5,40.3,74.5,1,0,1.7,1,2025-07-23 21:00:00,0.03,1235.9,1368.4,132.5,Moderate Delay,1,5,4,926.9,5,21,0,0
1301,0,5,179.3,0,15.5,0.0,2,2,12.9,1,2025-07-16 18:00:00,0.29,239.1,292.4,53.3,On Time,2,0,2,358.6,0,18,1,1
1302,8,6,37.4,1,10.1,0.5,2,1,5.5,2,2025-10-20 12:00:00,0.42,49.9,138.5,88.6,Slight Delay,2,1,1,74.8,2,12,0,2
1303,5,7,558.3,5,27.8,18.2,3,3,40.4,0,2025-04-23 15:00:00,0.53,744.4,937.6,193.2,Severe Delay,4,5,3,2233.2,20,15,0,0
1304,6,5,1991.2,0,13.4,0.0,2,0,42.9,2,2025-10-01 13:00:00,0.29,2654.9,2770.1,115.2,Moderate Delay,2,0,4,3982.4,0,13,0,3
1305,6,7,320.3,2,12.9,0.0,2,3,21.9,2,2025-05-19 07:00:00,0.5,427.1,539.7,112.6,Slight Delay,2,2,3,640.6,4,7,1,1
1306,2,6,856.3,5,16.0,31.9,1,1,10.1,1,2025-06-27 17:00:00,0.12,1141.7,1197.5,55.8,On Time,1,5,1,856.3,5,17,1,0
1307,4,3,1280.4,2,34.1,0.0,0,0,33.5,0,2025-11-10 15:00:00,0.27,1707.2,1841.5,134.3,Moderate Delay,3,2,4,3841.2000000000003,6,15,0,3
1308,4,7,1631.0,2,10.2,0.0,1,3,25.3,2,2025-05-24 11:00:00,0.42,2174.7,2264.3,89.6,Slight Delay,1,2,3,1631.0,2,11,0,3
1309,6,7,1314.1,5,15.1,18.9,1,2,10.6,1,2025-05-12 12:00:00,0.14,1752.1,1840.4,88.3,Slight Delay,1,5,2,1314.1,5,12,0,3
1310,9,2,116.7,4,40.7,11.0,0,0,7.8,1,2025-11-19 18:00:00,0.01,155.6,242.6,87.0,Slight Delay,3,3,4,350.1,9,18,1,1
1311,1,0,755.7,1,20.4,0.8,3,3,7.3,2,2025-09-03 08:00:00,0.08,1007.6,1099.9,92.3,Slight Delay,4,1,3,3022.8,4,8,1,0
1312,9,1,382.1,3,15.0,75.9,2,0,49.3,2,2025-10-19 21:00:00,0.03,509.5,578.6,69.1,On Time,2,4,4,764.2,8,21,0,1
1313,1,4,923.9,0,19.5,0.0,0,0,17.9,2,2025-07-21 12:00:00,0.06,1231.9,1340.8,108.9,Slight Delay,3,0,4,2771.7,0,12,0,0
1314,3,2,169.8,0,26.2,0.0,3,0,49.5,0,2025-11-27 18:00:00,0.46,226.4,382.3,155.9,Moderate Delay,4,0,4,679.2,0,18,1,1
1315,3,5,1055.9,1,42.3,4.1,1,1,42.3,0,2025-07-16 06:00:00,0.4,1407.9,1452.1,44.2,On Time,1,1,1,1055.9,1,6,0,3
1316,3,7,1676.3,2,38.5,0.0,1,0,32.4,2,2025-02-12 14:00:00,0.22,2235.1,2317.4,82.3,Slight Delay,1,2,4,1676.3,2,14,0,3
1317,1,7,1018.1,0,28.4,0.0,1,3,46.4,1,2025-02-13 12:00:00,0.02,1357.5,1379.5,22.0,On Time,1,0,3,1018.1,0,12,0,3
1318,1,0,77.5,5,11.4,51.0,3,0,40.4,0,2025-06-19 21:00:00,0.26,103.3,319.5,216.2,Severe Delay,4,5,4,310.0,20,21,0,2
1319,1,6,1264.0,0,35.7,0.0,0,1,31.2,2,2025-01-23 09:00:00,0.58,1685.3,1799.9,114.6,Slight Delay,3,0,1,3792.0,0,9,1,3
1320,0,6,1419.7,0,11.4,0.0,3,0,27.6,2,2025-04-25 06:00:00,0.05,1892.9,2043.2,150.3,Moderate Delay,4,0,4,5678.8,0,6,0,3
1321,2,9,720.0,3,35.2,38.2,2,3,32.9,1,2025-05-27 13:00:00,0.2,960.0,1054.5,94.5,Slight Delay,2,4,3,1440.0,8,13,0,0
1322,8,3,1003.3,3,29.0,76.7,2,1,44.4,2,2025-02-22 15:00:00,0.1,1337.7,1420.6,82.9,Slight Delay,2,4,1,2006.6,8,15,0,3
1323,4,3,246.4,5,35.9,62.8,0,1,48.5,0,2025-02-13 07:00:00,0.46,328.5,440.0,111.5,Slight Delay,3,5,1,739.2,15,7,1,1
1324,5,1,445.4,1,41.1,5.0,3,3,4.8,1,2025-04-03 19:00:00,0.52,593.9,733.8,139.9,Moderate Delay,4,1,3,1781.6,4,19,1,1
1325,1,4,441.4,5,12.8,47.1,0,3,1.2,2,2025-05-19 21:00:00,0.25,588.5,719.8,131.3,Moderate Delay,3,5,3,1324.1999999999998,15,21,0,1
1326,4,6,1497.6,2,17.7,0.0,1,1,4.1,2,2025-12-02 10:00:00,0.43,1996.8,2070.9,74.1,Slight Delay,1,2,1,1497.6,2,10,1,3
1327,4,1,1502.1,3,41.6,8.7,3,2,26.4,2,2025-02-27 19:00:00,0.02,2002.8,2196.7,193.9,Severe Delay,4,4,2,6008.4,16,19,1,3
1328,6,1,800.5,0,16.0,0.0,0,0,25.0,2,2025-07-17 17:00:00,0.28,1067.3,1171.9,104.6,Slight Delay,3,0,4,2401.5,0,17,1,0
1329,4,0,433.2,3,27.4,31.1,3,2,20.3,1,2025-11-22 16:00:00,0.22,577.6,745.0,167.4,Moderate Delay,4,4,2,1732.8,16,16,0,1
1330,1,6,319.3,3,31.4,23.0,3,2,43.4,1,2025-10-01 21:00:00,0.2,425.7,564.2,138.5,Moderate Delay,4,4,2,1277.2,16,21,0,1
1331,0,5,720.2,1,28.4,3.0,3,1,28.6,1,2025-08-04 22:00:00,0.39,960.3,1053.6,93.3,Slight Delay,4,1,1,2880.8,4,22,0,0
1332,5,2,1076.0,2,33.1,0.0,1,0,2.6,0,2025-01-02 12:00:00,0.43,1434.7,1487.0,52.3,On Time,1,2,4,1076.0,2,12,0,3
1333,7,8,1970.4,5,41.1,62.8,3,0,20.9,2,2025-01-31 17:00:00,0.11,2627.2,2860.4,233.2,Severe Delay,4,5,4,7881.6,20,17,1,3
1334,4,1,298.6,4,17.7,41.1,3,0,2.6,1,2025-08-04 13:00:00,0.28,398.1,542.4,144.3,Moderate Delay,4,3,4,1194.4,12,13,0,1
1335,2,6,1190.2,0,13.1,0.0,2,1,36.8,1,2025-12-27 10:00:00,0.6,1586.9,1672.3,85.4,Slight Delay,2,0,1,2380.4,0,10,1,3
1336,8,7,558.0,2,36.9,0.0,3,3,42.7,2,2025-12-26 09:00:00,0.47,744.0,919.6,175.6,Severe Delay,4,2,3,2232.0,8,9,1,0
1337,5,3,1360.8,3,34.4,45.2,2,1,44.3,2,2025-07-07 10:00:00,0.15,1814.4,1927.6,113.2,Slight Delay,2,4,1,2721.6,8,10,1,3
1338,3,6,939.5,0,28.1,0.0,1,2,17.0,2,2025-04-04 21:00:00,0.17,1252.7,1293.2,40.5,On Time,1,0,2,939.5,0,21,0,0
1339,1,5,1394.2,2,31.1,0.0,0,2,9.6,0,2025-06-22 20:00:00,0.16,1858.9,1985.1,126.2,Moderate Delay,3,2,2,4182.6,6,20,1,3
1340,7,4,1578.2,0,21.7,0.0,2,1,44.1,1,2025-01-17 11:00:00,0.37,2104.3,2175.7,71.4,Slight Delay,2,0,1,3156.4,0,11,0,3
1341,0,1,1401.0,0,26.7,0.0,3,2,41.9,1,2025-08-21 14:00:00,0.41,1868.0,2010.9,142.9,Moderate Delay,4,0,2,5604.0,0,14,0,3
1342,5,0,291.5,4,28.8,15.9,2,2,27.9,2,2025-05-20 08:00:00,0.39,388.7,448.3,59.6,On Time,2,3,2,583.0,6,8,1,1
1343,0,8,358.1,1,11.3,0.9,2,2,38.4,1,2025-01-29 13:00:00,0.24,477.5,508.1,30.6,On Time,2,1,2,716.2,2,13,0,1
1344,8,1,704.0,2,36.6,0.0,1,2,47.7,0,2025-06-10 18:00:00,0.22,938.7,1011.6,72.9,Slight Delay,1,2,2,704.0,2,18,1,0
1345,8,1,619.0,0,14.6,0.0,0,2,19.5,2,2025-05-19 09:00:00,0.12,825.3,905.0,79.7,Slight Delay,3,0,2,1857.0,0,9,1,0
1346,3,1,1096.5,4,26.5,25.2,0,1,3.3,2,2025-05-25 11:00:00,0.25,1462.0,1558.7,96.7,Slight Delay,3,3,1,3289.5,9,11,0,3
1347,0,3,1866.6,0,41.3,0.0,2,1,9.9,0,2025-04-07 12:00:00,0.21,2488.8,2543.6,54.8,On Time,2,0,1,3733.2,0,12,0,3
1348,7,6,1050.3,4,42.6,74.9,1,1,48.5,1,2025-09-05 07:00:00,0.08,1400.4,1431.0,30.6,On Time,1,3,1,1050.3,3,7,1,3
1349,7,8,1778.4,0,40.4,0.0,0,1,18.2,0,2025-05-25 18:00:00,0.53,2371.2,2486.8,115.6,Moderate Delay,3,0,1,5335.200000000001,0,18,1,3
1350,0,2,229.1,4,44.7,23.3,3,3,10.3,2,2025-12-26 09:00:00,0.32,305.5,428.2,122.7,Moderate Delay,4,3,3,916.4,12,9,1,1
1351,4,9,1453.0,2,10.9,0.0,1,0,28.7,2,2025-10-28 18:00:00,0.53,1937.3,2038.2,100.9,Slight Delay,1,2,4,1453.0,2,18,1,3
1352,9,7,1038.1,4,39.3,60.4,2,0,13.6,1,2025-08-26 08:00:00,0.01,1384.1,1478.9,94.8,Slight Delay,2,3,4,2076.2,6,8,1,3
1353,3,6,1168.5,1,25.6,3.9,2,0,37.1,1,2025-09-22 22:00:00,0.32,1558.0,1621.2,63.2,On Time,2,1,4,2337.0,2,22,0,3
1354,4,0,1677.1,1,20.1,0.9,0,3,20.6,0,2025-11-16 19:00:00,0.44,2236.1,2346.9,110.8,Slight Delay,3,1,3,5031.299999999999,3,19,1,3
1355,7,9,1124.3,1,20.2,4.1,2,1,33.8,2,2025-10-18 21:00:00,0.58,1499.1,1554.1,55.0,On Time,2,1,1,2248.6,2,21,0,3
1356,3,7,738.2,1,10.6,2.6,0,1,17.1,0,2025-02-18 20:00:00,0.0,984.3,1007.9,23.6,On Time,3,1,1,2214.6000000000004,3,20,1,0
1357,4,1,1391.0,4,32.1,65.3,2,1,22.9,0,2025-10-23 17:00:00,0.31,1854.7,1924.2,69.5,On Time,2,3,1,2782.0,6,17,1,3
1358,4,3,690.4,0,17.8,0.0,2,2,18.3,0,2025-08-31 14:00:00,0.14,920.5,974.7,54.2,On Time,2,0,2,1380.8,0,14,0,0
1359,9,1,1195.8,0,24.0,0.0,3,1,41.9,0,2025-05-27 18:00:00,0.44,1594.4,1722.1,127.7,Moderate Delay,4,0,1,4783.2,0,18,1,3
1360,8,1,1687.9,3,20.0,48.2,0,3,6.6,0,2025-02-12 19:00:00,0.41,2250.5,2405.7,155.2,Moderate Delay,3,4,3,5063.700000000001,12,19,1,3
1361,0,9,851.4,4,16.8,36.2,1,1,19.5,1,2025-05-06 06:00:00,0.44,1135.2,1207.7,72.5,Slight Delay,1,3,1,851.4,3,6,0,0
1362,1,3,943.9,4,24.7,71.7,3,0,22.1,1,2025-07-24 08:00:00,0.05,1258.5,1402.9,144.4,Moderate Delay,4,3,4,3775.6,12,8,1,0
1363,2,9,1585.7,3,12.6,10.1,1,3,27.1,0,2025-08-28 20:00:00,0.1,2114.3,2183.8,69.5,On Time,1,4,3,1585.7,4,20,1,3
1364,3,1,1621.7,1,25.8,2.5,1,2,2.1,0,2025-04-13 18:00:00,0.04,2162.3,2201.9,39.6,On Time,1,1,2,1621.7,1,18,1,3
1365,4,3,254.3,4,37.3,32.3,0,2,36.9,2,2025-12-26 21:00:00,0.31,339.1,450.1,111.0,Slight Delay,3,3,2,762.9000000000001,9,21,0,1
1366,3,4,926.7,3,14.5,37.5,1,0,6.8,0,2025-03-16 12:00:00,0.3,1235.6,1340.8,105.2,Slight Delay,1,4,4,926.7,4,12,0,0
1367,4,7,1681.0,5,22.8,62.1,3,1,24.5,0,2025-08-09 21:00:00,0.12,2241.3,2400.1,158.8,Moderate Delay,4,5,1,6724.0,20,21,0,3
1368,2,7,615.3,1,30.0,0.7,1,2,39.3,0,2025-05-10 11:00:00,0.2,820.4,841.4,21.0,On Time,1,1,2,615.3,1,11,0,0
1369,3,2,789.0,0,27.6,0.0,0,2,38.6,2,2025-06-02 20:00:00,0.53,1052.0,1159.4,107.4,Slight Delay,3,0,2,2367.0,0,20,1,0
1370,8,5,1999.6,1,27.3,1.0,0,0,8.6,2,2025-02-17 19:00:00,0.03,2666.1,2763.9,97.8,Slight Delay,3,1,4,5998.799999999999,3,19,1,3
1371,4,6,533.0,1,22.0,5.0,2,3,19.0,0,2025-09-04 21:00:00,0.46,710.7,796.7,86.0,Slight Delay,2,1,3,1066.0,2,21,0,0
1372,0,1,490.2,2,24.0,0.0,3,3,38.0,1,2025-10-20 18:00:00,0.39,653.6,780.3,126.7,Moderate Delay,4,2,3,1960.8,8,18,1,1
1373,7,5,1498.6,5,29.7,11.2,2,1,9.7,1,2025-12-08 10:00:00,0.13,1998.1,2100.0,101.9,Slight Delay,2,5,1,2997.2,10,10,1,3
1374,4,8,1700.5,0,27.9,0.0,2,2,35.5,2,2025-09-13 16:00:00,0.12,2267.3,2320.3,53.0,On Time,2,0,2,3401.0,0,16,0,3
1375,3,9,217.9,4,40.8,27.8,1,2,32.9,2,2025-11-21 20:00:00,0.29,290.5,360.9,70.4,On Time,1,3,2,217.9,3,20,1,1
1376,5,3,780.1,0,26.5,0.0,2,0,43.5,0,2025-12-23 11:00:00,0.25,1040.1,1102.1,62.0,On Time,2,0,4,1560.2,0,11,0,0
1377,5,8,1173.5,1,15.0,2.2,0,0,18.1,2,2025-12-14 06:00:00,0.3,1564.7,1676.4,111.7,Slight Delay,3,1,4,3520.5,3,6,0,3
1378,4,8,1348.0,0,18.3,0.0,0,3,22.2,1,2025-03-05 21:00:00,0.01,1797.3,1851.3,54.0,On Time,3,0,3,4044.0,0,21,0,3
1379,9,8,77.5,3,31.6,15.6,0,3,47.3,1,2025-08-07 22:00:00,0.56,103.3,219.8,116.5,Moderate Delay,3,4,3,232.5,12,22,0,2
1380,4,3,172.2,1,23.8,3.3,3,2,23.8,0,2025-04-01 11:00:00,0.23,229.6,313.6,84.0,Slight Delay,4,1,2,688.8,4,11,0,1
1381,0,8,1198.8,3,22.0,21.9,0,2,32.2,1,2025-05-26 09:00:00,0.27,1598.4,1712.4,114.0,Slight Delay,3,4,2,3596.3999999999996,12,9,1,3
1382,3,1,389.1,0,29.6,0.0,1,2,43.4,2,2025-09-12 09:00:00,0.53,518.8,574.0,55.2,On Time,1,0,2,389.1,0,9,1,1
1383,9,5,1493.6,5,41.6,5.6,1,3,11.2,0,2025-04-19 13:00:00,0.5,1991.5,2139.7,148.2,Moderate Delay,1,5,3,1493.6,5,13,0,3
1384,9,5,1226.9,3,16.7,25.5,1,0,32.2,0,2025-03-05 17:00:00,0.28,1635.9,1757.5,121.6,Moderate Delay,1,4,4,1226.9,4,17,1,3
1385,9,8,77.4,2,37.0,0.0,3,1,6.0,0,2025-04-25 22:00:00,0.02,103.2,190.3,87.1,Slight Delay,4,2,1,309.6,8,22,0,2
1386,6,4,1403.9,2,45.0,0.0,0,3,35.7,0,2025-12-11 13:00:00,0.46,1871.9,2047.0,175.1,Severe Delay,3,2,3,4211.700000000001,6,13,0,3
1387,7,9,437.7,0,27.6,0.0,1,1,34.2,2,2025-07-11 22:00:00,0.15,583.6,597.1,13.5,On Time,1,0,1,437.7,0,22,0,1
1388,5,4,611.2,4,15.6,8.6,2,2,10.2,2,2025-10-12 18:00:00,0.35,814.9,860.3,45.4,On Time,2,3,2,1222.4,6,18,1,0
1389,2,9,1904.0,0,35.0,0.0,3,0,16.7,1,2025-07-19 11:00:00,0.17,2538.7,2639.8,101.1,Slight Delay,4,0,4,7616.0,0,11,0,3
1390,8,4,1353.6,5,24.8,43.3,2,2,11.1,2,2025-02-20 10:00:00,0.33,1804.8,1949.8,145.0,Moderate Delay,2,5,2,2707.2,10,10,1,3
1391,0,3,769.8,2,38.6,0.0,3,3,45.7,1,2025-03-23 16:00:00,0.12,1026.4,1143.1,116.7,Moderate Delay,4,2,3,3079.2,8,16,0,0
1392,2,3,1595.2,0,36.7,0.0,1,2,7.1,2,2025-11-18 10:00:00,0.05,2126.9,2156.9,30.0,On Time,1,0,2,1595.2,0,10,1,3
1393,7,5,1088.1,0,40.1,0.0,3,1,5.3,1,2025-03-08 20:00:00,0.14,1450.8,1579.0,128.2,Moderate Delay,4,0,1,4352.4,0,20,1,3
1394,4,1,1663.2,1,41.2,0.9,2,3,31.2,2,2025-10-02 13:00:00,0.55,2217.6,2303.8,86.2,Slight Delay,2,1,3,3326.4,2,13,0,3
1395,8,6,888.5,2,10.6,0.0,1,3,49.7,2,2025-03-15 06:00:00,0.33,1184.7,1272.3,87.6,Slight Delay,1,2,3,888.5,2,6,0,0
1396,5,3,557.6,0,11.2,0.0,3,1,26.1,2,2025-03-14 15:00:00,0.12,743.5,843.0,99.5,Slight Delay,4,0,1,2230.4,0,15,0,0
1397,6,1,1604.3,0,32.5,0.0,1,2,33.6,0,2025-04-17 18:00:00,0.5,2139.1,2177.5,38.4,On Time,1,0,2,1604.3,0,18,1,3
1398,3,0,178.2,0,10.0,0.0,3,1,30.6,0,2025-11-17 08:00:00,0.22,237.6,330.9,93.3,Slight Delay,4,0,1,712.8,0,8,1,1
1399,2,9,725.2,3,43.7,75.2,0,2,42.5,2,2025-04-03 15:00:00,0.55,966.9,1136.3,169.4,Severe Delay,3,4,2,2175.6000000000004,12,15,0,0
1400,7,2,1401.3,2,34.2,0.0,1,1,16.6,0,2025-06-27 21:00:00,0.47,1868.4,1963.0,94.6,Slight Delay,1,2,1,1401.3,2,21,0,3
1401,5,0,968.1,0,18.0,0.0,2,3,19.4,2,2025-04-09 06:00:00,0.39,1290.8,1368.5,77.7,Slight Delay,2,0,3,1936.2,0,6,0,0
1402,0,7,62.8,5,18.2,61.8,2,0,29.5,0,2025-02-28 12:00:00,0.47,83.7,222.0,138.3,Moderate Delay,2,5,4,125.6,10,12,0,2
1403,7,8,1295.7,1,15.9,4.9,2,1,24.7,1,2025-12-21 10:00:00,0.03,1727.6,1760.6,33.0,On Time,2,1,1,2591.4,2,10,1,3
1404,6,4,1417.7,3,23.8,25.5,2,1,0.7,0,2025-12-29 15:00:00,0.43,1890.3,2002.4,112.1,Slight Delay,2,4,1,2835.4,8,15,0,3
1405,9,0,44.0,3,27.1,53.3,3,0,46.0,0,2025-03-30 12:00:00,0.23,58.7,226.3,167.6,Moderate Delay,4,4,4,176.0,16,12,0,2
1406,6,9,28.0,0,24.1,0.0,0,0,9.7,2,2025-09-07 19:00:00,0.37,37.3,133.1,95.8,Slight Delay,3,0,4,84.0,0,19,1,2
1407,9,8,1446.2,5,39.0,20.0,0,3,44.5,1,2025-02-25 18:00:00,0.19,1928.3,2074.6,146.3,Moderate Delay,3,5,3,4338.6,15,18,1,3
1408,8,2,1797.7,5,15.2,66.9,0,3,14.9,1,2025-02-02 20:00:00,0.49,2396.9,2587.2,190.3,Severe Delay,3,5,3,5393.1,15,20,1,3
1409,1,7,1375.2,5,31.8,16.5,0,2,42.3,0,2025-11-06 22:00:00,0.12,1833.6,2000.5,166.9,Moderate Delay,3,5,2,4125.6,15,22,0,3
1410,4,9,1122.5,0,40.9,0.0,1,0,15.7,0,2025-08-08 11:00:00,0.42,1496.7,1545.8,49.1,On Time,1,0,4,1122.5,0,11,0,3
1411,4,2,657.8,0,34.0,0.0,2,3,11.2,0,2025-03-16 16:00:00,0.43,877.1,954.4,77.3,Slight Delay,2,0,3,1315.6,0,16,0,0
1412,3,7,1958.6,4,30.8,59.4,1,3,22.5,2,2025-08-27 16:00:00,0.04,2611.5,2660.7,49.2,On Time,1,3,3,1958.6,3,16,0,3
1413,2,5,332.1,0,28.0,0.0,3,3,30.1,1,2025-04-19 22:00:00,0.27,442.8,529.5,86.7,Slight Delay,4,0,3,1328.4,0,22,0,1
1414,2,3,1977.5,5,27.5,19.6,0,1,24.1,1,2025-11-27 19:00:00,0.52,2636.7,2792.4,155.7,Moderate Delay,3,5,1,5932.5,15,19,1,3
1415,8,4,750.4,4,20.3,67.1,2,0,32.1,2,2025-09-10 21:00:00,0.54,1000.5,1106.3,105.8,Slight Delay,2,3,4,1500.8,6,21,0,0
1416,7,4,1027.0,3,12.9,60.2,1,1,27.6,0,2025-03-29 16:00:00,0.57,1369.3,1467.2,97.9,Slight Delay,1,4,1,1027.0,4,16,0,3
1417,5,8,1450.2,1,38.5,4.3,1,3,4.3,2,2025-11-26 06:00:00,0.21,1933.6,2005.6,72.0,Slight Delay,1,1,3,1450.2,1,6,0,3
1418,9,6,827.0,1,10.9,0.3,3,1,42.9,1,2025-09-28 07:00:00,0.58,1102.7,1233.4,130.7,Moderate Delay,4,1,1,3308.0,4,7,1,0
1419,4,7,1536.4,0,23.3,0.0,3,1,24.2,0,2025-06-04 14:00:00,0.11,2048.5,2174.4,125.9,Moderate Delay,4,0,1,6145.6,0,14,0,3
1420,4,8,1226.1,3,10.2,79.2,1,3,18.5,0,2025-11-10 07:00:00,0.51,1634.8,1732.3,97.5,Slight Delay,1,4,3,1226.1,4,7,1,3
1421,8,6,1038.8,2,13.1,0.0,3,2,33.0,1,2025-03-04 17:00:00,0.55,1385.1,1556.9,171.8,Severe Delay,4,2,2,4155.2,8,17,1,3
1422,5,3,843.3,0,20.5,0.0,2,1,2.9,2,2025-03-13 09:00:00,0.45,1124.4,1176.1,51.7,On Time,2,0,1,1686.6,0,9,1,0
1423,4,9,1621.3,1,27.2,1.5,2,1,5.5,2,2025-07-08 06:00:00,0.04,2161.7,2233.3,71.6,Slight Delay,2,1,1,3242.6,2,6,0,3
1424,7,4,454.4,0,37.9,0.0,1,1,11.1,0,2025-02-08 14:00:00,0.16,605.9,625.0,19.1,On Time,1,0,1,454.4,0,14,0,1
1425,4,9,1750.3,4,30.0,70.9,2,0,10.2,1,2025-08-24 09:00:00,0.1,2333.7,2432.6,98.9,Slight Delay,2,3,4,3500.6,6,9,1,3
1426,1,8,428.6,1,29.3,0.6,3,2,14.8,1,2025-03-04 22:00:00,0.12,571.5,658.7,87.2,Slight Delay,4,1,2,1714.4,4,22,0,1
1427,0,2,1422.6,5,33.1,13.6,3,2,14.9,0,2025-06-14 21:00:00,0.08,1896.8,2120.2,223.4,Severe Delay,4,5,2,5690.4,20,21,0,3
1428,2,3,543.9,4,17.4,63.8,0,1,34.5,0,2025-10-13 13:00:00,0.41,725.2,815.8,90.6,Slight Delay,3,3,1,1631.6999999999998,9,13,0,0
1429,2,3,1745.8,0,20.8,0.0,3,1,27.5,2,2025-01-07 12:00:00,0.42,2327.7,2481.6,153.9,Moderate Delay,4,0,1,6983.2,0,12,0,3
1430,9,8,661.4,1,31.3,4.4,3,1,44.2,0,2025-04-17 22:00:00,0.07,881.9,996.6,114.7,Slight Delay,4,1,1,2645.6,4,22,0,0
1431,0,4,71.6,4,29.8,12.2,3,0,41.8,1,2025-02-24 10:00:00,0.45,95.5,222.9,127.4,Moderate Delay,4,3,4,286.4,12,10,1,2
1432,2,8,303.7,3,10.9,22.8,3,0,38.8,0,2025-04-07 08:00:00,0.14,404.9,558.3,153.4,Moderate Delay,4,4,4,1214.8,16,8,1,1
1433,6,9,765.2,1,20.5,0.5,0,1,24.7,2,2025-08-25 09:00:00,0.23,1020.3,1098.6,78.3,Slight Delay,3,1,1,2295.6000000000004,3,9,1,0
1434,3,6,1376.4,0,16.9,0.0,3,0,41.1,0,2025-01-15 21:00:00,0.55,1835.2,1982.3,147.1,Moderate Delay,4,0,4,5505.6,0,21,0,3
1435,0,9,1643.7,4,10.3,5.3,0,1,38.1,1,2025-02-13 17:00:00,0.46,2191.6,2323.6,132.0,Moderate Delay,3,3,1,4931.1,9,17,1,3
1436,8,2,1070.3,1,12.9,1.4,3,2,26.3,1,2025-06-20 07:00:00,0.51,1427.1,1545.1,118.0,Moderate Delay,4,1,2,4281.2,4,7,1,3
1437,9,6,830.0,4,11.0,20.8,1,1,21.9,1,2025-07-15 19:00:00,0.25,1106.7,1155.8,49.1,On Time,1,3,1,830.0,3,19,1,0
1438,2,4,815.5,1,12.5,3.8,3,0,4.0,1,2025-05-22 22:00:00,0.55,1087.3,1213.1,125.8,Moderate Delay,4,1,4,3262.0,4,22,0,0
1439,5,9,1523.0,5,37.5,74.2,3,1,19.1,1,2025-01-26 13:00:00,0.3,2030.7,2211.5,180.8,Severe Delay,4,5,1,6092.0,20,13,0,3
1440,3,6,1837.2,0,33.3,0.0,1,1,23.8,1,2025-05-17 13:00:00,0.47,2449.6,2479.1,29.5,On Time,1,0,1,1837.2,0,13,0,3
1441,3,5,1655.2,0,21.0,0.0,0,0,19.5,1,2025-12-25 18:00:00,0.55,2206.9,2292.3,85.4,Slight Delay,3,0,4,4965.6,0,18,1,3
1442,8,9,1112.5,0,12.2,0.0,2,3,7.2,0,2025-04-16 11:00:00,0.11,1483.3,1526.2,42.9,On Time,2,0,3,2225.0,0,11,0,3
1443,2,8,211.4,2,17.9,0.0,0,3,44.9,1,2025-01-02 09:00:00,0.59,281.9,429.0,147.1,Moderate Delay,3,2,3,634.2,6,9,1,1
1444,1,5,520.6,2,23.7,0.0,3,3,32.5,1,2025-05-03 11:00:00,0.26,694.1,824.2,130.1,Moderate Delay,4,2,3,2082.4,8,11,0,0
1445,4,3,927.9,1,17.0,4.1,2,3,8.3,0,2025-03-14 06:00:00,0.13,1237.2,1291.3,54.1,On Time,2,1,3,1855.8,2,6,0,0
1446,9,8,914.2,4,25.2,13.4,1,0,7.5,0,2025-02-09 11:00:00,0.49,1218.9,1279.9,61.0,On Time,1,3,4,914.2,3,11,0,0
1447,7,8,1436.4,3,23.0,56.0,1,2,35.8,2,2025-08-30 09:00:00,0.56,1915.2,2030.5,115.3,Moderate Delay,1,4,2,1436.4,4,9,1,3
1448,7,3,561.2,5,20.4,47.1,0,0,13.3,1,2025-09-15 11:00:00,0.04,748.3,884.2,135.9,Moderate Delay,3,5,4,1683.6000000000001,15,11,0,0
1449,1,3,1139.8,0,41.6,0.0,0,3,25.0,0,2025-09-09 17:00:00,0.56,1519.7,1624.4,104.7,Slight Delay,3,0,3,3419.3999999999996,0,17,1,3
1450,0,6,1449.4,2,37.1,0.0,3,3,7.9,0,2025-08-23 06:00:00,0.27,1932.5,2098.5,166.0,Moderate Delay,4,2,3,5797.6,8,6,0,3
1451,4,6,597.0,2,39.8,0.0,0,2,23.2,2,2025-05-19 22:00:00,0.01,796.0,874.5,78.5,Slight Delay,3,2,2,1791.0,6,22,0,0
1452,7,2,1603.8,3,42.4,70.6,2,0,17.4,0,2025-09-12 06:00:00,0.2,2138.4,2251.5,113.1,Slight Delay,2,4,4,3207.6,8,6,0,3
1453,2,9,352.4,4,10.3,10.5,2,1,11.6,2,2025-07-13 09:00:00,0.02,469.9,502.2,32.3,On Time,2,3,1,704.8,6,9,1,1
1454,6,5,1033.4,3,42.7,7.8,2,3,25.3,1,2025-06-28 16:00:00,0.51,1377.9,1522.6,144.7,Moderate Delay,2,4,3,2066.8,8,16,0,3
1455,8,9,101.3,4,12.5,29.4,0,0,12.0,2,2025-10-24 22:00:00,0.16,135.1,202.6,67.5,On Time,3,3,4,303.9,9,22,0,1
1456,4,3,1867.4,3,36.4,64.2,3,3,5.7,0,2025-02-26 06:00:00,0.5,2489.9,2691.9,202.0,Severe Delay,4,4,3,7469.6,16,6,0,3
1457,9,1,1782.2,3,42.5,22.9,2,3,21.5,1,2025-10-13 11:00:00,0.01,2376.3,2480.9,104.6,Slight Delay,2,4,3,3564.4,8,11,0,3
1458,6,0,1779.0,4,10.9,35.5,1,3,2.1,2,2025-08-21 07:00:00,0.22,2372.0,2447.7,75.7,Slight Delay,1,3,3,1779.0,3,7,1,3
1459,2,4,1186.9,5,15.0,24.5,1,1,27.5,0,2025-06-06 06:00:00,0.14,1582.5,1682.1,99.6,Slight Delay,1,5,1,1186.9,5,6,0,3
1460,8,4,319.3,2,38.4,0.0,1,1,38.1,0,2025-03-12 17:00:00,0.29,425.7,466.9,41.2,On Time,1,2,1,319.3,2,17,1,1
1461,6,5,545.3,2,33.4,0.0,2,1,18.4,1,2025-05-19 10:00:00,0.33,727.1,786.1,59.0,On Time,2,2,1,1090.6,4,10,1,0
1462,2,9,1407.4,5,39.9,40.0,1,3,41.8,2,2025-01-17 21:00:00,0.11,1876.5,2004.8,128.3,Moderate Delay,1,5,3,1407.4,5,21,0,3
1463,4,2,1060.5,2,21.6,0.0,3,2,49.0,0,2025-02-20 14:00:00,0.19,1414.0,1578.1,164.1,Moderate Delay,4,2,2,4242.0,8,14,0,3
1464,6,4,35.0,1,30.0,3.6,3,3,37.4,1,2025-03-13 12:00:00,0.54,46.7,160.2,113.5,Slight Delay,4,1,3,140.0,4,12,0,2
1465,6,1,459.7,3,26.5,9.6,2,3,26.3,0,2025-02-13 15:00:00,0.23,612.9,694.5,81.6,Slight Delay,2,4,3,919.4,8,15,0,1
1466,5,9,1588.2,5,44.8,77.6,2,2,24.7,0,2025-02-19 10:00:00,0.42,2117.6,2255.1,137.5,Moderate Delay,2,5,2,3176.4,10,10,1,3
1467,0,9,1496.6,2,18.9,0.0,0,3,43.8,0,2025-07-01 19:00:00,0.28,1995.5,2145.3,149.8,Moderate Delay,3,2,3,4489.799999999999,6,19,1,3
1468,9,8,1177.3,3,23.7,13.2,3,1,44.8,1,2025-01-14 19:00:00,0.02,1569.7,1717.5,147.8,Moderate Delay,4,4,1,4709.2,16,19,1,3
1469,3,2,1142.6,5,36.8,61.8,0,0,26.5,1,2025-09-20 17:00:00,0.37,1523.5,1714.4,190.9,Severe Delay,3,5,4,3427.7999999999997,15,17,1,3
1470,1,5,738.0,5,14.5,14.1,0,1,14.4,0,2025-03-06 18:00:00,0.03,984.0,1095.9,111.9,Slight Delay,3,5,1,2214.0,15,18,1,0
1471,7,0,550.1,5,30.0,77.4,3,1,43.8,2,2025-01-29 14:00:00,0.53,733.5,874.9,141.4,Moderate Delay,4,5,1,2200.4,20,14,0,0
1472,3,8,502.0,5,44.7,61.8,1,3,41.9,1,2025-09-04 16:00:00,0.34,669.3,797.7,128.4,Moderate Delay,1,5,3,502.0,5,16,0,0
1473,7,1,1386.5,2,23.8,0.0,1,0,44.0,1,2025-03-15 21:00:00,0.59,1848.7,1966.9,118.2,Moderate Delay,1,2,4,1386.5,2,21,0,3
1474,1,6,54.3,2,37.2,0.0,2,3,16.8,1,2025-06-09 06:00:00,0.28,72.4,127.9,55.5,On Time,2,2,3,108.6,4,6,0,2
1475,9,2,689.0,0,44.9,0.0,1,1,41.4,2,2025-11-06 09:00:00,0.53,918.7,960.0,41.3,On Time,1,0,1,689.0,0,9,1,0
1476,0,3,766.4,1,27.7,2.6,2,1,44.5,0,2025-01-13 22:00:00,0.23,1021.9,1086.5,64.6,On Time,2,1,1,1532.8,2,22,0,0
1477,9,8,132.8,0,17.2,0.0,1,3,24.1,0,2025-09-05 11:00:00,0.26,177.1,187.3,10.2,On Time,1,0,3,132.8,0,11,0,1
1478,2,5,1574.9,4,34.4,31.6,3,1,44.4,0,2025-03-16 06:00:00,0.59,2099.9,2265.7,165.8,Moderate Delay,4,3,1,6299.6,12,6,0,3
1479,1,2,618.3,2,12.4,0.0,2,0,13.0,1,2025-12-25 12:00:00,0.12,824.4,899.1,74.7,Slight Delay,2,2,4,1236.6,4,12,0,0
1480,9,0,1975.8,4,25.4,53.7,0,1,3.0,1,2025-09-10 17:00:00,0.39,2634.4,2767.9,133.5,Moderate Delay,3,3,1,5927.4,9,17,1,3
1481,6,9,912.4,3,29.7,16.8,1,2,42.9,0,2025-08-06 10:00:00,0.55,1216.5,1314.1,97.6,Slight Delay,1,4,2,912.4,4,10,1,0
1482,7,4,1298.5,3,29.6,8.4,1,2,46.6,2,2025-10-25 15:00:00,0.38,1731.3,1847.5,116.2,Moderate Delay,1,4,2,1298.5,4,15,0,3
1483,7,0,1534.0,0,37.2,0.0,0,0,38.6,0,2025-08-23 14:00:00,0.14,2045.3,2146.9,101.6,Slight Delay,3,0,4,4602.0,0,14,0,3
1484,7,2,1936.2,4,13.6,42.3,2,3,21.7,1,2025-09-26 18:00:00,0.2,2581.6,2707.7,126.1,Moderate Delay,2,3,3,3872.4,6,18,1,3
1485,0,3,1722.8,1,22.6,1.6,2,3,26.1,1,2025-10-16 16:00:00,0.03,2297.1,2336.6,39.5,On Time,2,1,3,3445.6,2,16,0,3
1486,9,1,1434.7,4,29.4,13.2,0,2,46.6,2,2025-11-27 21:00:00,0.27,1912.9,2030.5,117.6,Moderate Delay,3,3,2,4304.1,9,21,0,3
1487,8,0,1094.3,5,25.4,34.3,2,3,33.8,2,2025-12-24 16:00:00,0.41,1459.1,1565.1,106.0,Slight Delay,2,5,3,2188.6,10,16,0,3
1488,5,4,60.1,5,35.2,37.9,3,1,39.4,2,2025-01-16 11:00:00,0.55,80.1,258.9,178.8,Severe Delay,4,5,1,240.4,20,11,0,2
1489,2,3,1370.4,2,21.8,0.0,1,2,19.4,1,2025-09-01 16:00:00,0.44,1827.2,1890.8,63.6,On Time,1,2,2,1370.4,2,16,0,3
1490,2,6,1277.3,0,20.2,0.0,2,2,39.7,0,2025-02-02 07:00:00,0.48,1703.1,1792.9,89.8,Slight Delay,2,0,2,2554.6,0,7,1,3
1491,5,6,90.8,0,10.6,0.0,1,1,16.4,0,2025-07-11 06:00:00,0.12,121.1,123.0,1.9,On Time,1,0,1,90.8,0,6,0,2
1492,1,8,1319.2,0,24.5,0.0,3,2,31.7,2,2025-11-23 12:00:00,0.23,1758.9,1894.8,135.9,Moderate Delay,4,0,2,5276.8,0,12,0,3
1493,2,4,749.8,3,24.5,52.2,3,3,45.8,2,2025-04-14 11:00:00,0.02,999.7,1138.9,139.2,Moderate Delay,4,4,3,2999.2,16,11,0,0
1494,8,5,1770.0,1,41.9,4.8,1,1,38.8,1,2025-12-09 09:00:00,0.54,2360.0,2429.0,69.0,On Time,1,1,1,1770.0,1,9,1,3
1495,2,7,390.1,1,32.3,3.7,1,3,46.4,0,2025-10-18 08:00:00,0.39,520.1,572.2,52.1,On Time,1,1,3,390.1,1,8,1,1
1496,4,1,703.1,2,28.3,0.0,3,0,18.3,2,2025-10-20 21:00:00,0.01,937.5,1071.9,134.4,Moderate Delay,4,2,4,2812.4,8,21,0,0
1497,0,4,1918.8,4,28.0,78.7,2,1,3.4,0,2025-08-07 18:00:00,0.35,2558.4,2646.6,88.2,Slight Delay,2,3,1,3837.6,6,18,1,3
1498,3,1,792.8,1,32.9,1.3,0,1,21.9,2,2025-09-13 13:00:00,0.03,1057.1,1124.0,66.9,On Time,3,1,1,2378.3999999999996,3,13,0,0
1499,7,5,419.8,4,15.4,41.1,1,0,26.7,0,2025-05-09 18:00:00,0.57,559.7,633.7,74.0,Slight Delay,1,3,4,419.8,3,18,1,1
1500,4,3,54.8,1,18.8,1.5,0,1,31.0,1,2025-10-22 13:00:00,0.1,73.1,125.4,52.3,On Time,3,1,1,164.39999999999998,3,13,0,2
1501,0,5,1902.9,4,30.4,64.7,3,1,21.8,1,2025-12-24 09:00:00,0.27,2537.2,2690.6,153.4,Moderate Delay,4,3,1,7611.6,12,9,1,3
1502,5,9,1311.0,4,34.8,63.4,1,1,28.4,0,2025-08-04 14:00:00,0.24,1748.0,1814.3,66.3,On Time,1,3,1,1311.0,3,14,0,3
1503,2,8,530.4,0,18.6,0.0,2,0,35.9,1,2025-06-18 07:00:00,0.31,707.2,772.0,64.8,On Time,2,0,4,1060.8,0,7,1,0
1504,2,0,1615.7,0,19.1,0.0,1,3,15.4,2,2025-08-02 08:00:00,0.4,2154.3,2211.3,57.0,On Time,1,0,3,1615.7,0,8,1,3
1505,0,9,524.5,1,15.5,3.5,0,1,5.1,2,2025-01-19 21:00:00,0.56,699.3,800.5,101.2,Slight Delay,3,1,1,1573.5,3,21,0,0
1506,0,2,1354.3,2,11.5,0.0,0,2,42.0,0,2025-06-05 13:00:00,0.1,1805.7,1913.8,108.1,Slight Delay,3,2,2,4062.8999999999996,6,13,0,3
1507,7,3,1464.3,0,18.3,0.0,2,2,17.5,1,2025-12-17 06:00:00,0.34,1952.4,1992.0,39.6,On Time,2,0,2,2928.6,0,6,0,3
1508,0,9,1094.5,0,23.0,0.0,3,2,39.6,1,2025-03-06 19:00:00,0.02,1459.3,1549.7,90.4,Slight Delay,4,0,2,4378.0,0,19,1,3
1509,8,5,1974.0,1,20.6,0.2,1,2,8.7,2,2025-11-12 17:00:00,0.24,2632.0,2694.6,62.6,On Time,1,1,2,1974.0,1,17,1,3
1510,4,2,618.1,4,35.0,50.9,3,1,21.6,2,2025-04-29 08:00:00,0.14,824.1,937.5,113.4,Slight Delay,4,3,1,2472.4,12,8,1,0
1511,5,7,1761.9,1,25.4,3.1,3,1,24.8,2,2025-05-08 07:00:00,0.52,2349.2,2500.6,151.4,Moderate Delay,4,1,1,7047.6,4,7,1,3
1512,3,7,1675.0,1,29.1,2.8,3,0,31.8,0,2025-01-23 16:00:00,0.26,2233.3,2374.4,141.1,Moderate Delay,4,1,4,6700.0,4,16,0,3
1513,4,2,646.3,4,15.6,35.7,2,2,33.2,0,2025-12-03 09:00:00,0.38,861.7,934.5,72.8,Slight Delay,2,3,2,1292.6,6,9,1,0
1514,3,1,1309.9,4,28.1,79.4,2,2,3.2,1,2025-07-02 13:00:00,0.29,1746.5,1831.3,84.8,Slight Delay,2,3,2,2619.8,6,13,0,3
1515,9,6,1894.6,4,21.8,53.0,0,0,26.9,1,2025-05-17 16:00:00,0.49,2526.1,2689.7,163.6,Moderate Delay,3,3,4,5683.799999999999,9,16,0,3
1516,0,5,1993.1,0,20.5,0.0,1,3,16.6,0,2025-12-28 21:00:00,0.11,2657.5,2736.5,79.0,Slight Delay,1,0,3,1993.1,0,21,0,3
1517,6,3,1704.0,1,11.7,2.5,2,0,35.1,0,2025-10-11 12:00:00,0.33,2272.0,2354.6,82.6,Slight Delay,2,1,4,3408.0,2,12,0,3
1518,3,8,1614.4,2,32.9,0.0,2,1,22.1,2,2025-12-24 20:00:00,0.39,2152.5,2238.2,85.7,Slight Delay,2,2,1,3228.8,4,20,1,3
1519,9,3,817.9,0,35.3,0.0,3,1,34.4,0,2025-05-23 18:00:00,0.58,1090.5,1195.5,105.0,Slight Delay,4,0,1,3271.6,0,18,1,0
1520,6,3,1061.3,0,18.1,0.0,0,2,2.9,0,2025-01-10 18:00:00,0.34,1415.1,1495.9,80.8,Slight Delay,3,0,2,3183.8999999999996,0,18,1,3
1521,8,0,1170.7,0,38.5,0.0,2,0,21.4,0,2025-04-05 19:00:00,0.54,1560.9,1648.0,87.1,Slight Delay,2,0,4,2341.4,0,19,1,3
1522,0,7,1220.1,2,27.1,0.0,0,1,5.3,1,2025-06-28 06:00:00,0.24,1626.8,1730.2,103.4,Slight Delay,3,2,1,3660.2999999999997,6,6,0,3
1523,5,4,1303.9,4,20.1,68.4,2,1,24.9,0,2025-11-15 19:00:00,0.3,1738.5,1815.9,77.4,Slight Delay,2,3,1,2607.8,6,19,1,3
1524,8,7,1745.3,0,27.9,0.0,3,3,28.5,1,2025-08-26 19:00:00,0.0,2327.1,2412.7,85.6,Slight Delay,4,0,3,6981.2,0,19,1,3
1525,5,0,1293.8,4,18.0,16.8,2,2,31.6,0,2025-05-02 10:00:00,0.54,1725.1,1842.9,117.8,Moderate Delay,2,3,2,2587.6,6,10,1,3
1526,7,4,858.1,2,31.6,0.0,0,1,17.4,2,2025-10-05 15:00:00,0.02,1144.1,1248.3,104.2,Slight Delay,3,2,1,2574.3,6,15,0,0
1527,4,9,552.4,0,18.5,0.0,0,3,15.2,0,2025-12-04 14:00:00,0.35,736.5,829.3,92.8,Slight Delay,3,0,3,1657.1999999999998,0,14,0,0
1528,5,7,1334.3,0,33.9,0.0,0,3,24.3,0,2025-04-02 20:00:00,0.4,1779.1,1870.9,91.8,Slight Delay,3,0,3,4002.8999999999996,0,20,1,3
1529,9,7,1484.0,3,12.7,74.1,1,2,48.7,2,2025-07-03 21:00:00,0.36,1978.7,2083.6,104.9,Slight Delay,1,4,2,1484.0,4,21,0,3
1530,0,2,609.4,3,25.4,28.6,1,1,19.0,0,2025-11-09 16:00:00,0.37,812.5,870.6,58.1,On Time,1,4,1,609.4,4,16,0,0
1531,3,0,1583.0,1,28.7,2.9,0,3,3.1,0,2025-09-11 10:00:00,0.15,2110.7,2221.0,110.3,Slight Delay,3,1,3,4749.0,3,10,1,3
1532,2,1,1043.4,1,41.7,3.9,1,0,45.5,2,2025-12-02 07:00:00,0.13,1391.2,1456.5,65.3,On Time,1,1,4,1043.4,1,7,1,3
1533,1,5,1620.1,3,31.4,19.5,0,1,23.9,1,2025-04-27 07:00:00,0.41,2160.1,2295.9,135.8,Moderate Delay,3,4,1,4860.299999999999,12,7,1,3
1534,6,4,1611.1,0,17.5,0.0,0,1,26.6,1,2025-05-01 17:00:00,0.14,2148.1,2221.1,73.0,Slight Delay,3,0,1,4833.299999999999,0,17,1,3
1535,3,1,1456.3,5,29.2,33.8,3,1,32.6,1,2025-02-09 13:00:00,0.54,1941.7,2074.5,132.8,Moderate Delay,4,5,1,5825.2,20,13,0,3
1536,2,8,1185.1,5,22.7,51.0,0,2,44.0,2,2025-11-25 19:00:00,0.57,1580.1,1741.5,161.4,Moderate Delay,3,5,2,3555.2999999999997,15,19,1,3
1537,6,1,311.4,0,15.0,0.0,0,3,8.8,0,2025-07-28 17:00:00,0.03,415.2,484.7,69.5,On Time,3,0,3,934.1999999999999,0,17,1,1
1538,9,6,1452.1,5,12.5,56.1,1,0,34.5,0,2025-01-23 15:00:00,0.54,1936.1,2051.5,115.4,Moderate Delay,1,5,4,1452.1,5,15,0,3
1539,1,7,1053.3,0,38.6,0.0,2,3,10.7,1,2025-09-18 17:00:00,0.32,1404.4,1476.1,71.7,Slight Delay,2,0,3,2106.6,0,17,1,3
1540,2,9,77.4,5,30.1,67.9,1,0,36.3,0,2025-11-29 08:00:00,0.08,103.2,207.4,104.2,Slight Delay,1,5,4,77.4,5,8,1,2
1541,3,6,1703.9,5,38.9,60.9,3,1,31.9,1,2025-01-27 21:00:00,0.41,2271.9,2497.1,225.2,Severe Delay,4,5,1,6815.6,20,21,0,3
1542,0,5,1987.9,3,34.1,7.6,0,3,41.4,2,2025-10-22 15:00:00,0.17,2650.5,2789.1,138.6,Moderate Delay,3,4,3,5963.700000000001,12,15,0,3
1543,2,8,1274.0,1,38.5,1.5,0,0,11.1,0,2025-06-11 09:00:00,0.4,1698.7,1814.3,115.6,Moderate Delay,3,1,4,3822.0,3,9,1,3
1544,2,0,876.6,2,18.0,0.0,3,3,13.1,2,2025-06-30 22:00:00,0.3,1168.8,1349.1,180.3,Severe Delay,4,2,3,3506.4,8,22,0,0
1545,3,8,1946.0,2,29.6,0.0,3,0,13.1,0,2025-08-03 13:00:00,0.14,2594.7,2773.4,178.7,Severe Delay,4,2,4,7784.0,8,13,0,3
1546,5,1,736.9,5,42.7,69.7,2,2,14.6,1,2025-10-27 10:00:00,0.09,982.5,1093.4,110.9,Slight Delay,2,5,2,1473.8,10,10,1,0
1547,5,6,143.2,4,41.4,7.8,0,3,47.7,2,2025-02-11 19:00:00,0.4,190.9,288.5,97.6,Slight Delay,3,3,3,429.59999999999997,9,19,1,1
1548,8,5,1648.7,1,33.2,0.8,3,0,36.8,2,2025-08-21 06:00:00,0.44,2198.3,2358.5,160.2,Moderate Delay,4,1,4,6594.8,4,6,0,3
1549,1,3,1595.0,3,31.8,28.6,0,2,8.6,1,2025-02-21 10:00:00,0.02,2126.7,2243.5,116.8,Moderate Delay,3,4,2,4785.0,12,10,1,3
1550,7,9,90.7,0,22.8,0.0,2,1,24.2,2,2025-09-21 22:00:00,0.11,120.9,147.0,26.1,On Time,2,0,1,181.4,0,22,0,2
1551,8,9,1917.4,4,12.9,53.3,2,2,48.6,1,2025-10-13 13:00:00,0.59,2556.5,2703.4,146.9,Moderate Delay,2,3,2,3834.8,6,13,0,3
1552,6,3,1485.1,4,33.2,67.0,0,1,34.4,1,2025-01-24 08:00:00,0.32,1980.1,2087.0,106.9,Slight Delay,3,3,1,4455.299999999999,9,8,1,3
1553,4,0,1399.5,3,42.8,17.4,3,2,32.6,0,2025-09-02 10:00:00,0.15,1866.0,2021.9,155.9,Moderate Delay,4,4,2,5598.0,16,10,1,3
1554,1,5,1782.1,0,43.8,0.0,2,1,4.0,1,2025-10-31 17:00:00,0.28,2376.1,2414.2,38.1,On Time,2,0,1,3564.2,0,17,1,3
1555,9,8,1329.2,4,34.6,15.3,3,0,40.7,1,2025-10-29 14:00:00,0.41,1772.3,1955.0,182.7,Severe Delay,4,3,4,5316.8,12,14,0,3
1556,3,6,1436.0,4,42.5,64.8,3,3,30.7,2,2025-10-16 22:00:00,0.07,1914.7,2068.4,153.7,Moderate Delay,4,3,3,5744.0,12,22,0,3
1557,0,5,1473.3,3,20.0,27.3,0,3,23.7,0,2025-06-13 11:00:00,0.01,1964.4,2107.0,142.6,Moderate Delay,3,4,3,4419.9,12,11,0,3
1558,1,7,900.8,2,21.9,0.0,2,2,42.5,1,2025-05-23 16:00:00,0.29,1201.1,1271.6,70.5,On Time,2,2,2,1801.6,4,16,0,0
1559,3,8,1029.3,4,28.3,21.1,2,1,36.1,0,2025-05-21 21:00:00,0.05,1372.4,1418.5,46.1,On Time,2,3,1,2058.6,6,21,0,3
1560,9,2,423.5,1,11.1,2.6,0,3,4.7,1,2025-02-24 13:00:00,0.28,564.7,644.8,80.1,Slight Delay,3,1,3,1270.5,3,13,0,1
1561,6,1,1791.5,0,11.2,0.0,2,0,40.7,2,2025-11-03 07:00:00,0.34,2388.7,2517.7,129.0,Moderate Delay,2,0,4,3583.0,0,7,1,3
1562,0,5,656.7,1,30.0,1.2,1,2,7.6,2,2025-07-09 12:00:00,0.22,875.6,924.0,48.4,On Time,1,1,2,656.7,1,12,0,0
1563,6,9,1810.8,2,29.9,0.0,3,0,39.1,0,2025-06-01 09:00:00,0.48,2414.4,2589.1,174.7,Severe Delay,4,2,4,7243.2,8,9,1,3
1564,3,0,681.3,3,11.3,67.4,3,3,42.6,2,2025-03-12 14:00:00,0.38,908.4,1082.9,174.5,Severe Delay,4,4,3,2725.2,16,14,0,0
1565,3,8,1466.5,0,39.0,0.0,2,1,37.4,0,2025-03-22 22:00:00,0.38,1955.3,2012.3,57.0,On Time,2,0,1,2933.0,0,22,0,3
1566,4,6,565.8,3,17.7,44.6,1,3,8.9,2,2025-08-10 09:00:00,0.48,754.4,828.3,73.9,Slight Delay,1,4,3,565.8,4,9,1,0
1567,0,4,1620.3,1,37.0,1.1,1,1,31.0,2,2025-03-12 18:00:00,0.15,2160.4,2227.1,66.7,On Time,1,1,1,1620.3,1,18,1,3
1568,2,6,1917.9,4,30.9,52.7,3,0,42.5,0,2025-04-06 21:00:00,0.4,2557.2,2720.3,163.1,Moderate Delay,4,3,4,7671.6,12,21,0,3
1569,6,1,922.3,1,44.9,3.1,1,0,39.4,2,2025-08-11 08:00:00,0.2,1229.7,1297.1,67.4,On Time,1,1,4,922.3,1,8,1,0
1570,9,5,1832.1,5,41.4,77.8,2,0,33.5,2,2025-08-03 14:00:00,0.58,2442.8,2621.2,178.4,Severe Delay,2,5,4,3664.2,10,14,0,3
1571,5,8,392.3,2,10.1,0.0,2,3,36.1,0,2025-09-29 11:00:00,0.26,523.1,590.6,67.5,On Time,2,2,3,784.6,4,11,0,1
1572,6,2,460.2,4,17.5,35.7,3,2,49.6,1,2025-07-20 17:00:00,0.0,613.6,700.4,86.8,Slight Delay,4,3,2,1840.8,12,17,1,1
1573,0,9,314.3,4,24.2,12.7,1,0,26.9,2,2025-05-28 19:00:00,0.06,419.1,474.8,55.7,On Time,1,3,4,314.3,3,19,1,1
1574,9,4,1038.7,1,26.4,3.7,3,1,41.7,2,2025-08-26 16:00:00,0.45,1384.9,1514.0,129.1,Moderate Delay,4,1,1,4154.8,4,16,0,3
1575,3,8,282.3,2,40.2,0.0,3,0,30.9,0,2025-09-08 19:00:00,0.21,376.4,526.6,150.2,Moderate Delay,4,2,4,1129.2,8,19,1,1
1576,2,7,1600.3,4,28.4,11.8,0,0,29.4,0,2025-02-01 16:00:00,0.37,2133.7,2263.3,129.6,Moderate Delay,3,3,4,4800.9,9,16,0,3
1577,6,8,820.4,3,37.2,76.5,3,2,4.4,0,2025-07-24 14:00:00,0.32,1093.9,1239.7,145.8,Moderate Delay,4,4,2,3281.6,16,14,0,0
1578,7,4,1931.7,3,16.3,49.6,2,3,21.6,1,2025-01-24 15:00:00,0.2,2575.6,2718.4,142.8,Moderate Delay,2,4,3,3863.4,8,15,0,3
1579,9,8,1507.3,1,36.6,1.9,2,0,37.7,1,2025-02-26 16:00:00,0.23,2009.7,2075.8,66.1,On Time,2,1,4,3014.6,2,16,0,3
1580,1,5,1715.6,0,28.3,0.0,1,2,18.4,2,2025-12-27 16:00:00,0.15,2287.5,2299.5,12.0,On Time,1,0,2,1715.6,0,16,0,3
1581,4,5,771.7,0,22.6,0.0,1,0,19.9,0,2025-10-02 12:00:00,0.48,1028.9,1070.9,42.0,On Time,1,0,4,771.7,0,12,0,0
1582,1,5,1623.4,3,18.5,71.2,2,3,28.3,2,2025-07-11 16:00:00,0.37,2164.5,2333.3,168.8,Moderate Delay,2,4,3,3246.8,8,16,0,3
1583,8,2,1103.8,5,12.2,11.7,2,1,41.6,2,2025-01-11 22:00:00,0.04,1471.7,1579.2,107.5,Slight Delay,2,5,1,2207.6,10,22,0,3
1584,3,5,1021.7,3,27.8,59.4,3,1,25.2,2,2025-05-25 15:00:00,0.37,1362.3,1533.1,170.8,Severe Delay,4,4,1,4086.8,16,15,0,3
1585,7,6,78.9,2,27.6,0.0,2,1,40.3,0,2025-03-05 18:00:00,0.33,105.2,176.6,71.4,Slight Delay,2,2,1,157.8,4,18,1,2
1586,8,1,1588.9,2,19.0,0.0,0,1,22.5,2,2025-02-07 22:00:00,0.4,2118.5,2253.3,134.8,Moderate Delay,3,2,1,4766.700000000001,6,22,0,3
1587,8,7,1446.9,0,33.0,0.0,2,1,8.2,1,2025-10-29 18:00:00,0.16,1929.2,1966.2,37.0,On Time,2,0,1,2893.8,0,18,1,3
1588,2,4,1837.8,4,16.7,64.6,3,1,48.4,0,2025-05-21 20:00:00,0.44,2450.4,2609.7,159.3,Moderate Delay,4,3,1,7351.2,12,20,1,3
1589,2,3,34.1,4,33.9,25.2,3,2,40.9,0,2025-08-08 08:00:00,0.22,45.5,188.5,143.0,Moderate Delay,4,3,2,136.4,12,8,1,2
1590,2,9,713.4,5,37.0,51.7,0,2,24.1,0,2025-12-26 22:00:00,0.47,951.2,1103.9,152.7,Moderate Delay,3,5,2,2140.2,15,22,0,0
1591,2,9,827.9,0,44.4,0.0,3,2,19.3,0,2025-10-07 09:00:00,0.38,1103.9,1254.4,150.5,Moderate Delay,4,0,2,3311.6,0,9,1,0
1592,9,2,1350.1,5,20.2,41.7,1,2,6.0,2,2025-08-17 17:00:00,0.28,1800.1,1903.9,103.8,Slight Delay,1,5,2,1350.1,5,17,1,3
1593,9,3,1841.4,2,28.6,0.0,0,3,20.1,2,2025-11-19 08:00:00,0.32,2455.2,2605.3,150.1,Moderate Delay,3,2,3,5524.200000000001,6,8,1,3
1594,3,5,312.3,1,10.9,4.9,2,2,14.3,1,2025-05-08 08:00:00,0.55,416.4,471.5,55.1,On Time,2,1,2,624.6,2,8,1,1
1595,1,9,824.2,5,31.2,37.9,3,0,46.7,2,2025-09-10 14:00:00,0.32,1098.9,1315.9,217.0,Severe Delay,4,5,4,3296.8,20,14,0,0
1596,8,6,655.9,2,24.8,0.0,0,0,49.1,2,2025-06-14 19:00:00,0.09,874.5,963.3,88.8,Slight Delay,3,2,4,1967.6999999999998,6,19,1,0
1597,7,4,794.6,2,12.3,0.0,2,2,19.7,1,2025-09-13 16:00:00,0.09,1059.5,1116.2,56.7,On Time,2,2,2,1589.2,4,16,0,0
1598,2,8,1971.3,3,22.8,63.4,3,1,16.6,2,2025-08-06 08:00:00,0.29,2628.4,2800.4,172.0,Severe Delay,4,4,1,7885.2,16,8,1,3
1599,8,1,1387.0,0,15.1,0.0,2,1,29.8,2,2025-04-12 20:00:00,0.54,1849.3,1926.1,76.8,Slight Delay,2,0,1,2774.0,0,20,1,3
1600,3,7,1864.6,3,42.5,5.6,3,0,46.1,1,2025-09-26 21:00:00,0.03,2486.1,2659.1,173.0,Severe Delay,4,4,4,7458.4,16,21,0,3
1601,1,5,1870.1,3,18.4,25.6,3,1,46.1,0,2025-03-02 19:00:00,0.05,2493.5,2664.7,171.2,Severe Delay,4,4,1,7480.4,16,19,1,3
1602,6,4,1099.5,5,33.4,75.6,0,3,37.1,1,2025-11-29 11:00:00,0.32,1466.0,1639.1,173.1,Severe Delay,3,5,3,3298.5,15,11,0,3
1603,1,4,1680.2,5,16.5,46.6,2,3,36.3,1,2025-11-06 14:00:00,0.54,2240.3,2412.2,171.9,Severe Delay,2,5,3,3360.4,10,14,0,3
1604,9,0,1562.6,1,29.7,5.0,0,0,23.1,2,2025-09-26 21:00:00,0.43,2083.5,2187.4,103.9,Slight Delay,3,1,4,4687.799999999999,3,21,0,3
1605,7,8,233.5,3,23.8,60.0,2,0,46.1,0,2025-02-04 06:00:00,0.15,311.3,408.3,97.0,Slight Delay,2,4,4,467.0,8,6,0,1
1606,6,2,195.1,1,35.5,3.0,1,2,33.2,0,2025-02-18 07:00:00,0.54,260.1,335.6,75.5,Slight Delay,1,1,2,195.1,1,7,1,1
1607,5,9,235.6,5,26.1,64.1,2,1,1.9,0,2025-11-22 13:00:00,0.03,314.1,374.3,60.2,On Time,2,5,1,471.2,10,13,0,1
1608,4,7,545.3,1,32.8,2.8,0,3,18.4,0,2025-10-27 15:00:00,0.38,727.1,834.1,107.0,Slight Delay,3,1,3,1635.8999999999999,3,15,0,0
1609,4,9,1421.6,4,16.4,13.7,2,1,42.0,1,2025-03-20 09:00:00,0.47,1895.5,1956.1,60.6,On Time,2,3,1,2843.2,6,9,1,3
1610,2,4,960.8,1,24.8,2.2,0,1,2.7,2,2025-09-25 18:00:00,0.22,1281.1,1350.8,69.7,On Time,3,1,1,2882.3999999999996,3,18,1,0
1611,4,6,1136.5,2,43.3,0.0,3,0,5.9,2,2025-01-02 13:00:00,0.02,1515.3,1706.0,190.7,Severe Delay,4,2,4,4546.0,8,13,0,3
1612,2,3,1275.5,5,40.6,61.0,2,0,25.1,2,2025-09-01 06:00:00,0.28,1700.7,1855.3,154.6,Moderate Delay,2,5,4,2551.0,10,6,0,3
1613,4,3,987.3,0,38.8,0.0,2,2,14.3,0,2025-12-07 21:00:00,0.31,1316.4,1364.1,47.7,On Time,2,0,2,1974.6,0,21,0,0
1614,4,6,1989.8,5,20.6,22.9,1,0,28.6,1,2025-07-21 18:00:00,0.5,2653.1,2801.8,148.7,Moderate Delay,1,5,4,1989.8,5,18,1,3
1615,8,0,1830.2,4,27.2,38.6,0,3,48.7,1,2025-02-10 12:00:00,0.59,2440.3,2568.5,128.2,Moderate Delay,3,3,3,5490.6,9,12,0,3
1616,1,4,1428.2,2,34.9,0.0,2,2,6.2,1,2025-08-15 21:00:00,0.34,1904.3,1998.3,94.0,Slight Delay,2,2,2,2856.4,4,21,0,3
1617,6,3,1023.9,5,37.1,57.9,3,3,6.4,2,2025-01-13 17:00:00,0.35,1365.2,1578.2,213.0,Severe Delay,4,5,3,4095.6,20,17,1,3
1618,9,4,1813.9,2,22.6,0.0,3,0,3.6,1,2025-10-14 12:00:00,0.36,2418.5,2615.2,196.7,Severe Delay,4,2,4,7255.6,8,12,0,3
1619,8,4,242.0,1,23.3,3.9,1,0,21.2,0,2025-07-04 22:00:00,0.58,322.7,379.5,56.8,On Time,1,1,4,242.0,1,22,0,1
1620,2,7,1082.0,5,20.1,31.3,0,3,17.5,2,2025-07-08 14:00:00,0.2,1442.7,1592.9,150.2,Moderate Delay,3,5,3,3246.0,15,14,0,3
1621,0,7,1680.4,5,36.0,74.8,0,1,8.7,1,2025-05-21 21:00:00,0.09,2240.5,2406.8,166.3,Moderate Delay,3,5,1,5041.200000000001,15,21,0,3
1622,8,7,876.8,2,33.8,0.0,0,3,22.8,1,2025-01-30 06:00:00,0.2,1169.1,1268.0,98.9,Slight Delay,3,2,3,2630.3999999999996,6,6,0,0
1623,9,0,722.2,3,11.6,79.0,2,2,13.6,1,2025-11-28 09:00:00,0.08,962.9,1036.8,73.9,Slight Delay,2,4,2,1444.4,8,9,1,0
1624,7,8,1455.2,0,31.4,0.0,2,0,6.4,2,2025-02-12 19:00:00,0.1,1940.3,2004.5,64.2,On Time,2,0,4,2910.4,0,19,1,3
1625,3,7,636.5,3,10.7,62.6,1,3,20.3,2,2025-10-06 14:00:00,0.49,848.7,972.4,123.7,Moderate Delay,1,4,3,636.5,4,14,0,0
1626,2,7,46.0,4,22.4,60.7,0,0,4.4,1,2025-07-07 22:00:00,0.34,61.3,134.1,72.8,Slight Delay,3,3,4,138.0,9,22,0,2
1627,7,9,1270.4,3,18.5,25.8,1,1,45.0,2,2025-09-14 10:00:00,0.28,1693.9,1749.5,55.6,On Time,1,4,1,1270.4,4,10,1,3
1628,6,3,1549.4,1,44.0,4.7,3,1,13.7,0,2025-11-08 12:00:00,0.14,2065.9,2198.9,133.0,Moderate Delay,4,1,1,6197.6,4,12,0,3
1629,0,8,549.1,1,40.8,0.8,1,3,3.7,0,2025-10-15 17:00:00,0.16,732.1,779.0,46.9,On Time,1,1,3,549.1,1,17,1,0
1630,3,8,485.1,3,33.7,37.3,1,2,6.2,2,2025-03-01 08:00:00,0.43,646.8,717.9,71.1,Slight Delay,1,4,2,485.1,4,8,1,1
1631,1,3,383.6,1,10.3,2.4,0,1,21.7,2,2025-01-06 12:00:00,0.14,511.5,572.3,60.8,On Time,3,1,1,1150.8000000000002,3,12,0,1
1632,4,0,720.8,0,22.5,0.0,2,3,42.2,1,2025-11-25 12:00:00,0.45,961.1,1014.1,53.0,On Time,2,0,3,1441.6,0,12,0,0
1633,1,4,1112.0,0,34.5,0.0,3,3,20.6,2,2025-05-23 10:00:00,0.33,1482.7,1601.2,118.5,Moderate Delay,4,0,3,4448.0,0,10,1,3
1634,5,4,824.4,3,11.6,76.8,2,0,47.7,0,2025-04-13 11:00:00,0.17,1099.2,1181.7,82.5,Slight Delay,2,4,4,1648.8,8,11,0,0
1635,6,4,850.1,2,20.2,0.0,3,3,40.5,2,2025-09-08 17:00:00,0.29,1133.5,1285.4,151.9,Moderate Delay,4,2,3,3400.4,8,17,1,0
1636,5,4,721.4,4,34.3,75.6,3,0,31.5,2,2025-10-27 18:00:00,0.09,961.9,1096.2,134.3,Moderate Delay,4,3,4,2885.6,12,18,1,0
1637,1,5,132.9,5,23.3,72.7,2,2,1.5,0,2025-11-27 15:00:00,0.28,177.2,310.2,133.0,Moderate Delay,2,5,2,265.8,10,15,0,1
1638,2,8,230.6,2,17.4,0.0,0,1,18.8,1,2025-04-18 14:00:00,0.49,307.5,412.2,104.7,Slight Delay,3,2,1,691.8,6,14,0,1
1639,2,0,1324.4,4,22.9,63.6,1,1,8.7,1,2025-12-04 11:00:00,0.03,1765.9,1809.8,43.9,On Time,1,3,1,1324.4,3,11,0,3
1640,9,1,943.1,3,43.8,70.9,0,3,32.4,1,2025-07-13 07:00:00,0.22,1257.5,1390.2,132.7,Moderate Delay,3,4,3,2829.3,12,7,1,0
1641,4,3,1156.3,2,25.0,0.0,0,1,13.5,2,2025-08-04 21:00:00,0.46,1541.7,1673.0,131.3,Moderate Delay,3,2,1,3468.8999999999996,6,21,0,3
1642,4,8,171.7,2,43.6,0.0,1,0,12.7,0,2025-06-06 11:00:00,0.01,228.9,276.7,47.8,On Time,1,2,4,171.7,2,11,0,1
1643,9,5,814.4,1,25.0,0.7,1,2,2.9,1,2025-08-22 19:00:00,0.38,1085.9,1122.4,36.5,On Time,1,1,2,814.4,1,19,1,0
1644,8,0,1603.1,1,26.2,0.7,0,3,36.3,1,2025-06-22 21:00:00,0.11,2137.5,2225.6,88.1,Slight Delay,3,1,3,4809.299999999999,3,21,0,3
1645,8,6,85.2,0,20.4,0.0,2,1,43.6,0,2025-08-07 14:00:00,0.01,113.6,137.8,24.2,On Time,2,0,1,170.4,0,14,0,2
1646,5,8,1298.5,5,24.1,40.4,1,0,36.0,1,2025-03-27 15:00:00,0.53,1731.3,1862.0,130.7,Moderate Delay,1,5,4,1298.5,5,15,0,3
1647,5,0,1334.1,1,44.7,4.1,2,0,37.4,1,2025-06-20 07:00:00,0.12,1778.8,1823.6,44.8,On Time,2,1,4,2668.2,2,7,1,3
1648,3,4,1436.2,1,43.5,3.5,0,2,44.4,0,2025-03-26 20:00:00,0.27,1914.9,2020.6,105.7,Slight Delay,3,1,2,4308.6,3,20,1,3
1649,7,2,1407.0,1,18.9,4.0,2,3,47.5,0,2025-02-11 11:00:00,0.28,1876.0,1955.9,79.9,Slight Delay,2,1,3,2814.0,2,11,0,3
1650,2,6,1692.2,3,33.6,68.7,1,0,7.4,2,2025-12-17 17:00:00,0.02,2256.3,2382.2,125.9,Moderate Delay,1,4,4,1692.2,4,17,1,3
1651,7,0,279.9,1,33.4,4.4,0,1,21.6,0,2025-10-09 18:00:00,0.25,373.2,448.2,75.0,Slight Delay,3,1,1,839.6999999999999,3,18,1,1
1652,2,0,421.3,2,33.4,0.0,3,2,32.7,1,2025-05-05 09:00:00,0.54,561.7,735.8,174.1,Severe Delay,4,2,2,1685.2,8,9,1,1
1653,8,1,1695.0,4,31.3,33.5,2,2,3.3,0,2025-05-25 19:00:00,0.41,2260.0,2357.5,97.5,Slight Delay,2,3,2,3390.0,6,19,1,3
1654,5,8,494.8,5,23.0,13.3,1,3,48.6,0,2025-12-09 06:00:00,0.34,659.7,736.1,76.4,Slight Delay,1,5,3,494.8,5,6,0,1
1655,2,1,1902.7,1,19.6,0.1,0,3,4.3,0,2025-09-14 06:00:00,0.35,2536.9,2626.7,89.8,Slight Delay,3,1,3,5708.1,3,6,0,3
1656,5,8,335.7,0,27.7,0.0,2,0,4.7,0,2025-04-07 07:00:00,0.03,447.6,461.9,14.3,On Time,2,0,4,671.4,0,7,1,1
1657,2,4,1453.9,3,38.5,70.4,1,3,48.6,0,2025-12-01 11:00:00,0.46,1938.5,2087.0,148.5,Moderate Delay,1,4,3,1453.9,4,11,0,3
1658,8,1,1000.3,4,25.1,35.8,0,2,25.5,1,2025-09-04 07:00:00,0.22,1333.7,1438.4,104.7,Slight Delay,3,3,2,3000.8999999999996,9,7,1,3
1659,6,9,696.3,1,20.8,3.6,2,2,15.6,1,2025-09-22 09:00:00,0.03,928.4,971.7,43.3,On Time,2,1,2,1392.6,2,9,1,0
1660,9,3,876.5,4,15.8,28.9,1,2,21.9,2,2025-03-24 16:00:00,0.43,1168.7,1249.7,81.0,Slight Delay,1,3,2,876.5,3,16,0,0
1661,1,5,1627.4,3,37.4,56.2,3,1,22.3,0,2025-12-01 18:00:00,0.59,2169.9,2358.9,189.0,Severe Delay,4,4,1,6509.6,16,18,1,3
1662,8,7,1327.2,4,21.5,70.8,3,3,5.8,1,2025-11-21 09:00:00,0.02,1769.6,1859.5,89.9,Slight Delay,4,3,3,5308.8,12,9,1,3
1663,5,9,345.3,5,42.0,32.6,0,2,33.7,1,2025-06-21 17:00:00,0.14,460.4,575.2,114.8,Slight Delay,3,5,2,1035.9,15,17,1,1
1664,3,2,1783.5,3,31.8,79.3,3,1,41.1,2,2025-01-04 16:00:00,0.03,2378.0,2560.9,182.9,Severe Delay,4,4,1,7134.0,16,16,0,3
1665,5,6,579.7,1,16.4,0.3,3,2,28.9,2,2025-08-26 15:00:00,0.41,772.9,921.2,148.3,Moderate Delay,4,1,2,2318.8,4,15,0,0
1666,7,1,1666.8,3,39.8,17.9,3,3,24.6,2,2025-11-03 17:00:00,0.44,2222.4,2421.7,199.3,Severe Delay,4,4,3,6667.2,16,17,1,3
1667,6,9,1487.3,4,21.2,12.9,0,1,36.0,1,2025-05-17 11:00:00,0.18,1983.1,2072.1,89.0,Slight Delay,3,3,1,4461.9,9,11,0,3
1668,6,8,215.1,3,29.6,14.0,1,2,11.0,0,2025-06-02 07:00:00,0.1,286.8,321.5,34.7,On Time,1,4,2,215.1,4,7,1,1
1669,5,3,306.6,4,20.7,62.4,1,2,15.6,2,2025-03-31 08:00:00,0.25,408.8,466.7,57.9,On Time,1,3,2,306.6,3,8,1,1
1670,0,3,197.6,1,32.5,0.8,2,2,21.0,0,2025-05-21 17:00:00,0.38,263.5,335.2,71.7,Slight Delay,2,1,2,395.2,2,17,1,1
1671,9,2,105.0,2,35.2,0.0,3,1,47.7,2,2025-06-17 17:00:00,0.16,140.0,227.6,87.6,Slight Delay,4,2,1,420.0,8,17,1,1
1672,7,2,932.9,5,39.2,54.5,1,2,3.4,1,2025-02-10 16:00:00,0.57,1243.9,1327.5,83.6,Slight Delay,1,5,2,932.9,5,16,0,0
1673,6,9,1743.2,3,24.7,54.1,1,0,25.5,1,2025-05-12 08:00:00,0.44,2324.3,2445.3,121.0,Moderate Delay,1,4,4,1743.2,4,8,1,3
1674,8,3,1391.0,1,37.3,1.2,0,3,13.2,1,2025-09-21 13:00:00,0.18,1854.7,1934.0,79.3,Slight Delay,3,1,3,4173.0,3,13,0,3
1675,7,8,1011.8,5,22.7,37.4,3,0,19.7,0,2025-05-21 11:00:00,0.58,1349.1,1583.5,234.4,Severe Delay,4,5,4,4047.2,20,11,0,3
1676,6,5,1539.9,2,27.7,0.0,1,2,42.8,2,2025-12-14 15:00:00,0.45,2053.2,2156.6,103.4,Slight Delay,1,2,2,1539.9,2,15,0,3
1677,6,7,1549.0,3,42.4,9.7,2,1,31.6,0,2025-12-03 10:00:00,0.09,2065.3,2131.4,66.1,On Time,2,4,1,3098.0,8,10,1,3
1678,6,4,659.2,3,15.9,75.6,0,1,16.3,2,2025-04-26 06:00:00,0.2,878.9,1006.1,127.2,Moderate Delay,3,4,1,1977.6000000000001,12,6,0,0
1679,4,2,429.9,0,44.6,0.0,0,2,41.6,1,2025-08-04 16:00:00,0.35,573.2,628.4,55.2,On Time,3,0,2,1289.6999999999998,0,16,0,1
1680,0,8,1528.8,3,28.4,6.0,1,3,36.9,0,2025-06-13 17:00:00,0.44,2038.4,2133.8,95.4,Slight Delay,1,4,3,1528.8,4,17,1,3
1681,9,1,1214.5,3,23.1,31.5,3,0,41.4,1,2025-12-24 11:00:00,0.01,1619.3,1794.0,174.7,Severe Delay,4,4,4,4858.0,16,11,0,3
1682,8,6,1243.7,3,27.1,77.5,1,1,47.5,1,2025-09-07 17:00:00,0.59,1658.3,1788.9,130.6,Moderate Delay,1,4,1,1243.7,4,17,1,3
1683,3,6,1926.3,2,30.0,0.0,0,3,4.7,0,2025-06-11 20:00:00,0.36,2568.4,2695.7,127.3,Moderate Delay,3,2,3,5778.9,6,20,1,3
1684,9,7,1882.7,1,36.3,0.0,2,3,38.4,1,2025-08-09 19:00:00,0.44,2510.3,2600.0,89.7,Slight Delay,2,1,3,3765.4,2,19,1,3
1685,7,4,862.4,5,15.4,78.2,3,0,12.5,0,2025-10-03 10:00:00,0.43,1149.9,1329.5,179.6,Severe Delay,4,5,4,3449.6,20,10,1,0
1686,8,3,1334.2,0,12.2,0.0,3,0,43.6,2,2025-02-26 15:00:00,0.11,1778.9,1905.2,126.3,Moderate Delay,4,0,4,5336.8,0,15,0,3
1687,1,2,1615.4,2,31.6,0.0,3,2,7.2,0,2025-04-22 19:00:00,0.22,2153.9,2325.6,171.7,Severe Delay,4,2,2,6461.6,8,19,1,3
1688,5,6,883.8,4,25.2,72.9,0,1,29.0,1,2025-12-18 16:00:00,0.34,1178.4,1275.0,96.6,Slight Delay,3,3,1,2651.3999999999996,9,16,0,0
1689,0,5,1766.1,5,36.2,45.3,3,0,23.4,0,2025-09-11 20:00:00,0.11,2354.8,2599.4,244.6,Severe Delay,4,5,4,7064.4,20,20,1,3
1690,6,0,1043.4,1,41.1,4.9,2,2,6.2,0,2025-01-02 16:00:00,0.08,1391.2,1447.3,56.1,On Time,2,1,2,2086.8,2,16,0,3
1691,9,1,1262.7,2,36.9,0.0,1,2,27.6,1,2025-12-01 19:00:00,0.32,1683.6,1772.1,88.5,Slight Delay,1,2,2,1262.7,2,19,1,3
1692,8,9,802.7,1,18.1,1.7,1,0,4.0,2,2025-11-09 22:00:00,0.2,1070.3,1115.9,45.6,On Time,1,1,4,802.7,1,22,0,0
1693,3,9,398.1,0,28.2,0.0,0,0,33.8,2,2025-10-19 21:00:00,0.03,530.8,609.5,78.7,Slight Delay,3,0,4,1194.3000000000002,0,21,0,1
1694,3,8,1564.2,0,43.7,0.0,3,0,25.2,2,2025-08-23 17:00:00,0.37,2085.6,2243.9,158.3,Moderate Delay,4,0,4,6256.8,0,17,1,3
1695,2,1,119.3,3,40.9,68.9,2,3,25.6,2,2025-05-31 08:00:00,0.29,159.1,246.1,87.0,Slight Delay,2,4,3,238.6,8,8,1,1
1696,7,6,760.0,5,14.9,71.1,3,2,37.6,2,2025-12-17 20:00:00,0.45,1013.3,1210.9,197.6,Severe Delay,4,5,2,3040.0,20,20,1,0
1697,2,1,1455.3,3,15.6,57.7,1,3,34.8,2,2025-05-06 20:00:00,0.28,1940.4,2039.4,99.0,Slight Delay,1,4,3,1455.3,4,20,1,3
1698,3,7,388.9,2,35.2,0.0,1,2,33.6,1,2025-08-29 18:00:00,0.45,518.5,589.5,71.0,Slight Delay,1,2,2,388.9,2,18,1,1
1699,3,9,1481.1,4,42.4,9.4,1,1,1.1,0,2025-09-04 07:00:00,0.42,1974.8,2044.8,70.0,On Time,1,3,1,1481.1,3,7,1,3
1700,6,9,1671.3,2,16.0,0.0,1,3,46.6,0,2025-09-19 20:00:00,0.32,2228.4,2317.2,88.8,Slight Delay,1,2,3,1671.3,2,20,1,3
1701,8,3,1219.7,0,27.3,0.0,2,3,45.7,1,2025-02-27 11:00:00,0.23,1626.3,1682.8,56.5,On Time,2,0,3,2439.4,0,11,0,3
1702,4,9,1951.6,2,35.4,0.0,0,0,45.8,2,2025-09-05 12:00:00,0.18,2602.1,2749.4,147.3,Moderate Delay,3,2,4,5854.799999999999,6,12,0,3
1703,6,3,972.6,4,39.0,67.5,1,2,42.6,1,2025-09-09 13:00:00,0.48,1296.8,1347.9,51.1,On Time,1,3,2,972.6,3,13,0,0
1704,6,8,1389.4,4,21.8,24.5,3,3,47.8,0,2025-12-25 14:00:00,0.47,1852.5,2041.1,188.6,Severe Delay,4,3,3,5557.6,12,14,0,3
1705,5,6,1923.0,5,16.7,75.8,1,0,20.4,2,2025-09-25 15:00:00,0.32,2564.0,2724.6,160.6,Moderate Delay,1,5,4,1923.0,5,15,0,3
1706,7,6,1982.7,4,25.9,68.9,0,3,11.2,0,2025-03-23 15:00:00,0.3,2643.6,2797.9,154.3,Moderate Delay,3,3,3,5948.1,9,15,0,3
1707,9,0,1448.9,2,31.6,0.0,0,0,5.0,1,2025-12-22 10:00:00,0.07,1931.9,2055.5,123.6,Moderate Delay,3,2,4,4346.700000000001,6,10,1,3
1708,1,4,1375.8,3,28.0,39.8,0,0,20.2,2,2025-04-19 15:00:00,0.52,1834.4,2002.1,167.7,Moderate Delay,3,4,4,4127.4,12,15,0,3
1709,1,7,669.2,4,34.6,8.4,0,2,19.6,0,2025-11-13 11:00:00,0.21,892.3,1007.0,114.7,Slight Delay,3,3,2,2007.6000000000001,9,11,0,0
1710,4,1,1080.3,5,10.6,23.8,0,3,46.1,0,2025-09-06 11:00:00,0.56,1440.4,1620.6,180.2,Severe Delay,3,5,3,3240.8999999999996,15,11,0,3
1711,0,9,80.6,1,13.3,1.1,3,2,25.4,2,2025-12-09 08:00:00,0.51,107.5,238.5,131.0,Moderate Delay,4,1,2,322.4,4,8,1,2
1712,4,2,1834.5,4,23.6,42.8,2,0,16.8,2,2025-05-23 09:00:00,0.4,2446.0,2543.1,97.1,Slight Delay,2,3,4,3669.0,6,9,1,3
1713,2,8,353.8,3,36.5,8.8,3,1,27.9,1,2025-09-26 13:00:00,0.18,471.7,621.0,149.3,Moderate Delay,4,4,1,1415.2,16,13,0,1
1714,2,8,54.9,2,18.5,0.0,1,2,21.8,1,2025-02-20 16:00:00,0.2,73.2,135.8,62.6,On Time,1,2,2,54.9,2,16,0,2
1715,0,3,1690.4,4,30.8,63.8,1,1,37.6,0,2025-10-18 22:00:00,0.34,2253.9,2335.4,81.5,Slight Delay,1,3,1,1690.4,3,22,0,3
1716,2,6,401.1,4,13.5,60.8,2,0,44.4,2,2025-12-20 20:00:00,0.39,534.8,641.6,106.8,Slight Delay,2,3,4,802.2,6,20,1,1
1717,1,7,1558.9,5,35.8,77.6,0,3,6.2,2,2025-04-08 08:00:00,0.35,2078.5,2288.9,210.4,Severe Delay,3,5,3,4676.700000000001,15,8,1,3
1718,1,5,856.2,4,18.9,66.4,1,0,49.3,2,2025-05-05 21:00:00,0.15,1141.6,1221.7,80.1,Slight Delay,1,3,4,856.2,3,21,0,0
1719,9,3,160.6,5,27.2,11.4,1,3,13.5,1,2025-02-07 12:00:00,0.08,214.1,291.6,77.5,Slight Delay,1,5,3,160.6,5,12,0,1
1720,9,3,1243.7,3,34.7,67.2,1,2,43.9,2,2025-02-21 12:00:00,0.39,1658.3,1787.9,129.6,Moderate Delay,1,4,2,1243.7,4,12,0,3
1721,5,9,1814.2,4,11.4,34.8,1,2,47.4,2,2025-08-15 12:00:00,0.15,2418.9,2508.8,89.9,Slight Delay,1,3,2,1814.2,3,12,0,3
1722,5,9,1267.6,0,44.4,0.0,0,2,34.4,1,2025-05-19 21:00:00,0.59,1690.1,1793.5,103.4,Slight Delay,3,0,2,3802.7999999999997,0,21,0,3
1723,1,8,338.0,5,44.2,28.6,3,3,21.7,1,2025-06-03 14:00:00,0.16,450.7,606.9,156.2,Moderate Delay,4,5,3,1352.0,20,14,0,1
1724,0,2,204.7,4,25.3,6.7,0,3,17.7,1,2025-08-14 09:00:00,0.42,272.9,379.5,106.6,Slight Delay,3,3,3,614.0999999999999,9,9,1,1
1725,1,0,609.1,0,12.9,0.0,0,2,0.8,0,2025-03-25 11:00:00,0.25,812.1,883.5,71.4,Slight Delay,3,0,2,1827.3000000000002,0,11,0,0
1726,3,9,204.3,2,20.7,0.0,0,1,23.4,0,2025-06-25 11:00:00,0.3,272.4,357.9,85.5,Slight Delay,3,2,1,612.9000000000001,6,11,0,1
1727,2,3,245.2,1,26.7,1.8,2,3,24.8,1,2025-06-06 16:00:00,0.55,326.9,379.0,52.1,On Time,2,1,3,490.4,2,16,0,1
1728,0,9,940.9,0,29.7,0.0,0,0,50.0,1,2025-12-11 10:00:00,0.39,1254.5,1351.4,96.9,Slight Delay,3,0,4,2822.7,0,10,1,0
1729,4,1,1989.5,1,26.0,0.3,3,0,34.3,2,2025-11-09 11:00:00,0.03,2652.7,2779.9,127.2,Moderate Delay,4,1,4,7958.0,4,11,0,3
1730,4,5,1845.2,3,27.5,58.2,3,3,11.3,2,2025-05-15 21:00:00,0.46,2460.3,2706.6,246.3,Severe Delay,4,4,3,7380.8,16,21,0,3
1731,6,8,208.4,1,24.4,4.7,0,3,22.1,1,2025-07-01 16:00:00,0.59,277.9,377.8,99.9,Slight Delay,3,1,3,625.2,3,16,0,1
1732,9,6,1805.3,3,25.0,66.1,3,2,19.7,2,2025-07-26 07:00:00,0.51,2407.1,2591.0,183.9,Severe Delay,4,4,2,7221.2,16,7,1,3
1733,8,4,357.2,2,10.8,0.0,2,2,11.0,0,2025-01-10 12:00:00,0.32,476.3,564.6,88.3,Slight Delay,2,2,2,714.4,4,12,0,1
1734,2,4,1295.2,4,35.0,25.8,0,1,0.5,0,2025-08-07 18:00:00,0.52,1726.9,1839.6,112.7,Slight Delay,3,3,1,3885.6000000000004,9,18,1,3
1735,4,5,1723.5,5,14.9,37.2,2,0,5.3,1,2025-09-15 20:00:00,0.23,2298.0,2423.3,125.3,Moderate Delay,2,5,4,3447.0,10,20,1,3
1736,6,3,785.6,0,38.1,0.0,2,0,19.6,0,2025-09-03 21:00:00,0.12,1047.5,1092.0,44.5,On Time,2,0,4,1571.2,0,21,0,0
1737,7,9,1370.9,2,14.7,0.0,3,0,7.6,0,2025-11-07 18:00:00,0.45,1827.9,1971.4,143.5,Moderate Delay,4,2,4,5483.6,8,18,1,3
1738,7,1,226.5,0,41.4,0.0,0,3,29.5,1,2025-07-09 20:00:00,0.56,302.0,372.7,70.7,On Time,3,0,3,679.5,0,20,1,1
1739,6,3,24.1,3,42.6,46.6,2,1,46.4,0,2025-07-31 10:00:00,0.2,32.1,89.1,57.0,On Time,2,4,1,48.2,8,10,1,2
1740,1,4,1030.6,5,27.7,15.3,2,1,10.5,0,2025-05-06 16:00:00,0.24,1374.1,1474.9,100.8,Slight Delay,2,5,1,2061.2,10,16,0,3
1741,5,0,1888.1,2,26.9,0.0,0,3,49.8,1,2025-01-12 10:00:00,0.4,2517.5,2653.0,135.5,Moderate Delay,3,2,3,5664.299999999999,6,10,1,3
1742,3,8,116.1,4,16.6,10.0,3,0,9.8,2,2025-06-14 20:00:00,0.25,154.8,279.3,124.5,Moderate Delay,4,3,4,464.4,12,20,1,1
1743,2,0,869.8,4,32.6,75.3,0,0,5.8,1,2025-12-27 14:00:00,0.06,1159.7,1256.6,96.9,Slight Delay,3,3,4,2609.3999999999996,9,14,0,0
1744,6,7,229.6,1,41.3,4.0,1,2,37.7,0,2025-07-22 21:00:00,0.02,306.1,327.7,21.6,On Time,1,1,2,229.6,1,21,0,1
1745,7,5,1329.5,0,31.3,0.0,0,1,5.9,1,2025-08-12 07:00:00,0.39,1772.7,1830.2,57.5,On Time,3,0,1,3988.5,0,7,1,3
1746,0,4,77.2,5,44.4,51.9,3,3,25.3,1,2025-06-20 08:00:00,0.23,102.9,251.3,148.4,Moderate Delay,4,5,3,308.8,20,8,1,2
1747,3,1,376.5,5,29.5,68.2,1,0,8.1,1,2025-02-14 20:00:00,0.02,502.0,588.6,86.6,Slight Delay,1,5,4,376.5,5,20,1,1
1748,5,2,606.7,0,18.4,0.0,3,3,32.1,0,2025-08-20 10:00:00,0.23,808.9,907.2,98.3,Slight Delay,4,0,3,2426.8,0,10,1,0
1749,4,3,1826.0,1,40.9,4.9,0,2,36.0,1,2025-12-21 19:00:00,0.41,2434.7,2550.2,115.5,Moderate Delay,3,1,2,5478.0,3,19,1,3
1750,7,9,238.3,5,19.4,76.9,0,1,13.7,1,2025-07-19 06:00:00,0.18,317.7,413.8,96.1,Slight Delay,3,5,1,714.9000000000001,15,6,0,1
1751,7,6,1116.4,4,14.3,65.2,3,0,39.3,0,2025-04-25 16:00:00,0.01,1488.5,1610.8,122.3,Moderate Delay,4,3,4,4465.6,12,16,0,3
1752,0,9,385.3,2,23.0,0.0,2,3,26.4,1,2025-10-23 10:00:00,0.03,513.7,563.8,50.1,On Time,2,2,3,770.6,4,10,1,1
1753,2,1,1997.4,1,42.2,3.9,0,0,40.7,2,2025-01-14 07:00:00,0.34,2663.2,2823.8,160.6,Moderate Delay,3,1,4,5992.200000000001,3,7,1,3
1754,1,5,1959.2,4,16.2,29.4,1,3,27.3,0,2025-04-28 12:00:00,0.1,2612.3,2655.3,43.0,On Time,1,3,3,1959.2,3,12,0,3
1755,2,4,1529.2,1,43.4,4.9,3,3,21.4,2,2025-04-22 17:00:00,0.57,2038.9,2221.0,182.1,Severe Delay,4,1,3,6116.8,4,17,1,3
1756,7,2,334.4,3,17.2,79.4,1,2,37.8,2,2025-08-16 12:00:00,0.58,445.9,510.8,64.9,On Time,1,4,2,334.4,4,12,0,1
1757,8,7,1471.8,3,22.7,19.0,3,2,16.9,2,2025-04-16 18:00:00,0.34,1962.4,2152.5,190.1,Severe Delay,4,4,2,5887.2,16,18,1,3
1758,5,3,54.9,0,28.8,0.0,2,1,31.6,2,2025-04-18 09:00:00,0.6,73.2,137.9,64.7,On Time,2,0,1,109.8,0,9,1,2
1759,9,4,1605.8,2,24.3,0.0,0,2,16.3,2,2025-04-18 08:00:00,0.28,2141.1,2239.1,98.0,Slight Delay,3,2,2,4817.4,6,8,1,3
1760,0,4,1994.0,3,16.1,15.9,0,1,45.8,0,2025-01-09 06:00:00,0.53,2658.7,2804.5,145.8,Moderate Delay,3,4,1,5982.0,12,6,0,3
1761,8,9,1982.9,3,11.5,22.6,1,3,20.1,0,2025-06-08 08:00:00,0.27,2643.9,2758.0,114.1,Slight Delay,1,4,3,1982.9,4,8,1,3
1762,8,6,1278.6,1,35.0,3.9,1,2,31.9,0,2025-01-09 14:00:00,0.14,1704.8,1770.9,66.1,On Time,1,1,2,1278.6,1,14,0,3
1763,4,7,1661.7,1,43.3,0.8,2,0,25.1,1,2025-01-05 10:00:00,0.35,2215.6,2332.1,116.5,Moderate Delay,2,1,4,3323.4,2,10,1,3
1764,0,1,1111.8,1,21.0,0.8,3,1,44.8,2,2025-11-02 12:00:00,0.36,1482.4,1599.2,116.8,Moderate Delay,4,1,1,4447.2,4,12,0,3
1765,6,8,1946.4,5,10.2,78.9,3,0,49.0,0,2025-03-30 11:00:00,0.6,2595.2,2818.9,223.7,Severe Delay,4,5,4,7785.6,20,11,0,3
1766,0,1,587.1,2,13.1,0.0,2,3,43.0,2,2025-03-25 06:00:00,0.35,782.8,892.6,109.8,Slight Delay,2,2,3,1174.2,4,6,0,0
1767,9,2,1161.1,4,26.9,68.4,3,3,32.4,0,2025-11-15 16:00:00,0.48,1548.1,1693.8,145.7,Moderate Delay,4,3,3,4644.4,12,16,0,3
1768,7,3,1646.7,4,39.5,60.3,1,2,44.9,2,2025-03-15 19:00:00,0.19,2195.6,2269.7,74.1,Slight Delay,1,3,2,1646.7,3,19,1,3
1769,7,5,692.6,3,23.3,76.9,2,0,3.7,2,2025-01-08 17:00:00,0.46,923.5,1045.4,121.9,Moderate Delay,2,4,4,1385.2,8,17,1,0
1770,2,3,1559.2,3,30.3,26.5,1,1,36.8,0,2025-08-26 19:00:00,0.35,2078.9,2195.8,116.9,Moderate Delay,1,4,1,1559.2,4,19,1,3
1771,0,9,901.0,1,27.8,2.1,1,3,22.7,0,2025-08-29 14:00:00,0.54,1201.3,1287.4,86.1,Slight Delay,1,1,3,901.0,1,14,0,0
1772,1,8,713.6,2,23.0,0.0,0,1,36.3,0,2025-09-10 12:00:00,0.3,951.5,1052.7,101.2,Slight Delay,3,2,1,2140.8,6,12,0,0
1773,1,6,597.8,5,27.8,30.7,2,0,28.6,2,2025-12-04 08:00:00,0.03,797.1,919.4,122.3,Moderate Delay,2,5,4,1195.6,10,8,1,0
1774,3,9,1086.6,4,40.7,14.4,1,0,24.9,2,2025-05-09 11:00:00,0.27,1448.8,1532.3,83.5,Slight Delay,1,3,4,1086.6,3,11,0,3
1775,6,8,189.9,2,21.5,0.0,3,3,22.5,2,2025-06-17 19:00:00,0.27,253.2,429.7,176.5,Severe Delay,4,2,3,759.6,8,19,1,1
1776,4,1,342.6,5,17.7,22.6,1,2,21.8,1,2025-01-25 12:00:00,0.56,456.8,574.6,117.8,Moderate Delay,1,5,2,342.6,5,12,0,1
1777,1,7,891.3,1,23.7,2.8,1,0,12.5,2,2025-07-23 16:00:00,0.05,1188.4,1233.6,45.2,On Time,1,1,4,891.3,1,16,0,0
1778,7,0,1708.0,3,19.9,71.4,0,0,20.3,1,2025-10-23 18:00:00,0.24,2277.3,2414.8,137.5,Moderate Delay,3,4,4,5124.0,12,18,1,3
1779,9,2,652.2,3,12.6,16.4,0,2,2.7,2,2025-05-24 22:00:00,0.18,869.6,991.8,122.2,Moderate Delay,3,4,2,1956.6000000000001,12,22,0,0
1780,4,8,1944.3,1,16.3,2.6,0,3,12.4,0,2025-10-09 20:00:00,0.56,2592.4,2705.5,113.1,Slight Delay,3,1,3,5832.9,3,20,1,3
1781,3,8,1783.7,5,42.0,36.4,0,1,33.0,0,2025-08-07 06:00:00,0.1,2378.3,2519.0,140.7,Moderate Delay,3,5,1,5351.1,15,6,0,3
1782,0,1,1939.5,0,35.2,0.0,2,2,27.7,2,2025-03-03 15:00:00,0.16,2586.0,2673.0,87.0,Slight Delay,2,0,2,3879.0,0,15,0,3
1783,1,8,39.2,4,17.7,54.9,3,2,44.8,1,2025-02-12 22:00:00,0.41,52.3,178.4,126.1,Moderate Delay,4,3,2,156.8,12,22,0,2
1784,1,9,1112.7,5,37.7,21.1,2,0,17.5,1,2025-04-24 06:00:00,0.52,1483.6,1609.8,126.2,Moderate Delay,2,5,4,2225.4,10,6,0,3
1785,2,8,453.8,5,42.4,47.9,2,1,5.7,1,2025-07-05 13:00:00,0.12,605.1,722.2,117.1,Moderate Delay,2,5,1,907.6,10,13,0,1
1786,0,1,41.3,4,40.8,38.4,2,1,46.6,1,2025-03-26 13:00:00,0.3,55.1,109.1,54.0,On Time,2,3,1,82.6,6,13,0,2
1787,1,5,254.9,5,15.1,18.9,3,0,16.7,0,2025-01-26 18:00:00,0.54,339.9,557.6,217.7,Severe Delay,4,5,4,1019.6,20,18,1,1
1788,6,9,402.2,5,29.7,10.6,3,2,17.7,0,2025-06-14 10:00:00,0.14,536.3,712.1,175.8,Severe Delay,4,5,2,1608.8,20,10,1,1
1789,6,7,1476.0,0,39.2,0.0,0,3,45.2,2,2025-11-10 08:00:00,0.34,1968.0,2054.3,86.3,Slight Delay,3,0,3,4428.0,0,8,1,3
1790,7,9,1995.8,1,25.1,3.6,2,2,34.8,2,2025-05-05 18:00:00,0.12,2661.1,2737.5,76.4,Slight Delay,2,1,2,3991.6,2,18,1,3
1791,1,9,1794.8,3,23.4,56.7,2,0,30.1,0,2025-02-06 13:00:00,0.03,2393.1,2481.3,88.2,Slight Delay,2,4,4,3589.6,8,13,0,3
1792,6,1,1598.0,3,37.9,63.2,1,0,26.5,2,2025-08-16 10:00:00,0.17,2130.7,2243.1,112.4,Slight Delay,1,4,4,1598.0,4,10,1,3
1793,6,8,1378.7,0,32.8,0.0,1,3,21.1,1,2025-02-22 21:00:00,0.06,1838.3,1872.4,34.1,On Time,1,0,3,1378.7,0,21,0,3
1794,2,0,469.9,4,18.6,71.9,1,2,26.8,2,2025-02-06 16:00:00,0.29,626.5,677.7,51.2,On Time,1,3,2,469.9,3,16,0,1
1795,6,7,309.4,3,20.4,41.2,0,1,34.7,1,2025-08-27 19:00:00,0.15,412.5,518.3,105.8,Slight Delay,3,4,1,928.1999999999999,12,19,1,1
1796,5,1,169.7,2,10.1,0.0,3,3,19.3,2,2025-09-25 09:00:00,0.36,226.3,380.3,154.0,Moderate Delay,4,2,3,678.8,8,9,1,1
1797,3,8,1738.5,1,33.6,3.3,3,2,30.1,0,2025-01-30 09:00:00,0.12,2318.0,2441.1,123.1,Moderate Delay,4,1,2,6954.0,4,9,1,3
1798,6,4,1240.6,4,42.3,12.2,0,2,25.4,1,2025-05-09 17:00:00,0.27,1654.1,1750.4,96.3,Slight Delay,3,3,2,3721.7999999999997,9,17,1,3
1799,3,7,104.6,0,24.3,0.0,3,0,36.1,1,2025-09-11 13:00:00,0.12,139.5,225.8,86.3,Slight Delay,4,0,4,418.4,0,13,0,1
1800,5,8,1245.9,2,44.2,0.0,0,1,21.6,1,2025-09-07 18:00:00,0.24,1661.2,1735.8,74.6,Slight Delay,3,2,1,3737.7000000000003,6,18,1,3
1801,5,0,943.2,2,10.1,0.0,3,1,20.4,1,2025-02-25 09:00:00,0.06,1257.6,1381.2,123.6,Moderate Delay,4,2,1,3772.8,8,9,1,0
1802,5,3,884.5,0,19.4,0.0,2,3,35.2,1,2025-12-11 19:00:00,0.08,1179.3,1207.5,28.2,On Time,2,0,3,1769.0,0,19,1,0
1803,8,7,1004.9,4,25.3,34.5,3,2,25.2,1,2025-09-25 07:00:00,0.32,1339.9,1463.7,123.8,Moderate Delay,4,3,2,4019.6,12,7,1,3
1804,8,9,1781.4,2,34.4,0.0,1,0,45.0,1,2025-04-03 06:00:00,0.43,2375.2,2485.0,109.8,Slight Delay,1,2,4,1781.4,2,6,0,3
1805,4,3,1166.7,4,44.4,36.3,3,1,11.0,1,2025-08-22 14:00:00,0.31,1555.6,1688.9,133.3,Moderate Delay,4,3,1,4666.8,12,14,0,3
1806,4,8,755.7,4,23.8,12.5,2,3,38.2,0,2025-01-25 16:00:00,0.22,1007.6,1083.2,75.6,Slight Delay,2,3,3,1511.4,6,16,0,0
1807,9,6,1050.4,1,23.6,2.6,2,3,16.6,1,2025-07-25 17:00:00,0.37,1400.5,1440.6,40.1,On Time,2,1,3,2100.8,2,17,1,3
1808,1,0,163.1,0,41.3,0.0,0,3,30.8,1,2025-10-03 13:00:00,0.07,217.5,285.7,68.2,On Time,3,0,3,489.29999999999995,0,13,0,1
1809,4,6,1503.0,0,17.1,0.0,1,2,43.2,0,2025-11-15 21:00:00,0.21,2004.0,2057.4,53.4,On Time,1,0,2,1503.0,0,21,0,3
1810,1,9,55.9,1,31.3,2.5,0,2,10.2,0,2025-06-22 20:00:00,0.6,74.5,180.8,106.3,Slight Delay,3,1,2,167.7,3,20,1,2
1811,4,1,1862.1,1,22.6,4.0,0,1,25.2,2,2025-04-08 15:00:00,0.24,2482.8,2588.9,106.1,Slight Delay,3,1,1,5586.299999999999,3,15,0,3
1812,0,5,1363.5,4,38.9,25.3,2,2,27.4,1,2025-12-23 08:00:00,0.58,1818.0,1893.0,75.0,Slight Delay,2,3,2,2727.0,6,8,1,3
1813,2,3,1779.3,0,44.7,0.0,3,3,28.6,2,2025-06-24 17:00:00,0.46,2372.4,2498.1,125.7,Moderate Delay,4,0,3,7117.2,0,17,1,3
1814,8,1,147.9,3,28.5,25.5,1,3,39.9,1,2025-10-19 08:00:00,0.0,197.2,256.2,59.0,On Time,1,4,3,147.9,4,8,1,1
1815,4,2,434.0,3,44.8,63.0,1,0,36.5,1,2025-03-21 14:00:00,0.22,578.7,645.6,66.9,On Time,1,4,4,434.0,4,14,0,1
1816,7,0,536.0,1,16.0,0.7,2,0,18.6,2,2025-08-14 12:00:00,0.3,714.7,766.4,51.7,On Time,2,1,4,1072.0,2,12,0,0
1817,1,7,1215.5,4,28.5,78.7,2,1,37.5,1,2025-09-05 20:00:00,0.35,1620.7,1691.6,70.9,Slight Delay,2,3,1,2431.0,6,20,1,3
1818,8,5,555.7,5,32.0,73.8,2,2,16.2,2,2025-09-23 18:00:00,0.13,740.9,822.1,81.2,Slight Delay,2,5,2,1111.4,10,18,1,0
1819,5,8,655.3,2,34.7,0.0,0,3,43.6,0,2025-08-09 17:00:00,0.47,873.7,969.9,96.2,Slight Delay,3,2,3,1965.8999999999999,6,17,1,0
1820,4,2,452.1,4,40.5,72.7,0,1,17.3,1,2025-03-10 16:00:00,0.21,602.8,697.1,94.3,Slight Delay,3,3,1,1356.3000000000002,9,16,0,1
1821,2,5,538.9,5,41.8,76.3,2,1,13.8,1,2025-12-29 21:00:00,0.45,718.5,820.5,102.0,Slight Delay,2,5,1,1077.8,10,21,0,0
1822,0,4,352.1,0,13.2,0.0,2,3,29.0,1,2025-12-26 13:00:00,0.59,469.5,529.4,59.9,On Time,2,0,3,704.2,0,13,0,1
1823,9,6,974.5,5,26.2,44.1,1,2,47.7,1,2025-08-13 21:00:00,0.36,1299.3,1431.9,132.6,Moderate Delay,1,5,2,974.5,5,21,0,0
1824,5,8,1053.7,0,16.8,0.0,2,1,34.6,1,2025-08-18 07:00:00,0.54,1404.9,1432.3,27.4,On Time,2,0,1,2107.4,0,7,1,3
1825,4,0,1397.6,2,21.3,0.0,2,1,40.8,1,2025-07-01 08:00:00,0.33,1863.5,1935.6,72.1,Slight Delay,2,2,1,2795.2,4,8,1,3
1826,6,4,1782.1,2,26.4,0.0,1,2,42.6,0,2025-12-27 10:00:00,0.2,2376.1,2454.0,77.9,Slight Delay,1,2,2,1782.1,2,10,1,3
1827,8,2,1898.6,2,30.1,0.0,3,3,38.1,1,2025-12-23 15:00:00,0.05,2531.5,2679.6,148.1,Moderate Delay,4,2,3,7594.4,8,15,0,3
1828,4,2,1465.4,5,16.5,31.0,3,0,33.3,1,2025-12-15 16:00:00,0.29,1953.9,2187.4,233.5,Severe Delay,4,5,4,5861.6,20,16,0,3
1829,7,3,840.7,2,11.2,0.0,0,1,7.2,2,2025-11-11 08:00:00,0.19,1120.9,1227.3,106.4,Slight Delay,3,2,1,2522.1000000000004,6,8,1,0
1830,0,8,653.3,2,21.4,0.0,2,0,33.8,2,2025-11-04 11:00:00,0.32,871.1,934.7,63.6,On Time,2,2,4,1306.6,4,11,0,0
1831,1,7,1575.2,2,13.9,0.0,3,1,36.3,0,2025-02-15 09:00:00,0.23,2100.3,2263.4,163.1,Moderate Delay,4,2,1,6300.8,8,9,1,3
1832,8,9,592.8,3,12.2,69.4,3,2,16.0,2,2025-06-25 11:00:00,0.12,790.4,975.5,185.1,Severe Delay,4,4,2,2371.2,16,11,0,0
1833,3,4,862.4,4,36.0,77.4,2,2,11.8,0,2025-09-13 08:00:00,0.09,1149.9,1204.1,54.2,On Time,2,3,2,1724.8,6,8,1,0
1834,1,4,1286.5,3,24.6,49.6,2,0,21.3,0,2025-11-28 08:00:00,0.09,1715.3,1817.9,102.6,Slight Delay,2,4,4,2573.0,8,8,1,3
1835,4,0,841.1,0,37.5,0.0,0,1,20.9,1,2025-02-01 07:00:00,0.42,1121.5,1174.3,52.8,On Time,3,0,1,2523.3,0,7,1,0
1836,4,3,1419.7,1,36.1,3.6,1,1,20.8,2,2025-06-17 18:00:00,0.38,1892.9,1999.8,106.9,Slight Delay,1,1,1,1419.7,1,18,1,3
1837,6,7,1813.4,5,11.9,28.1,0,1,14.8,2,2025-04-07 21:00:00,0.38,2417.9,2604.3,186.4,Severe Delay,3,5,1,5440.200000000001,15,21,0,3
1838,1,5,1142.5,1,30.6,1.7,0,1,23.4,1,2025-03-21 17:00:00,0.05,1523.3,1599.1,75.8,Slight Delay,3,1,1,3427.5,3,17,1,3
1839,5,1,1221.1,3,16.5,57.1,2,0,4.0,0,2025-01-16 07:00:00,0.17,1628.1,1734.1,106.0,Slight Delay,2,4,4,2442.2,8,7,1,3
1840,0,3,1553.1,4,21.3,65.4,0,1,9.1,0,2025-12-16 11:00:00,0.3,2070.8,2183.5,112.7,Slight Delay,3,3,1,4659.299999999999,9,11,0,3
1841,5,0,997.6,1,40.9,0.4,1,2,3.3,2,2025-11-05 10:00:00,0.14,1330.1,1363.8,33.7,On Time,1,1,2,997.6,1,10,1,0
1842,5,4,1234.8,3,43.1,55.6,3,2,39.3,2,2025-12-09 08:00:00,0.22,1646.4,1805.9,159.5,Moderate Delay,4,4,2,4939.2,16,8,1,3
1843,4,2,1977.8,4,12.5,8.4,2,0,7.9,0,2025-04-07 18:00:00,0.23,2637.1,2724.0,86.9,Slight Delay,2,3,4,3955.6,6,18,1,3
1844,7,8,1825.8,0,44.0,0.0,3,1,25.1,1,2025-02-16 16:00:00,0.14,2434.4,2520.6,86.2,Slight Delay,4,0,1,7303.2,0,16,0,3
1845,0,5,1224.1,5,32.5,54.9,3,0,18.9,0,2025-06-14 10:00:00,0.48,1632.1,1832.0,199.9,Severe Delay,4,5,4,4896.4,20,10,1,3
1846,9,2,310.0,4,40.4,26.3,3,2,39.3,0,2025-07-13 08:00:00,0.4,413.3,499.7,86.4,Slight Delay,4,3,2,1240.0,12,8,1,1
1847,9,7,704.0,3,39.2,32.5,1,3,37.9,1,2025-09-05 18:00:00,0.26,938.7,1035.8,97.1,Slight Delay,1,4,3,704.0,4,18,1,0
1848,6,0,859.4,4,18.0,10.3,1,1,27.0,2,2025-02-15 15:00:00,0.59,1145.9,1228.9,83.0,Slight Delay,1,3,1,859.4,3,15,0,0
1849,5,0,48.3,1,14.1,4.4,0,1,41.9,1,2025-01-15 07:00:00,0.18,64.4,120.6,56.2,On Time,3,1,1,144.89999999999998,3,7,1,2
1850,6,9,482.4,1,38.3,1.9,0,1,41.8,1,2025-08-11 22:00:00,0.23,643.2,677.6,34.4,On Time,3,1,1,1447.1999999999998,3,22,0,1
1851,0,1,1897.4,5,30.1,43.1,0,1,42.1,2,2025-02-20 20:00:00,0.52,2529.9,2703.4,173.5,Severe Delay,3,5,1,5692.200000000001,15,20,1,3
1852,1,6,669.6,2,24.2,0.0,0,1,41.2,1,2025-04-15 21:00:00,0.36,892.8,975.6,82.8,Slight Delay,3,2,1,2008.8000000000002,6,21,0,0
1853,2,7,1689.7,0,11.0,0.0,3,0,11.9,1,2025-03-01 15:00:00,0.54,2252.9,2412.6,159.7,Moderate Delay,4,0,4,6758.8,0,15,0,3
1854,7,6,1672.5,2,37.0,0.0,0,0,40.8,0,2025-04-27 17:00:00,0.31,2230.0,2358.3,128.3,Moderate Delay,3,2,4,5017.5,6,17,1,3
1855,8,7,1712.1,1,12.8,4.2,2,0,15.0,1,2025-12-09 14:00:00,0.39,2282.8,2374.1,91.3,Slight Delay,2,1,4,3424.2,2,14,0,3
1856,8,6,660.6,1,18.8,1.4,0,2,47.5,1,2025-01-06 19:00:00,0.22,880.8,961.6,80.8,Slight Delay,3,1,2,1981.8000000000002,3,19,1,0
1857,8,9,1224.0,4,27.5,33.7,2,2,45.0,0,2025-11-04 06:00:00,0.15,1632.0,1710.7,78.7,Slight Delay,2,3,2,2448.0,6,6,0,3
1858,8,7,1535.6,2,22.5,0.0,3,0,40.2,1,2025-12-20 13:00:00,0.21,2047.5,2202.4,154.9,Moderate Delay,4,2,4,6142.4,8,13,0,3
1859,3,1,577.9,0,25.4,0.0,2,2,3.6,2,2025-04-04 16:00:00,0.52,770.5,831.9,61.4,On Time,2,0,2,1155.8,0,16,0,0
1860,1,4,556.0,2,31.1,0.0,3,3,46.5,1,2025-05-27 15:00:00,0.51,741.3,911.2,169.9,Severe Delay,4,2,3,2224.0,8,15,0,0
1861,5,6,621.7,0,21.3,0.0,1,2,49.5,2,2025-02-14 21:00:00,0.08,828.9,847.4,18.5,On Time,1,0,2,621.7,0,21,0,0
1862,2,1,1584.3,5,25.4,37.4,1,2,28.1,0,2025-02-25 09:00:00,0.35,2112.4,2245.5,133.1,Moderate Delay,1,5,2,1584.3,5,9,1,3
1863,2,7,604.3,3,22.6,51.7,2,1,11.9,1,2025-02-04 13:00:00,0.55,805.7,895.6,89.9,Slight Delay,2,4,1,1208.6,8,13,0,0
1864,8,4,92.5,3,25.3,13.8,2,2,21.1,1,2025-01-22 22:00:00,0.5,123.3,222.6,99.3,Slight Delay,2,4,2,185.0,8,22,0,2
1865,2,6,855.2,2,24.9,0.0,0,1,46.0,1,2025-01-08 10:00:00,0.35,1140.3,1269.8,129.5,Moderate Delay,3,2,1,2565.6000000000004,6,10,1,0
1866,4,6,432.4,1,37.8,4.7,0,2,44.6,2,2025-11-26 07:00:00,0.19,576.5,664.8,88.3,Slight Delay,3,1,2,1297.1999999999998,3,7,1,1
1867,8,9,1081.3,1,28.0,0.2,0,1,3.9,2,2025-04-05 12:00:00,0.0,1441.7,1499.4,57.7,On Time,3,1,1,3243.8999999999996,3,12,0,3
1868,4,0,1671.1,0,15.8,0.0,3,1,3.1,2,2025-11-05 22:00:00,0.11,2228.1,2337.7,109.6,Slight Delay,4,0,1,6684.4,0,22,0,3
1869,6,5,200.4,1,15.2,2.5,2,3,46.1,2,2025-02-27 08:00:00,0.52,267.2,347.5,80.3,Slight Delay,2,1,3,400.8,2,8,1,1
1870,8,5,784.4,5,25.5,44.3,1,0,6.9,1,2025-06-14 17:00:00,0.22,1045.9,1121.7,75.8,Slight Delay,1,5,4,784.4,5,17,1,0
1871,7,2,975.8,0,14.7,0.0,2,1,19.5,0,2025-01-02 07:00:00,0.07,1301.1,1324.4,23.3,On Time,2,0,1,1951.6,0,7,1,0
1872,8,3,700.9,1,39.6,0.4,1,1,43.0,2,2025-11-29 21:00:00,0.29,934.5,984.9,50.4,On Time,1,1,1,700.9,1,21,0,0
1873,5,8,474.7,4,44.1,11.3,3,2,3.9,1,2025-05-02 21:00:00,0.36,632.9,780.4,147.5,Moderate Delay,4,3,2,1898.8,12,21,0,1
1874,5,6,987.2,4,12.3,41.4,3,2,21.6,2,2025-08-21 17:00:00,0.43,1316.3,1426.3,110.0,Slight Delay,4,3,2,3948.8,12,17,1,0
1875,2,1,1321.3,4,44.8,53.9,2,2,30.5,0,2025-03-24 17:00:00,0.25,1761.7,1839.3,77.6,Slight Delay,2,3,2,2642.6,6,17,1,3
1876,7,9,1535.9,4,38.7,14.4,2,1,48.9,0,2025-07-30 13:00:00,0.59,2047.9,2152.5,104.6,Slight Delay,2,3,1,3071.8,6,13,0,3
1877,8,1,427.8,2,24.8,0.0,0,0,33.4,0,2025-08-04 19:00:00,0.04,570.4,668.9,98.5,Slight Delay,3,2,4,1283.4,6,19,1,1
1878,9,0,1580.0,3,11.2,73.0,3,2,46.0,0,2025-06-22 16:00:00,0.34,2106.7,2274.0,167.3,Moderate Delay,4,4,2,6320.0,16,16,0,3
1879,8,1,819.7,2,33.9,0.0,2,0,5.5,2,2025-12-31 12:00:00,0.08,1092.9,1192.3,99.4,Slight Delay,2,2,4,1639.4,4,12,0,0
1880,5,2,692.5,2,22.7,0.0,0,2,16.1,1,2025-07-29 17:00:00,0.43,923.3,1032.1,108.8,Slight Delay,3,2,2,2077.5,6,17,1,0
1881,6,2,1570.2,3,33.5,42.3,2,2,36.1,2,2025-10-05 20:00:00,0.49,2093.6,2211.6,118.0,Moderate Delay,2,4,2,3140.4,8,20,1,3
1882,6,9,1723.5,0,28.0,0.0,2,0,27.0,0,2025-10-10 11:00:00,0.52,2298.0,2361.4,63.4,On Time,2,0,4,3447.0,0,11,0,3
1883,8,5,999.8,3,43.8,77.8,2,2,42.6,2,2025-12-22 12:00:00,0.19,1333.1,1449.1,116.0,Moderate Delay,2,4,2,1999.6,8,12,0,0
1884,8,1,1298.2,4,22.7,42.5,2,2,45.3,1,2025-04-12 10:00:00,0.38,1730.9,1817.1,86.2,Slight Delay,2,3,2,2596.4,6,10,1,3
1885,8,4,954.2,3,27.5,71.3,2,0,30.4,0,2025-06-11 22:00:00,0.42,1272.3,1418.2,145.9,Moderate Delay,2,4,4,1908.4,8,22,0,0
1886,7,1,1209.1,0,14.7,0.0,1,1,19.9,2,2025-01-28 16:00:00,0.58,1612.1,1666.6,54.5,On Time,1,0,1,1209.1,0,16,0,3
1887,3,8,122.2,4,14.2,19.5,2,0,42.0,2,2025-06-07 08:00:00,0.04,162.9,206.5,43.6,On Time,2,3,4,244.4,6,8,1,1
1888,4,8,1446.2,5,38.4,15.4,3,2,24.6,0,2025-12-27 11:00:00,0.15,1928.3,2103.5,175.2,Severe Delay,4,5,2,5784.8,20,11,0,3
1889,6,4,1934.0,0,39.7,0.0,2,0,44.1,2,2025-08-01 09:00:00,0.28,2578.7,2668.5,89.8,Slight Delay,2,0,4,3868.0,0,9,1,3
1890,0,8,319.2,1,22.8,0.6,3,3,20.5,1,2025-05-08 09:00:00,0.02,425.6,512.8,87.2,Slight Delay,4,1,3,1276.8,4,9,1,1
1891,1,0,1055.6,0,27.8,0.0,1,0,16.2,0,2025-08-31 18:00:00,0.5,1407.5,1491.2,83.7,Slight Delay,1,0,4,1055.6,0,18,1,3
1892,9,1,576.1,0,33.2,0.0,0,2,49.1,1,2025-10-20 11:00:00,0.38,768.1,863.3,95.2,Slight Delay,3,0,2,1728.3000000000002,0,11,0,0
1893,9,7,1963.2,3,37.1,38.6,0,3,26.8,2,2025-07-09 08:00:00,0.54,2617.6,2766.9,149.3,Moderate Delay,3,4,3,5889.6,12,8,1,3
1894,1,2,821.7,5,38.2,40.1,0,2,42.2,2,2025-02-26 12:00:00,0.21,1095.6,1266.4,170.8,Severe Delay,3,5,2,2465.1000000000004,15,12,0,0
1895,4,6,479.3,2,44.5,0.0,1,3,25.4,1,2025-09-11 06:00:00,0.57,639.1,711.8,72.7,Slight Delay,1,2,3,479.3,2,6,0,1
1896,5,8,535.7,1,17.5,4.3,0,3,30.1,2,2025-09-20 14:00:00,0.46,714.3,810.6,96.3,Slight Delay,3,1,3,1607.1000000000001,3,14,0,0
1897,0,7,818.6,3,26.5,72.2,0,0,28.2,2,2025-11-29 13:00:00,0.18,1091.5,1234.9,143.4,Moderate Delay,3,4,4,2455.8,12,13,0,0
1898,6,4,766.6,3,13.0,40.2,3,3,37.7,2,2025-05-20 20:00:00,0.22,1022.1,1215.8,193.7,Severe Delay,4,4,3,3066.4,16,20,1,0
1899,3,8,306.9,5,13.6,51.2,1,0,6.2,1,2025-01-06 06:00:00,0.51,409.2,565.9,156.7,Moderate Delay,1,5,4,306.9,5,6,0,1
1900,6,9,1384.0,1,14.7,2.5,3,2,39.2,0,2025-01-19 14:00:00,0.13,1845.3,1947.2,101.9,Slight Delay,4,1,2,5536.0,4,14,0,3
1901,8,4,1447.4,4,37.4,75.0,3,2,18.7,1,2025-06-25 10:00:00,0.41,1929.9,2055.4,125.5,Moderate Delay,4,3,2,5789.6,12,10,1,3
1902,4,6,1817.6,5,32.7,40.8,2,2,40.8,0,2025-05-17 08:00:00,0.27,2423.5,2554.7,131.2,Moderate Delay,2,5,2,3635.2,10,8,1,3
1903,9,3,968.5,2,20.6,0.0,0,1,23.7,2,2025-03-07 09:00:00,0.13,1291.3,1393.1,101.8,Slight Delay,3,2,1,2905.5,6,9,1,0
1904,2,3,1987.0,1,40.8,2.7,0,1,49.5,2,2025-10-20 13:00:00,0.42,2649.3,2740.4,91.1,Slight Delay,3,1,1,5961.0,3,13,0,3
1905,3,1,1176.8,0,11.3,0.0,1,3,43.9,1,2025-02-06 10:00:00,0.18,1569.1,1601.5,32.4,On Time,1,0,3,1176.8,0,10,1,3
1906,5,9,534.2,2,31.4,0.0,0,1,2.5,1,2025-03-04 07:00:00,0.58,712.3,837.2,124.9,Moderate Delay,3,2,1,1602.6000000000001,6,7,1,0
1907,1,6,1383.4,2,19.7,0.0,1,0,22.6,2,2025-02-16 06:00:00,0.26,1844.5,1958.2,113.7,Slight Delay,1,2,4,1383.4,2,6,0,3
1908,8,2,1326.3,1,29.7,0.3,1,1,30.0,0,2025-06-14 22:00:00,0.01,1768.4,1817.4,49.0,On Time,1,1,1,1326.3,1,22,0,3
1909,2,0,642.8,1,32.0,3.8,3,0,25.3,0,2025-05-28 07:00:00,0.53,857.1,1023.7,166.6,Moderate Delay,4,1,4,2571.2,4,7,1,0
1910,9,1,368.4,5,42.1,23.4,1,1,12.6,2,2025-04-12 14:00:00,0.49,491.2,583.0,91.8,Slight Delay,1,5,1,368.4,5,14,0,1
1911,1,5,1104.4,5,34.9,69.5,2,1,46.8,1,2025-02-08 12:00:00,0.47,1472.5,1646.4,173.9,Severe Delay,2,5,1,2208.8,10,12,0,3
1912,1,8,1385.6,1,35.2,2.8,2,2,11.6,1,2025-10-31 15:00:00,0.57,1847.5,1950.7,103.2,Slight Delay,2,1,2,2771.2,2,15,0,3
1913,5,8,822.2,5,11.3,8.6,0,0,14.6,0,2025-05-09 17:00:00,0.38,1096.3,1242.9,146.6,Moderate Delay,3,5,4,2466.6000000000004,15,17,1,0
1914,2,5,169.1,0,32.4,0.0,0,3,40.9,2,2025-02-03 07:00:00,0.45,225.5,325.4,99.9,Slight Delay,3,0,3,507.29999999999995,0,7,1,1
1915,3,0,382.7,4,17.5,26.7,1,2,48.8,2,2025-12-12 20:00:00,0.59,510.3,596.0,85.7,Slight Delay,1,3,2,382.7,3,20,1,1
1916,7,1,680.9,4,39.9,16.2,0,1,47.3,1,2025-05-15 16:00:00,0.3,907.9,996.4,88.5,Slight Delay,3,3,1,2042.6999999999998,9,16,0,0
1917,9,4,1018.7,2,43.8,0.0,3,3,34.8,0,2025-06-03 21:00:00,0.15,1358.3,1489.6,131.3,Moderate Delay,4,2,3,4074.8,8,21,0,3
1918,4,5,1842.1,2,38.2,0.0,2,0,7.5,1,2025-03-29 07:00:00,0.46,2456.1,2580.7,124.6,Moderate Delay,2,2,4,3684.2,4,7,1,3
1919,4,9,995.9,3,34.4,7.6,3,3,38.3,0,2025-08-26 20:00:00,0.02,1327.9,1479.9,152.0,Moderate Delay,4,4,3,3983.6,16,20,1,0
1920,9,1,972.7,1,37.6,0.4,3,2,10.0,2,2025-03-13 16:00:00,0.33,1296.9,1401.6,104.7,Slight Delay,4,1,2,3890.8,4,16,0,0
1921,8,1,810.0,3,38.9,10.4,0,1,10.2,0,2025-12-05 11:00:00,0.18,1080.0,1202.4,122.4,Moderate Delay,3,4,1,2430.0,12,11,0,0
1922,1,2,461.1,1,39.6,4.1,1,1,20.1,0,2025-08-30 10:00:00,0.35,614.8,659.8,45.0,On Time,1,1,1,461.1,1,10,1,1
1923,6,8,49.3,1,19.4,1.0,1,2,25.7,0,2025-03-23 15:00:00,0.12,65.7,83.5,17.8,On Time,1,1,2,49.3,1,15,0,2
1924,0,6,1511.5,1,43.5,0.1,2,2,27.1,1,2025-09-13 19:00:00,0.13,2015.3,2092.6,77.3,Slight Delay,2,1,2,3023.0,2,19,1,3
1925,8,1,1113.3,3,39.6,29.0,1,3,22.2,2,2025-02-04 16:00:00,0.28,1484.4,1569.0,84.6,Slight Delay,1,4,3,1113.3,4,16,0,3
1926,9,6,1231.0,1,14.7,1.3,2,2,2.6,2,2025-08-02 21:00:00,0.04,1641.3,1683.6,42.3,On Time,2,1,2,2462.0,2,21,0,3
1927,7,4,884.7,2,42.0,0.0,2,3,39.7,1,2025-06-09 19:00:00,0.18,1179.6,1293.5,113.9,Slight Delay,2,2,3,1769.4,4,19,1,0
1928,5,3,1349.0,5,16.8,20.0,2,3,23.7,0,2025-07-11 10:00:00,0.55,1798.7,1931.5,132.8,Moderate Delay,2,5,3,2698.0,10,10,1,3
1929,4,0,1379.8,0,12.0,0.0,1,2,21.2,0,2025-08-02 13:00:00,0.35,1839.7,1896.4,56.7,On Time,1,0,2,1379.8,0,13,0,3
1930,2,8,50.9,2,32.5,0.0,2,3,4.1,1,2025-09-01 14:00:00,0.0,67.9,115.2,47.3,On Time,2,2,3,101.8,4,14,0,2
1931,0,4,834.1,5,18.2,43.6,0,0,40.0,2,2025-06-14 13:00:00,0.5,1112.1,1325.2,213.1,Severe Delay,3,5,4,2502.3,15,13,0,0
1932,5,2,1409.5,1,16.2,4.9,3,2,31.0,2,2025-06-10 22:00:00,0.1,1879.3,2000.5,121.2,Moderate Delay,4,1,2,5638.0,4,22,0,3
1933,3,9,1214.9,1,34.0,2.0,0,1,38.8,1,2025-09-09 20:00:00,0.58,1619.9,1730.9,111.0,Slight Delay,3,1,1,3644.7000000000003,3,20,1,3
1934,5,6,1133.8,0,34.5,0.0,3,2,49.8,2,2025-05-22 10:00:00,0.02,1511.7,1583.5,71.8,Slight Delay,4,0,2,4535.2,0,10,1,3
1935,4,7,662.8,3,26.0,21.2,2,0,43.4,1,2025-01-02 16:00:00,0.35,883.7,994.9,111.2,Slight Delay,2,4,4,1325.6,8,16,0,0
1936,4,0,628.3,5,15.4,68.0,2,3,3.7,0,2025-09-06 16:00:00,0.17,837.7,952.7,115.0,Slight Delay,2,5,3,1256.6,10,16,0,0
1937,5,0,1868.6,1,20.9,1.8,2,1,23.9,0,2025-02-01 12:00:00,0.34,2491.5,2587.0,95.5,Slight Delay,2,1,1,3737.2,2,12,0,3
1938,0,5,1177.2,4,17.5,11.8,2,2,35.1,0,2025-12-25 06:00:00,0.43,1569.6,1660.2,90.6,Slight Delay,2,3,2,2354.4,6,6,0,3
1939,6,4,1623.7,1,31.4,0.6,2,3,34.3,2,2025-01-15 19:00:00,0.59,2164.9,2279.8,114.9,Slight Delay,2,1,3,3247.4,2,19,1,3
1940,3,8,1908.6,3,25.8,14.7,2,2,5.9,1,2025-07-15 11:00:00,0.39,2544.8,2687.3,142.5,Moderate Delay,2,4,2,3817.2,8,11,0,3
1941,5,9,420.5,4,34.1,5.8,1,3,15.6,0,2025-05-22 12:00:00,0.24,560.7,607.2,46.5,On Time,1,3,3,420.5,3,12,0,1
1942,5,9,343.5,4,37.6,5.5,2,0,6.8,0,2025-01-09 09:00:00,0.32,458.0,519.6,61.6,On Time,2,3,4,687.0,6,9,1,1
1943,7,8,1958.9,5,14.4,33.0,3,3,46.6,2,2025-06-11 18:00:00,0.53,2611.9,2871.3,259.4,Severe Delay,4,5,3,7835.6,20,18,1,3
1944,0,7,390.9,2,32.2,0.0,3,3,29.7,0,2025-04-02 16:00:00,0.39,521.2,690.1,168.9,Severe Delay,4,2,3,1563.6,8,16,0,1
1945,5,7,566.9,2,34.9,0.0,0,3,30.5,1,2025-10-19 07:00:00,0.51,755.9,856.7,100.8,Slight Delay,3,2,3,1700.6999999999998,6,7,1,0
1946,0,7,395.4,2,38.2,0.0,2,2,14.1,2,2025-02-04 10:00:00,0.2,527.2,591.0,63.8,On Time,2,2,2,790.8,4,10,1,1
1947,1,3,1642.2,5,37.9,12.6,2,0,40.1,2,2025-07-04 17:00:00,0.07,2189.6,2341.0,151.4,Moderate Delay,2,5,4,3284.4,10,17,1,3
1948,4,3,479.6,3,15.8,62.0,0,1,17.6,0,2025-07-25 07:00:00,0.08,639.5,733.8,94.3,Slight Delay,3,4,1,1438.8000000000002,12,7,1,1
1949,0,8,1938.4,2,41.6,0.0,3,0,25.8,1,2025-02-15 12:00:00,0.54,2584.5,2777.0,192.5,Severe Delay,4,2,4,7753.6,8,12,0,3
1950,9,1,64.2,0,11.9,0.0,0,0,26.9,2,2025-01-29 06:00:00,0.11,85.6,167.4,81.8,Slight Delay,3,0,4,192.60000000000002,0,6,0,2
1951,7,6,1662.4,3,44.9,67.9,1,1,28.1,2,2025-04-30 10:00:00,0.12,2216.5,2290.2,73.7,Slight Delay,1,4,1,1662.4,4,10,1,3
1952,1,5,144.1,4,40.6,46.8,0,2,16.9,1,2025-12-10 18:00:00,0.21,192.1,281.9,89.8,Slight Delay,3,3,2,432.29999999999995,9,18,1,1
1953,7,5,1355.4,4,20.3,44.7,3,1,42.1,1,2025-12-23 19:00:00,0.04,1807.2,1923.4,116.2,Moderate Delay,4,3,1,5421.6,12,19,1,3
1954,0,3,354.5,0,36.3,0.0,2,1,4.6,2,2025-04-28 21:00:00,0.34,472.7,513.3,40.6,On Time,2,0,1,709.0,0,21,0,1
1955,7,8,450.0,2,36.0,0.0,1,3,2.6,1,2025-03-26 18:00:00,0.5,600.0,668.3,68.3,On Time,1,2,3,450.0,2,18,1,1
1956,2,1,1071.7,5,35.6,12.1,1,3,26.7,0,2025-10-12 17:00:00,0.17,1428.9,1577.6,148.7,Moderate Delay,1,5,3,1071.7,5,17,1,3
1957,0,8,1803.7,1,21.4,3.7,2,3,37.0,0,2025-04-11 16:00:00,0.01,2404.9,2451.6,46.7,On Time,2,1,3,3607.4,2,16,0,3
1958,6,9,980.4,0,31.3,0.0,0,2,8.4,2,2025-08-17 22:00:00,0.47,1307.2,1414.5,107.3,Slight Delay,3,0,2,2941.2,0,22,0,0
1959,8,2,1762.5,1,26.9,1.8,1,1,16.6,0,2025-02-24 12:00:00,0.16,2350.0,2385.7,35.7,On Time,1,1,1,1762.5,1,12,0,3
1960,2,4,1046.3,2,27.4,0.0,2,3,15.4,0,2025-08-26 07:00:00,0.54,1395.1,1509.6,114.5,Slight Delay,2,2,3,2092.6,4,7,1,3
1961,2,4,226.3,1,39.1,3.4,1,3,2.1,2,2025-04-21 11:00:00,0.08,301.7,339.6,37.9,On Time,1,1,3,226.3,1,11,0,1
1962,4,2,536.4,3,41.9,6.4,3,3,18.6,0,2025-07-20 11:00:00,0.44,715.2,887.3,172.1,Severe Delay,4,4,3,2145.6,16,11,0,0
1963,9,0,1112.7,5,27.7,28.9,0,0,13.2,2,2025-11-12 09:00:00,0.01,1483.6,1607.6,124.0,Moderate Delay,3,5,4,3338.1000000000004,15,9,1,3
1964,7,3,1486.9,5,13.9,55.2,1,1,39.1,0,2025-01-01 15:00:00,0.44,1982.5,2128.2,145.7,Moderate Delay,1,5,1,1486.9,5,15,0,3
1965,9,8,375.5,2,41.7,0.0,2,1,16.0,2,2025-07-08 12:00:00,0.08,500.7,570.3,69.6,On Time,2,2,1,751.0,4,12,0,1
1966,2,9,743.3,2,12.1,0.0,0,1,41.6,0,2025-08-02 06:00:00,0.1,991.1,1082.9,91.8,Slight Delay,3,2,1,2229.8999999999996,6,6,0,0
1967,6,7,264.0,0,40.2,0.0,0,0,2.1,0,2025-08-22 12:00:00,0.59,352.0,436.2,84.2,Slight Delay,3,0,4,792.0,0,12,0,1
1968,3,7,335.8,3,16.2,73.9,2,1,6.0,2,2025-02-14 13:00:00,0.52,447.7,564.5,116.8,Moderate Delay,2,4,1,671.6,8,13,0,1
1969,9,5,987.8,4,40.1,14.0,0,1,45.5,1,2025-10-16 21:00:00,0.51,1317.1,1442.1,125.0,Moderate Delay,3,3,1,2963.3999999999996,9,21,0,0
1970,3,2,529.8,1,25.4,1.4,1,2,6.6,1,2025-07-13 06:00:00,0.19,706.4,712.4,6.0,On Time,1,1,2,529.8,1,6,0,0
1971,7,0,247.4,3,14.9,51.3,3,2,30.6,2,2025-01-07 07:00:00,0.13,329.9,484.9,155.0,Moderate Delay,4,4,2,989.6,16,7,1,1
1972,3,4,871.4,2,30.1,0.0,0,2,5.0,2,2025-05-17 06:00:00,0.56,1161.9,1288.9,127.0,Moderate Delay,3,2,2,2614.2,6,6,0,0
1973,6,2,1268.4,1,32.7,2.9,3,1,9.6,1,2025-01-23 19:00:00,0.36,1691.2,1826.2,135.0,Moderate Delay,4,1,1,5073.6,4,19,1,3
1974,0,9,117.1,1,39.3,2.4,1,3,40.8,0,2025-02-15 17:00:00,0.19,156.1,193.2,37.1,On Time,1,1,3,117.1,1,17,1,1
1975,9,0,1590.2,5,21.0,31.6,2,3,2.8,1,2025-07-10 10:00:00,0.01,2120.3,2235.0,114.7,Slight Delay,2,5,3,3180.4,10,10,1,3
1976,4,8,1660.8,3,40.4,44.2,2,2,45.7,0,2025-08-28 17:00:00,0.51,2214.4,2333.2,118.8,Moderate Delay,2,4,2,3321.6,8,17,1,3
1977,6,1,37.2,2,15.5,0.0,3,2,44.1,0,2025-08-10 08:00:00,0.14,49.6,178.7,129.1,Moderate Delay,4,2,2,148.8,8,8,1,2
1978,5,6,1347.9,1,32.6,1.1,0,3,38.0,1,2025-08-27 20:00:00,0.05,1797.2,1877.6,80.4,Slight Delay,3,1,3,4043.7000000000003,3,20,1,3
1979,0,1,696.5,0,15.6,0.0,0,0,38.4,1,2025-06-24 11:00:00,0.04,928.7,1027.7,99.0,Slight Delay,3,0,4,2089.5,0,11,0,0
1980,5,1,1344.0,1,29.4,1.8,3,1,44.6,0,2025-02-27 22:00:00,0.05,1792.0,1916.2,124.2,Moderate Delay,4,1,1,5376.0,4,22,0,3
1981,0,7,1328.4,5,10.5,18.5,1,1,17.4,0,2025-10-09 11:00:00,0.14,1771.2,1895.8,124.6,Moderate Delay,1,5,1,1328.4,5,11,0,3
1982,2,8,414.9,3,44.0,43.8,1,3,44.9,1,2025-07-11 18:00:00,0.21,553.2,625.2,72.0,Slight Delay,1,4,3,414.9,4,18,1,1
1983,0,8,1553.9,1,36.3,4.5,0,2,15.7,1,2025-02-24 13:00:00,0.28,2071.9,2168.5,96.6,Slight Delay,3,1,2,4661.700000000001,3,13,0,3
1984,9,1,586.5,2,27.3,0.0,2,1,22.8,1,2025-02-25 21:00:00,0.31,782.0,854.2,72.2,Slight Delay,2,2,1,1173.0,4,21,0,0
1985,1,3,1021.6,2,32.6,0.0,0,0,45.5,0,2025-06-05 12:00:00,0.42,1362.1,1491.1,129.0,Moderate Delay,3,2,4,3064.8,6,12,0,3
1986,0,3,676.2,1,33.0,1.1,1,1,5.7,2,2025-06-01 09:00:00,0.02,901.6,940.4,38.8,On Time,1,1,1,676.2,1,9,1,0
1987,2,1,597.7,2,25.4,0.0,1,1,5.6,0,2025-08-20 09:00:00,0.16,796.9,834.8,37.9,On Time,1,2,1,597.7,2,9,1,0
1988,8,4,796.2,2,28.4,0.0,3,1,18.1,1,2025-11-02 15:00:00,0.36,1061.6,1228.7,167.1,Moderate Delay,4,2,1,3184.8,8,15,0,0
1989,4,9,726.3,4,44.5,58.1,2,3,22.7,0,2025-11-14 21:00:00,0.01,968.4,1035.0,66.6,On Time,2,3,3,1452.6,6,21,0,0
1990,5,7,1993.2,2,43.1,0.0,3,1,36.6,0,2025-06-13 17:00:00,0.33,2657.6,2823.6,166.0,Moderate Delay,4,2,1,7972.8,8,17,1,3
1991,7,4,260.8,2,19.3,0.0,3,2,41.9,1,2025-02-20 19:00:00,0.54,347.7,460.5,112.8,Slight Delay,4,2,2,1043.2,8,19,1,1
1992,5,4,941.4,2,41.0,0.0,3,1,8.5,0,2025-01-20 21:00:00,0.06,1255.2,1377.1,121.9,Moderate Delay,4,2,1,3765.6,8,21,0,0
1993,3,0,469.8,4,21.6,7.4,1,1,30.6,2,2025-11-20 09:00:00,0.34,626.4,659.7,33.3,On Time,1,3,1,469.8,3,9,1,1
1994,9,8,146.0,2,20.4,0.0,0,0,16.4,1,2025-08-29 07:00:00,0.31,194.7,309.5,114.8,Slight Delay,3,2,4,438.0,6,7,1,1
1995,4,6,738.2,5,45.0,63.3,3,0,48.8,1,2025-07-30 09:00:00,0.42,984.3,1163.5,179.2,Severe Delay,4,5,4,2952.8,20,9,1,0
1996,7,2,1554.2,5,39.9,36.5,1,2,33.6,2,2025-09-15 11:00:00,0.04,2072.3,2184.1,111.8,Slight Delay,1,5,2,1554.2,5,11,0,3
1997,9,6,1490.2,2,41.4,0.0,3,1,7.4,0,2025-10-27 09:00:00,0.43,1986.9,2133.2,146.3,Moderate Delay,4,2,1,5960.8,8,9,1,3
1998,0,9,1981.2,1,27.8,0.6,3,3,23.8,2,2025-01-21 15:00:00,0.11,2641.6,2788.9,147.3,Moderate Delay,4,1,3,7924.8,4,15,0,3
1999,5,4,181.3,3,33.9,64.3,1,0,48.1,2,2025-04-12 21:00:00,0.09,241.7,339.6,97.9,Slight Delay,1,4,4,181.3,4,21,0,1
2000,9,2,1406.6,0,40.2,0.0,3,0,9.4,0,2025-01-23 15:00:00,0.57,1875.5,2064.9,189.4,Severe Delay,4,0,4,5626.4,0,15,0,3
2001,1,6,163.9,4,11.5,12.6,3,0,4.8,1,2025-08-16 09:00:00,0.33,218.5,357.3,138.8,Moderate Delay,4,3,4,655.6,12,9,1,1
2002,3,2,698.1,1,37.9,2.9,2,1,13.1,0,2025-09-12 17:00:00,0.49,930.8,997.6,66.8,On Time,2,1,1,1396.2,2,17,1,0
2003,8,7,1505.1,2,25.5,0.0,0,1,8.0,0,2025-08-31 07:00:00,0.48,2006.8,2100.2,93.4,Slight Delay,3,2,1,4515.299999999999,6,7,1,3
2004,6,9,576.3,5,35.1,71.4,3,1,0.5,2,2025-02-14 14:00:00,0.41,768.4,962.4,194.0,Severe Delay,4,5,1,2305.2,20,14,0,0
2005,4,0,1698.0,3,13.8,66.2,2,0,38.7,2,2025-01-13 11:00:00,0.21,2264.0,2406.7,142.7,Moderate Delay,2,4,4,3396.0,8,11,0,3
2006,3,2,1716.4,2,31.3,0.0,2,2,45.4,1,2025-10-07 17:00:00,0.35,2288.5,2423.9,135.4,Moderate Delay,2,2,2,3432.8,4,17,1,3
2007,0,6,168.9,3,25.0,22.9,1,0,31.7,1,2025-07-31 09:00:00,0.48,225.2,341.0,115.8,Moderate Delay,1,4,4,168.9,4,9,1,1
2008,0,7,1940.5,1,44.6,3.2,2,0,44.4,0,2025-03-10 18:00:00,0.12,2587.3,2640.6,53.3,On Time,2,1,4,3881.0,2,18,1,3
2009,7,8,1187.4,0,31.1,0.0,1,1,15.0,1,2025-12-07 14:00:00,0.55,1583.2,1627.1,43.9,On Time,1,0,1,1187.4,0,14,0,3
2010,5,0,709.1,0,18.2,0.0,0,0,23.2,0,2025-05-05 21:00:00,0.41,945.5,1018.1,72.6,Slight Delay,3,0,4,2127.3,0,21,0,0
2011,2,6,964.6,2,37.8,0.0,3,2,31.7,0,2025-04-20 09:00:00,0.28,1286.1,1479.7,193.6,Severe Delay,4,2,2,3858.4,8,9,1,0
2012,1,9,94.2,5,23.1,47.4,1,0,40.0,1,2025-03-07 22:00:00,0.26,125.6,262.1,136.5,Moderate Delay,1,5,4,94.2,5,22,0,2
2013,1,3,1609.0,3,20.4,12.3,1,0,26.3,2,2025-11-17 19:00:00,0.32,2145.3,2272.7,127.4,Moderate Delay,1,4,4,1609.0,4,19,1,3
2014,4,2,339.8,4,23.4,48.9,3,1,36.4,0,2025-01-22 16:00:00,0.38,453.1,585.1,132.0,Moderate Delay,4,3,1,1359.2,12,16,0,1
2015,8,7,342.4,1,41.2,0.4,0,2,40.2,0,2025-11-07 13:00:00,0.14,456.5,527.0,70.5,On Time,3,1,2,1027.1999999999998,3,13,0,1
2016,1,0,1182.2,5,26.1,33.4,3,0,11.6,2,2025-11-03 22:00:00,0.41,1576.3,1822.9,246.6,Severe Delay,4,5,4,4728.8,20,22,0,3
2017,6,0,339.2,0,20.6,0.0,3,1,43.1,0,2025-02-03 08:00:00,0.12,452.3,553.8,101.5,Slight Delay,4,0,1,1356.8,0,8,1,1
2018,1,7,1786.7,4,31.6,44.5,0,2,16.6,0,2025-08-26 16:00:00,0.15,2382.3,2503.8,121.5,Moderate Delay,3,3,2,5360.1,9,16,0,3
2019,6,5,845.1,5,37.6,36.9,0,3,13.8,0,2025-09-19 21:00:00,0.52,1126.8,1303.9,177.1,Severe Delay,3,5,3,2535.3,15,21,0,0
2020,8,5,183.0,2,23.1,0.0,2,2,3.6,0,2025-02-16 21:00:00,0.31,244.0,309.2,65.2,On Time,2,2,2,366.0,4,21,0,1
2021,4,5,1609.0,5,42.5,78.1,1,3,45.0,1,2025-05-18 14:00:00,0.19,2145.3,2283.0,137.7,Moderate Delay,1,5,3,1609.0,5,14,0,3
2022,6,5,181.4,1,18.1,4.8,0,3,25.3,2,2025-10-17 12:00:00,0.24,241.9,315.0,73.1,Slight Delay,3,1,3,544.2,3,12,0,1
2023,4,6,629.2,1,17.4,0.9,0,2,32.2,0,2025-05-16 19:00:00,0.55,838.9,934.1,95.2,Slight Delay,3,1,2,1887.6000000000001,3,19,1,0
2024,2,1,1211.0,2,37.1,0.0,0,0,23.0,1,2025-12-18 17:00:00,0.38,1614.7,1752.7,138.0,Moderate Delay,3,2,4,3633.0,6,17,1,3
2025,0,5,1451.9,4,30.0,41.5,2,2,35.1,1,2025-09-24 11:00:00,0.24,1935.9,2002.8,66.9,On Time,2,3,2,2903.8,6,11,0,3
2026,3,4,326.8,2,28.8,0.0,2,0,15.7,1,2025-11-21 16:00:00,0.29,435.7,493.0,57.3,On Time,2,2,4,653.6,4,16,0,1
2027,1,0,114.0,4,40.3,17.7,2,2,46.6,0,2025-05-19 20:00:00,0.29,152.0,220.1,68.1,On Time,2,3,2,228.0,6,20,1,1
2028,0,4,1391.3,1,18.7,0.9,0,1,11.9,0,2025-03-05 18:00:00,0.16,1855.1,1932.4,77.3,Slight Delay,3,1,1,4173.9,3,18,1,3
2029,0,8,595.9,0,12.3,0.0,1,0,4.6,0,2025-09-11 20:00:00,0.08,794.5,826.2,31.7,On Time,1,0,4,595.9,0,20,1,0
2030,0,6,972.6,5,21.0,15.3,3,0,37.2,0,2025-01-27 19:00:00,0.53,1296.8,1557.9,261.1,Severe Delay,4,5,4,3890.4,20,19,1,0
2031,9,3,520.8,3,36.0,9.1,3,2,31.7,0,2025-03-03 10:00:00,0.21,694.4,848.5,154.1,Moderate Delay,4,4,2,2083.2,16,10,1,0
2032,1,3,382.6,4,41.3,16.1,1,1,32.0,2,2025-05-23 09:00:00,0.53,510.1,558.9,48.8,On Time,1,3,1,382.6,3,9,1,1
2033,0,5,1846.3,4,34.8,63.9,2,1,4.7,1,2025-12-18 19:00:00,0.35,2461.7,2573.7,112.0,Slight Delay,2,3,1,3692.6,6,19,1,3
2034,2,7,232.5,2,11.7,0.0,1,1,39.4,2,2025-06-22 14:00:00,0.23,310.0,356.2,46.2,On Time,1,2,1,232.5,2,14,0,1
2035,6,9,50.1,1,34.5,2.8,2,0,32.7,1,2025-11-06 14:00:00,0.49,66.8,115.0,48.2,On Time,2,1,4,100.2,2,14,0,2
2036,0,4,1994.3,1,33.8,2.0,2,1,28.2,1,2025-10-27 16:00:00,0.25,2659.1,2749.6,90.5,Slight Delay,2,1,1,3988.6,2,16,0,3
2037,2,1,1449.9,3,39.9,34.0,2,1,6.2,2,2025-02-16 14:00:00,0.51,1933.2,2038.0,104.8,Slight Delay,2,4,1,2899.8,8,14,0,3
2038,9,3,1696.9,0,19.8,0.0,2,2,39.8,2,2025-05-04 20:00:00,0.29,2262.5,2346.9,84.4,Slight Delay,2,0,2,3393.8,0,20,1,3
2039,5,1,1950.0,1,32.7,2.2,2,3,31.6,2,2025-01-02 13:00:00,0.07,2600.0,2677.3,77.3,Slight Delay,2,1,3,3900.0,2,13,0,3
2040,6,9,951.5,5,44.3,19.6,3,2,32.0,2,2025-04-29 09:00:00,0.35,1268.7,1482.1,213.4,Severe Delay,4,5,2,3806.0,20,9,1,0
2041,3,9,1657.4,2,16.1,0.0,3,2,21.0,2,2025-07-16 18:00:00,0.46,2209.9,2420.5,210.6,Severe Delay,4,2,2,6629.6,8,18,1,3
2042,7,5,801.2,4,26.1,54.2,2,2,13.4,0,2025-09-26 16:00:00,0.01,1068.3,1131.9,63.6,On Time,2,3,2,1602.4,6,16,0,0
2043,4,7,1836.6,3,41.3,73.2,3,2,37.1,1,2025-04-16 17:00:00,0.06,2448.8,2599.7,150.9,Moderate Delay,4,4,2,7346.4,16,17,1,3
2044,1,3,942.6,5,31.2,12.1,3,0,44.3,0,2025-04-17 12:00:00,0.33,1256.8,1486.6,229.8,Severe Delay,4,5,4,3770.4,20,12,0,0
2045,4,8,1635.2,3,12.1,23.5,0,0,43.8,1,2025-05-29 13:00:00,0.54,2180.3,2345.5,165.2,Moderate Delay,3,4,4,4905.6,12,13,0,3
2046,8,0,500.8,0,42.9,0.0,2,1,1.0,0,2025-01-12 18:00:00,0.0,667.7,676.9,9.2,On Time,2,0,1,1001.6,0,18,1,0
2047,5,4,1782.9,4,10.3,78.2,3,1,31.4,0,2025-08-12 20:00:00,0.09,2377.2,2508.4,131.2,Moderate Delay,4,3,1,7131.6,12,20,1,3
2048,8,3,174.4,3,28.4,64.3,0,3,4.5,2,2025-05-18 17:00:00,0.53,232.5,404.0,171.5,Severe Delay,3,4,3,523.2,12,17,1,1
2049,6,0,1143.6,1,28.0,0.1,2,0,47.0,1,2025-11-27 22:00:00,0.39,1524.8,1575.8,51.0,On Time,2,1,4,2287.2,2,22,0,3
2050,5,0,1072.9,1,28.1,0.1,1,2,14.5,0,2025-01-25 13:00:00,0.03,1430.5,1464.3,33.8,On Time,1,1,2,1072.9,1,13,0,3
2051,3,2,1214.0,0,25.9,0.0,1,3,11.5,2,2025-09-26 14:00:00,0.44,1618.7,1690.4,71.7,Slight Delay,1,0,3,1214.0,0,14,0,3
2052,9,1,851.5,4,23.5,68.9,2,2,38.7,0,2025-04-06 13:00:00,0.35,1135.3,1235.0,99.7,Slight Delay,2,3,2,1703.0,6,13,0,0
2053,8,6,1646.0,1,38.5,1.7,1,0,48.2,2,2025-11-14 07:00:00,0.01,2194.7,2262.3,67.6,On Time,1,1,4,1646.0,1,7,1,3
2054,5,1,1214.0,4,38.6,28.4,3,2,11.8,2,2025-05-01 06:00:00,0.26,1618.7,1762.6,143.9,Moderate Delay,4,3,2,4856.0,12,6,0,3
2055,2,3,92.9,0,33.4,0.0,1,3,32.7,2,2025-10-01 09:00:00,0.56,123.9,175.1,51.2,On Time,1,0,3,92.9,0,9,1,2
2056,9,5,860.4,4,34.9,70.1,2,0,48.8,1,2025-04-06 13:00:00,0.57,1147.2,1250.5,103.3,Slight Delay,2,3,4,1720.8,6,13,0,0
2057,7,8,734.5,1,31.7,3.3,0,1,39.2,1,2025-09-16 07:00:00,0.11,979.3,1053.5,74.2,Slight Delay,3,1,1,2203.5,3,7,1,0
2058,8,1,708.4,1,37.5,1.1,1,2,38.7,2,2025-03-09 13:00:00,0.27,944.5,984.2,39.7,On Time,1,1,2,708.4,1,13,0,0
2059,5,4,1325.9,5,35.1,54.0,0,2,38.2,2,2025-08-21 11:00:00,0.11,1767.9,1952.8,184.9,Severe Delay,3,5,2,3977.7000000000003,15,11,0,3
2060,3,6,1834.1,1,10.4,4.4,1,1,11.3,0,2025-03-11 06:00:00,0.27,2445.5,2504.4,58.9,On Time,1,1,1,1834.1,1,6,0,3
2061,6,0,1319.6,5,23.7,31.3,3,2,21.9,1,2025-10-05 18:00:00,0.45,1759.5,1954.9,195.4,Severe Delay,4,5,2,5278.4,20,18,1,3
2062,0,9,1640.4,2,29.2,0.0,0,2,44.3,0,2025-09-26 19:00:00,0.43,2187.2,2276.2,89.0,Slight Delay,3,2,2,4921.200000000001,6,19,1,3
2063,1,5,886.4,3,18.2,78.8,2,1,27.3,2,2025-02-07 17:00:00,0.4,1181.9,1304.4,122.5,Moderate Delay,2,4,1,1772.8,8,17,1,0
2064,6,3,1542.2,5,13.2,63.3,3,2,28.4,0,2025-06-03 17:00:00,0.4,2056.3,2272.5,216.2,Severe Delay,4,5,2,6168.8,20,17,1,3
2065,7,8,1992.2,3,27.1,21.5,2,1,25.6,2,2025-08-11 10:00:00,0.02,2656.3,2779.7,123.4,Moderate Delay,2,4,1,3984.4,8,10,1,3
2066,9,1,1952.2,2,39.0,0.0,0,2,49.9,2,2025-03-14 06:00:00,0.35,2602.9,2753.3,150.4,Moderate Delay,3,2,2,5856.6,6,6,0,3
2067,2,0,1020.0,4,18.2,70.6,3,2,8.1,0,2025-12-31 20:00:00,0.4,1360.0,1487.4,127.4,Moderate Delay,4,3,2,4080.0,12,20,1,3
2068,4,2,1290.6,3,21.5,56.8,2,2,3.5,2,2025-05-06 10:00:00,0.51,1720.8,1848.2,127.4,Moderate Delay,2,4,2,2581.2,8,10,1,3
2069,3,4,1497.0,4,14.7,28.6,1,3,6.4,0,2025-07-17 19:00:00,0.27,1996.0,2059.7,63.7,On Time,1,3,3,1497.0,3,19,1,3
2070,3,4,138.2,4,26.5,43.8,3,1,42.8,0,2025-02-04 17:00:00,0.44,184.3,306.2,121.9,Moderate Delay,4,3,1,552.8,12,17,1,1
2071,4,2,1968.9,4,28.0,60.6,2,1,34.3,2,2025-03-16 14:00:00,0.51,2625.2,2716.4,91.2,Slight Delay,2,3,1,3937.8,6,14,0,3
2072,7,3,820.6,5,27.1,31.6,2,3,14.3,2,2025-08-18 18:00:00,0.4,1094.1,1228.8,134.7,Moderate Delay,2,5,3,1641.2,10,18,1,0
2073,4,0,866.1,4,41.6,39.1,0,3,10.3,0,2025-01-27 22:00:00,0.1,1154.8,1270.3,115.5,Moderate Delay,3,3,3,2598.3,9,22,0,0
2074,5,3,171.1,3,42.5,34.7,3,2,46.1,1,2025-01-19 22:00:00,0.05,228.1,383.0,154.9,Moderate Delay,4,4,2,684.4,16,22,0,1
2075,3,2,1123.4,3,22.8,19.7,0,2,12.8,1,2025-11-22 14:00:00,0.13,1497.9,1605.3,107.4,Slight Delay,3,4,2,3370.2000000000003,12,14,0,3
2076,1,2,207.9,1,23.6,2.9,1,2,29.1,0,2025-07-21 13:00:00,0.33,277.2,295.3,18.1,On Time,1,1,2,207.9,1,13,0,1
2077,7,3,606.7,4,14.8,40.1,1,0,8.2,2,2025-08-03 12:00:00,0.28,808.9,857.1,48.2,On Time,1,3,4,606.7,3,12,0,0
2078,8,1,1334.9,3,31.4,40.5,0,0,21.3,2,2025-02-03 11:00:00,0.53,1779.9,1955.4,175.5,Severe Delay,3,4,4,4004.7000000000003,12,11,0,3
2079,7,4,1702.6,2,37.9,0.0,3,1,49.3,2,2025-08-28 11:00:00,0.42,2270.1,2475.5,205.4,Severe Delay,4,2,1,6810.4,8,11,0,3
2080,9,3,41.9,0,29.1,0.0,3,3,22.0,1,2025-07-10 21:00:00,0.27,55.9,183.7,127.8,Moderate Delay,4,0,3,167.6,0,21,0,2
2081,6,5,1009.0,5,25.6,62.1,0,3,35.5,1,2025-03-21 22:00:00,0.2,1345.3,1464.2,118.9,Moderate Delay,3,5,3,3027.0,15,22,0,3
2082,6,2,1377.8,1,42.4,3.9,1,2,36.5,0,2025-05-20 16:00:00,0.25,1837.1,1884.2,47.1,On Time,1,1,2,1377.8,1,16,0,3
2083,0,6,1589.2,3,20.0,5.7,3,1,40.3,1,2025-06-03 14:00:00,0.31,2118.9,2315.2,196.3,Severe Delay,4,4,1,6356.8,16,14,0,3
2084,3,2,909.1,5,15.7,12.1,2,0,23.9,2,2025-08-26 10:00:00,0.28,1212.1,1354.5,142.4,Moderate Delay,2,5,4,1818.2,10,10,1,0
2085,3,5,335.7,5,34.1,49.5,0,2,37.6,1,2025-07-24 19:00:00,0.09,447.6,587.9,140.3,Moderate Delay,3,5,2,1007.0999999999999,15,19,1,1
2086,5,4,780.2,4,33.0,12.0,1,0,36.9,2,2025-11-16 21:00:00,0.03,1040.3,1110.7,70.4,On Time,1,3,4,780.2,3,21,0,0
2087,3,8,1260.1,0,38.7,0.0,3,2,44.4,0,2025-03-20 19:00:00,0.16,1680.1,1772.1,92.0,Slight Delay,4,0,2,5040.4,0,19,1,3
2088,9,7,1554.5,4,32.8,22.6,0,1,7.7,0,2025-05-01 21:00:00,0.38,2072.7,2170.3,97.6,Slight Delay,3,3,1,4663.5,9,21,0,3
2089,9,8,1102.9,5,36.7,48.2,2,2,41.4,0,2025-05-01 15:00:00,0.08,1470.5,1585.0,114.5,Slight Delay,2,5,2,2205.8,10,15,0,3
2090,2,1,1396.7,4,35.4,79.5,2,3,34.8,1,2025-07-12 08:00:00,0.41,1862.3,1976.0,113.7,Slight Delay,2,3,3,2793.4,6,8,1,3
2091,3,1,176.3,0,35.4,0.0,1,0,35.6,1,2025-08-08 21:00:00,0.47,235.1,256.5,21.4,On Time,1,0,4,176.3,0,21,0,1
2092,3,2,37.8,0,32.2,0.0,1,2,6.1,2,2025-01-17 10:00:00,0.4,50.4,90.6,40.2,On Time,1,0,2,37.8,0,10,1,2
2093,6,8,1802.9,2,37.6,0.0,0,1,4.2,2,2025-03-26 15:00:00,0.24,2403.9,2552.9,149.0,Moderate Delay,3,2,1,5408.700000000001,6,15,0,3
2094,4,3,1662.3,0,41.5,0.0,1,1,3.9,1,2025-01-01 12:00:00,0.18,2216.4,2246.7,30.3,On Time,1,0,1,1662.3,0,12,0,3
2095,1,9,1004.8,3,33.3,10.0,1,3,43.9,1,2025-05-30 22:00:00,0.56,1339.7,1419.4,79.7,Slight Delay,1,4,3,1004.8,4,22,0,3
2096,3,4,1179.5,1,20.6,3.2,1,2,18.7,1,2025-05-14 11:00:00,0.52,1572.7,1627.7,55.0,On Time,1,1,2,1179.5,1,11,0,3
2097,0,3,1080.9,3,32.7,31.1,2,3,15.1,2,2025-07-21 16:00:00,0.29,1441.2,1535.2,94.0,Slight Delay,2,4,3,2161.8,8,16,0,3
2098,1,0,1579.0,3,11.6,13.0,0,3,40.8,0,2025-12-01 18:00:00,0.37,2105.3,2249.7,144.4,Moderate Delay,3,4,3,4737.0,12,18,1,3
2099,8,2,1201.5,4,35.1,78.3,0,0,40.5,2,2025-08-25 10:00:00,0.17,1602.0,1733.1,131.1,Moderate Delay,3,3,4,3604.5,9,10,1,3
2100,1,7,135.9,0,24.0,0.0,1,1,41.1,2,2025-02-25 20:00:00,0.08,181.2,194.1,12.9,On Time,1,0,1,135.9,0,20,1,1
2101,1,2,1694.9,2,40.2,0.0,1,3,37.9,0,2025-12-19 16:00:00,0.15,2259.9,2341.1,81.2,Slight Delay,1,2,3,1694.9,2,16,0,3
2102,5,2,1854.7,2,25.0,0.0,3,2,47.0,0,2025-03-04 15:00:00,0.59,2472.9,2625.4,152.5,Moderate Delay,4,2,2,7418.8,8,15,0,3
2103,2,0,1574.1,2,25.2,0.0,1,3,10.5,2,2025-07-20 12:00:00,0.39,2098.8,2197.1,98.3,Slight Delay,1,2,3,1574.1,2,12,0,3
2104,4,3,1331.8,0,10.2,0.0,1,3,7.5,0,2025-04-06 21:00:00,0.13,1775.7,1819.6,43.9,On Time,1,0,3,1331.8,0,21,0,3
2105,9,8,1579.7,2,30.1,0.0,0,2,4.9,2,2025-06-17 19:00:00,0.53,2106.3,2261.8,155.5,Moderate Delay,3,2,2,4739.1,6,19,1,3
2106,4,1,1034.3,0,24.0,0.0,2,3,46.5,0,2025-02-17 21:00:00,0.45,1379.1,1422.8,43.7,On Time,2,0,3,2068.6,0,21,0,3
2107,4,1,1813.0,0,29.9,0.0,2,0,11.2,1,2025-11-06 21:00:00,0.07,2417.3,2485.6,68.3,On Time,2,0,4,3626.0,0,21,0,3
2108,6,2,142.4,2,40.8,0.0,2,2,7.5,2,2025-01-05 17:00:00,0.4,189.9,264.4,74.5,Slight Delay,2,2,2,284.8,4,17,1,1
2109,4,8,1020.3,4,30.8,62.1,1,1,30.6,0,2025-09-14 12:00:00,0.37,1360.4,1402.8,42.4,On Time,1,3,1,1020.3,3,12,0,3
2110,2,1,1673.8,4,28.0,59.8,0,2,1.4,1,2025-10-30 12:00:00,0.28,2231.7,2320.8,89.1,Slight Delay,3,3,2,5021.4,9,12,0,3
2111,8,7,919.8,3,26.1,55.2,0,2,13.1,2,2025-05-26 16:00:00,0.45,1226.4,1361.2,134.8,Moderate Delay,3,4,2,2759.3999999999996,12,16,0,0
2112,7,9,262.2,5,17.6,69.9,1,2,42.9,0,2025-08-26 13:00:00,0.57,349.6,466.7,117.1,Moderate Delay,1,5,2,262.2,5,13,0,1
2113,4,2,1544.6,3,22.6,18.5,0,3,10.6,1,2025-01-20 13:00:00,0.01,2059.5,2164.8,105.3,Slight Delay,3,4,3,4633.799999999999,12,13,0,3
2114,5,6,285.5,3,16.8,77.8,0,1,27.7,1,2025-04-28 07:00:00,0.11,380.7,479.4,98.7,Slight Delay,3,4,1,856.5,12,7,1,1
2115,2,0,1019.8,1,41.2,4.3,3,1,28.9,0,2025-01-25 08:00:00,0.13,1359.7,1470.9,111.2,Slight Delay,4,1,1,4079.2,4,8,1,3
2116,6,5,1411.8,5,39.8,43.1,3,1,24.3,1,2025-11-24 15:00:00,0.2,1882.4,2092.4,210.0,Severe Delay,4,5,1,5647.2,20,15,0,3
2117,5,7,1586.0,3,42.8,51.8,2,3,44.9,2,2025-05-01 18:00:00,0.1,2114.7,2235.4,120.7,Moderate Delay,2,4,3,3172.0,8,18,1,3
2118,0,4,1369.6,1,20.6,3.7,2,1,23.4,1,2025-08-08 08:00:00,0.36,1826.1,1881.9,55.8,On Time,2,1,1,2739.2,2,8,1,3
2119,4,2,1700.3,3,10.7,10.0,1,1,23.1,2,2025-05-13 11:00:00,0.44,2267.1,2365.7,98.6,Slight Delay,1,4,1,1700.3,4,11,0,3
2120,6,4,1229.8,3,12.8,52.8,2,2,24.1,2,2025-03-25 17:00:00,0.56,1639.7,1763.9,124.2,Moderate Delay,2,4,2,2459.6,8,17,1,3
2121,3,4,992.5,4,33.8,15.9,1,1,13.3,2,2025-03-04 06:00:00,0.35,1323.3,1366.2,42.9,On Time,1,3,1,992.5,3,6,0,0
2122,2,3,206.4,4,17.7,21.8,2,1,46.8,0,2025-06-22 09:00:00,0.26,275.2,302.6,27.4,On Time,2,3,1,412.8,6,9,1,1
2123,0,5,1007.1,3,23.0,65.3,1,2,16.4,1,2025-11-11 14:00:00,0.27,1342.8,1438.9,96.1,Slight Delay,1,4,2,1007.1,4,14,0,3
2124,3,8,1330.0,0,41.7,0.0,0,0,9.3,0,2025-04-07 14:00:00,0.29,1773.3,1870.0,96.7,Slight Delay,3,0,4,3990.0,0,14,0,3
2125,7,1,901.5,0,12.6,0.0,2,0,44.0,0,2025-03-24 22:00:00,0.15,1202.0,1249.6,47.6,On Time,2,0,4,1803.0,0,22,0,0
2126,0,2,1495.2,3,14.1,23.0,0,1,10.2,0,2025-07-19 19:00:00,0.33,1993.6,2139.9,146.3,Moderate Delay,3,4,1,4485.6,12,19,1,3
2127,3,5,281.7,3,12.5,19.1,2,0,37.4,2,2025-11-14 21:00:00,0.36,375.6,478.4,102.8,Slight Delay,2,4,4,563.4,8,21,0,1
2128,5,3,264.1,2,26.4,0.0,2,2,47.5,1,2025-08-23 18:00:00,0.25,352.1,439.0,86.9,Slight Delay,2,2,2,528.2,4,18,1,1
2129,4,8,981.9,1,32.4,0.0,1,1,13.0,0,2025-04-07 06:00:00,0.17,1309.2,1351.0,41.8,On Time,1,1,1,981.9,1,6,0,0
2130,5,4,323.4,0,26.7,0.0,0,3,32.5,0,2025-01-04 16:00:00,0.03,431.2,474.9,43.7,On Time,3,0,3,970.1999999999999,0,16,0,1
2131,9,3,1372.8,1,32.9,2.8,1,1,15.0,1,2025-03-11 21:00:00,0.37,1830.4,1863.0,32.6,On Time,1,1,1,1372.8,1,21,0,3
2132,9,5,1269.4,5,24.6,34.7,0,1,34.7,1,2025-01-17 16:00:00,0.44,1692.5,1872.6,180.1,Severe Delay,3,5,1,3808.2000000000003,15,16,0,3
2133,2,4,1095.7,5,27.9,9.1,3,3,28.9,2,2025-02-24 07:00:00,0.54,1460.9,1698.5,237.6,Severe Delay,4,5,3,4382.8,20,7,1,3
2134,6,1,742.3,2,29.6,0.0,0,2,22.2,2,2025-05-24 16:00:00,0.17,989.7,1072.3,82.6,Slight Delay,3,2,2,2226.8999999999996,6,16,0,0
2135,8,3,1993.7,5,35.4,6.1,0,1,11.7,0,2025-06-07 15:00:00,0.58,2658.3,2813.9,155.6,Moderate Delay,3,5,1,5981.1,15,15,0,3
2136,8,7,1987.4,0,16.4,0.0,0,3,35.7,2,2025-12-31 08:00:00,0.09,2649.9,2744.1,94.2,Slight Delay,3,0,3,5962.200000000001,0,8,1,3
2137,1,5,1700.2,5,29.1,74.1,1,3,45.9,2,2025-02-18 14:00:00,0.55,2266.9,2388.9,122.0,Moderate Delay,1,5,3,1700.2,5,14,0,3
2138,4,8,1459.9,0,39.3,0.0,2,0,39.3,1,2025-02-10 13:00:00,0.16,1946.5,2007.9,61.4,On Time,2,0,4,2919.8,0,13,0,3
2139,7,4,1031.4,4,28.6,66.5,1,3,26.1,1,2025-12-03 15:00:00,0.14,1375.2,1436.3,61.1,On Time,1,3,3,1031.4,3,15,0,3
2140,3,9,1824.4,0,30.1,0.0,0,2,35.3,2,2025-12-03 16:00:00,0.51,2432.5,2530.9,98.4,Slight Delay,3,0,2,5473.200000000001,0,16,0,3
2141,6,7,857.2,1,37.7,4.0,1,1,44.7,1,2025-01-03 09:00:00,0.03,1142.9,1181.4,38.5,On Time,1,1,1,857.2,1,9,1,0
2142,9,7,284.1,3,21.4,9.8,0,2,32.7,1,2025-02-24 14:00:00,0.58,378.8,522.9,144.1,Moderate Delay,3,4,2,852.3000000000001,12,14,0,1
2143,1,5,1046.1,1,24.2,4.1,1,3,9.5,2,2025-04-05 09:00:00,0.03,1394.8,1456.8,62.0,On Time,1,1,3,1046.1,1,9,1,3
2144,7,0,505.8,1,37.0,4.0,2,0,12.8,1,2025-12-16 22:00:00,0.03,674.4,715.3,40.9,On Time,2,1,4,1011.6,2,22,0,0
2145,2,9,1771.1,0,18.8,0.0,0,0,22.9,0,2025-10-08 13:00:00,0.38,2361.5,2481.4,119.9,Moderate Delay,3,0,4,5313.299999999999,0,13,0,3
2146,7,9,1574.5,1,11.1,2.9,3,0,29.9,1,2025-05-30 17:00:00,0.56,2099.3,2242.8,143.5,Moderate Delay,4,1,4,6298.0,4,17,1,3
2147,1,9,1290.7,5,36.6,66.5,3,3,46.2,0,2025-05-08 09:00:00,0.26,1720.9,1951.7,230.8,Severe Delay,4,5,3,5162.8,20,9,1,3
2148,8,6,1861.7,2,35.6,0.0,3,1,38.9,2,2025-07-27 12:00:00,0.04,2482.3,2650.1,167.8,Moderate Delay,4,2,1,7446.8,8,12,0,3
2149,6,1,107.9,5,22.9,42.4,2,1,11.0,1,2025-05-08 10:00:00,0.1,143.9,242.3,98.4,Slight Delay,2,5,1,215.8,10,10,1,1
2150,7,6,1856.0,1,13.2,0.5,1,1,24.1,1,2025-07-22 10:00:00,0.35,2474.7,2518.1,43.4,On Time,1,1,1,1856.0,1,10,1,3
2151,2,4,479.5,0,42.1,0.0,1,0,5.9,1,2025-02-26 06:00:00,0.14,639.3,654.5,15.2,On Time,1,0,4,479.5,0,6,0,1
2152,8,3,1917.5,4,41.3,37.5,2,2,28.9,2,2025-03-17 09:00:00,0.58,2556.7,2684.4,127.7,Moderate Delay,2,3,2,3835.0,6,9,1,3
2153,4,8,346.3,3,17.3,54.3,3,3,25.8,0,2025-12-06 12:00:00,0.14,461.7,606.7,145.0,Moderate Delay,4,4,3,1385.2,16,12,0,1
2154,1,6,1342.4,3,43.8,34.3,0,0,34.2,1,2025-12-06 13:00:00,0.18,1789.9,1933.8,143.9,Moderate Delay,3,4,4,4027.2000000000003,12,13,0,3
2155,9,0,1830.4,4,18.9,35.1,3,1,32.3,0,2025-01-02 19:00:00,0.31,2440.5,2609.4,168.9,Severe Delay,4,3,1,7321.6,12,19,1,3
2156,9,1,1863.0,0,41.4,0.0,1,2,17.2,1,2025-05-29 12:00:00,0.32,2484.0,2531.2,47.2,On Time,1,0,2,1863.0,0,12,0,3
2157,8,3,31.6,4,13.3,20.5,2,3,17.7,0,2025-04-01 19:00:00,0.32,42.1,106.8,64.7,On Time,2,3,3,63.2,6,19,1,2
2158,7,0,1440.1,5,25.1,6.5,1,2,32.5,0,2025-06-05 13:00:00,0.38,1920.1,2028.3,108.2,Slight Delay,1,5,2,1440.1,5,13,0,3
2159,9,2,933.0,2,38.4,0.0,0,2,41.3,0,2025-05-19 11:00:00,0.46,1244.0,1360.1,116.1,Moderate Delay,3,2,2,2799.0,6,11,0,0
2160,9,2,1272.2,3,28.9,16.3,2,1,23.3,2,2025-11-27 21:00:00,0.33,1696.3,1813.7,117.4,Moderate Delay,2,4,1,2544.4,8,21,0,3
2161,8,2,399.5,5,15.0,39.0,2,1,1.6,0,2025-07-09 22:00:00,0.27,532.7,661.3,128.6,Moderate Delay,2,5,1,799.0,10,22,0,1
2162,6,3,379.0,4,26.1,49.1,0,2,25.9,2,2025-02-02 09:00:00,0.5,505.3,602.6,97.3,Slight Delay,3,3,2,1137.0,9,9,1,1
2163,2,4,78.3,4,36.4,77.9,2,0,31.2,1,2025-09-12 22:00:00,0.51,104.4,180.5,76.1,Slight Delay,2,3,4,156.6,6,22,0,2
2164,7,2,1976.1,0,27.9,0.0,0,2,21.6,1,2025-06-24 06:00:00,0.17,2634.8,2764.8,130.0,Moderate Delay,3,0,2,5928.299999999999,0,6,0,3
2165,9,2,1203.7,1,21.6,1.1,1,3,14.2,1,2025-08-06 14:00:00,0.03,1604.9,1643.5,38.6,On Time,1,1,3,1203.7,1,14,0,3
2166,6,2,1396.4,2,27.2,0.0,3,3,39.0,2,2025-07-14 21:00:00,0.44,1861.9,2043.8,181.9,Severe Delay,4,2,3,5585.6,8,21,0,3
2167,5,2,576.5,1,42.4,4.8,0,1,7.7,0,2025-07-02 21:00:00,0.58,768.7,870.8,102.1,Slight Delay,3,1,1,1729.5,3,21,0,0
2168,2,5,1937.2,4,37.4,21.8,3,0,15.5,0,2025-10-15 06:00:00,0.06,2582.9,2742.9,160.0,Moderate Delay,4,3,4,7748.8,12,6,0,3
2169,3,1,1142.0,5,23.9,10.6,2,0,18.5,0,2025-01-23 12:00:00,0.24,1522.7,1679.6,156.9,Moderate Delay,2,5,4,2284.0,10,12,0,3
2170,9,8,1646.6,5,27.8,25.8,1,1,15.5,1,2025-10-08 20:00:00,0.13,2195.5,2310.7,115.2,Moderate Delay,1,5,1,1646.6,5,20,1,3
2171,1,6,1181.8,2,39.4,0.0,2,0,9.6,0,2025-02-19 07:00:00,0.54,1575.7,1660.6,84.9,Slight Delay,2,2,4,2363.6,4,7,1,3
2172,6,7,487.3,5,19.3,79.6,3,1,12.2,0,2025-11-26 20:00:00,0.14,649.7,838.6,188.9,Severe Delay,4,5,1,1949.2,20,20,1,1
2173,2,3,410.1,4,21.5,50.7,2,1,18.7,2,2025-05-09 13:00:00,0.4,546.8,602.8,56.0,On Time,2,3,1,820.2,6,13,0,1
2174,7,0,1675.2,2,35.3,0.0,0,0,12.1,1,2025-12-23 06:00:00,0.58,2233.6,2376.8,143.2,Moderate Delay,3,2,4,5025.6,6,6,0,3
2175,9,2,870.4,3,24.3,59.0,0,1,10.0,2,2025-09-15 13:00:00,0.49,1160.5,1267.4,106.9,Slight Delay,3,4,1,2611.2,12,13,0,0
2176,5,6,1197.6,0,21.6,0.0,3,3,36.4,0,2025-08-20 11:00:00,0.35,1596.8,1708.8,112.0,Slight Delay,4,0,3,4790.4,0,11,0,3
2177,7,1,1023.4,2,36.4,0.0,1,3,9.9,2,2025-03-30 11:00:00,0.57,1364.5,1470.2,105.7,Slight Delay,1,2,3,1023.4,2,11,0,3
2178,2,7,1538.3,2,11.2,0.0,2,0,41.5,2,2025-04-12 10:00:00,0.46,2051.1,2174.8,123.7,Moderate Delay,2,2,4,3076.6,4,10,1,3
2179,6,0,932.6,0,11.6,0.0,3,0,15.1,1,2025-03-10 07:00:00,0.35,1243.5,1387.7,144.2,Moderate Delay,4,0,4,3730.4,0,7,1,0
2180,3,6,611.5,4,20.7,65.9,0,2,41.7,2,2025-12-19 08:00:00,0.2,815.3,913.3,98.0,Slight Delay,3,3,2,1834.5,9,8,1,0
2181,1,0,1896.2,3,38.8,77.9,1,0,9.4,0,2025-01-18 11:00:00,0.13,2528.3,2605.3,77.0,Slight Delay,1,4,4,1896.2,4,11,0,3
2182,8,3,856.7,0,13.2,0.0,2,0,13.5,2,2025-03-20 19:00:00,0.22,1142.3,1210.2,67.9,On Time,2,0,4,1713.4,0,19,1,0
2183,3,9,694.9,1,35.4,3.4,2,3,31.1,1,2025-09-24 22:00:00,0.37,926.5,985.9,59.4,On Time,2,1,3,1389.8,2,22,0,0
2184,5,4,1208.1,3,23.2,66.2,2,0,21.8,0,2025-08-06 11:00:00,0.4,1610.8,1727.7,116.9,Moderate Delay,2,4,4,2416.2,8,11,0,3
2185,5,9,1164.8,4,44.6,56.8,0,3,46.6,1,2025-04-20 06:00:00,0.07,1553.1,1648.8,95.7,Slight Delay,3,3,3,3494.3999999999996,9,6,0,3
2186,2,9,1943.2,4,40.7,13.9,3,2,17.3,2,2025-10-25 09:00:00,0.15,2590.9,2743.4,152.5,Moderate Delay,4,3,2,7772.8,12,9,1,3
2187,1,7,1471.2,1,10.7,2.0,1,2,44.6,0,2025-11-29 10:00:00,0.31,1961.6,2009.2,47.6,On Time,1,1,2,1471.2,1,10,1,3
2188,7,5,110.4,1,37.3,0.2,2,0,15.8,2,2025-01-26 22:00:00,0.34,147.2,210.2,63.0,On Time,2,1,4,220.8,2,22,0,1
2189,5,0,709.1,0,11.4,0.0,2,1,2.3,0,2025-09-26 08:00:00,0.46,945.5,1015.0,69.5,On Time,2,0,1,1418.2,0,8,1,0
2190,6,4,630.1,4,27.7,42.7,2,0,30.7,2,2025-08-07 21:00:00,0.11,840.1,928.2,88.1,Slight Delay,2,3,4,1260.2,6,21,0,0
2191,2,1,436.2,1,40.6,2.4,1,0,11.6,1,2025-08-15 08:00:00,0.02,581.6,600.3,18.7,On Time,1,1,4,436.2,1,8,1,1
2192,8,5,1644.1,0,20.8,0.0,0,2,49.4,2,2025-12-15 14:00:00,0.36,2192.1,2305.5,113.4,Slight Delay,3,0,2,4932.299999999999,0,14,0,3
2193,4,7,404.6,0,22.5,0.0,1,1,13.5,1,2025-12-20 06:00:00,0.37,539.5,550.9,11.4,On Time,1,0,1,404.6,0,6,0,1
2194,7,1,768.2,4,18.1,52.7,2,1,34.4,2,2025-12-19 12:00:00,0.28,1024.3,1099.0,74.7,Slight Delay,2,3,1,1536.4,6,12,0,0
2195,9,3,911.6,3,21.3,10.8,0,1,23.1,1,2025-11-06 06:00:00,0.49,1215.5,1305.1,89.6,Slight Delay,3,4,1,2734.8,12,6,0,0
2196,1,8,400.1,4,23.2,34.4,3,1,43.8,1,2025-11-27 15:00:00,0.37,533.5,652.9,119.4,Moderate Delay,4,3,1,1600.4,12,15,0,1
2197,6,4,1925.8,1,43.5,0.9,1,0,7.7,1,2025-12-09 21:00:00,0.25,2567.7,2611.7,44.0,On Time,1,1,4,1925.8,1,21,0,3
2198,6,0,725.8,5,44.9,44.9,1,0,19.1,2,2025-05-28 22:00:00,0.23,967.7,1069.9,102.2,Slight Delay,1,5,4,725.8,5,22,0,0
2199,5,7,636.3,4,27.8,9.4,3,2,8.1,2,2025-09-17 19:00:00,0.57,848.4,996.2,147.8,Moderate Delay,4,3,2,2545.2,12,19,1,0
2200,9,7,1469.8,0,13.1,0.0,1,1,36.5,1,2025-05-14 13:00:00,0.08,1959.7,2008.2,48.5,On Time,1,0,1,1469.8,0,13,0,3
2201,8,4,965.6,2,12.2,0.0,0,1,31.7,0,2025-09-22 14:00:00,0.05,1287.5,1360.4,72.9,Slight Delay,3,2,1,2896.8,6,14,0,0
2202,0,1,238.5,3,13.6,61.3,3,1,16.0,2,2025-07-31 10:00:00,0.43,318.0,469.7,151.7,Moderate Delay,4,4,1,954.0,16,10,1,1
2203,6,5,1528.8,1,28.1,4.6,0,3,13.6,1,2025-01-26 17:00:00,0.14,2038.4,2136.4,98.0,Slight Delay,3,1,3,4586.4,3,17,1,3
2204,6,1,1113.3,5,10.1,52.7,3,1,37.6,1,2025-01-21 21:00:00,0.15,1484.4,1673.8,189.4,Severe Delay,4,5,1,4453.2,20,21,0,3
2205,7,9,1126.4,1,43.2,3.0,2,2,15.5,1,2025-11-11 20:00:00,0.38,1501.9,1568.2,66.3,On Time,2,1,2,2252.8,2,20,1,3
2206,5,4,1978.7,0,22.2,0.0,2,0,48.3,2,2025-02-01 14:00:00,0.06,2638.3,2709.7,71.4,Slight Delay,2,0,4,3957.4,0,14,0,3
2207,7,1,1554.9,3,31.5,49.5,0,1,45.7,1,2025-09-28 06:00:00,0.27,2073.2,2164.3,91.1,Slight Delay,3,4,1,4664.700000000001,12,6,0,3
2208,6,4,349.2,2,30.7,0.0,2,2,38.2,0,2025-05-08 22:00:00,0.2,465.6,544.7,79.1,Slight Delay,2,2,2,698.4,4,22,0,1
2209,2,9,1957.6,2,37.3,0.0,2,1,1.5,0,2025-05-18 13:00:00,0.33,2610.1,2747.7,137.6,Moderate Delay,2,2,1,3915.2,4,13,0,3
2210,1,3,785.2,1,26.4,3.2,3,3,46.7,1,2025-03-29 22:00:00,0.36,1046.9,1219.1,172.2,Severe Delay,4,1,3,3140.8,4,22,0,0
2211,5,6,902.8,3,12.9,33.3,0,0,49.7,2,2025-05-05 19:00:00,0.03,1203.7,1336.9,133.2,Moderate Delay,3,4,4,2708.3999999999996,12,19,1,0
2212,1,8,1925.5,2,25.1,0.0,3,0,33.4,2,2025-06-08 14:00:00,0.32,2567.3,2766.5,199.2,Severe Delay,4,2,4,7702.0,8,14,0,3
2213,3,0,1479.1,0,26.5,0.0,3,3,30.8,1,2025-07-19 11:00:00,0.06,1972.1,2063.8,91.7,Slight Delay,4,0,3,5916.4,0,11,0,3
2214,4,8,1779.1,4,30.1,50.5,1,0,8.9,0,2025-04-28 17:00:00,0.51,2372.1,2496.2,124.1,Moderate Delay,1,3,4,1779.1,3,17,1,3
2215,4,5,988.0,2,15.7,0.0,2,3,33.6,2,2025-01-12 08:00:00,0.41,1317.3,1396.3,79.0,Slight Delay,2,2,3,1976.0,4,8,1,0
2216,9,8,1924.3,4,36.7,29.0,3,3,47.6,0,2025-09-20 22:00:00,0.39,2565.7,2709.4,143.7,Moderate Delay,4,3,3,7697.2,12,22,0,3
2217,0,7,1065.2,1,28.5,3.8,1,3,18.3,2,2025-10-12 22:00:00,0.43,1420.3,1517.5,97.2,Slight Delay,1,1,3,1065.2,1,22,0,3
2218,0,1,187.6,4,43.3,13.0,0,0,28.4,0,2025-11-09 07:00:00,0.2,250.1,365.8,115.7,Moderate Delay,3,3,4,562.8,9,7,1,1
2219,4,7,1193.8,4,15.6,19.3,1,3,35.9,2,2025-04-15 12:00:00,0.03,1591.7,1652.4,60.7,On Time,1,3,3,1193.8,3,12,0,3
2220,2,8,747.7,1,12.4,2.9,0,3,30.6,1,2025-03-04 18:00:00,0.04,996.9,1054.1,57.2,On Time,3,1,3,2243.1000000000004,3,18,1,0
2221,2,1,844.5,0,37.9,0.0,1,1,8.5,1,2025-11-04 20:00:00,0.37,1126.0,1166.1,40.1,On Time,1,0,1,844.5,0,20,1,0
2222,0,9,1945.9,2,32.0,0.0,1,1,43.8,1,2025-04-12 13:00:00,0.0,2594.5,2661.1,66.6,On Time,1,2,1,1945.9,2,13,0,3
2223,5,3,836.3,2,33.5,0.0,2,2,24.7,2,2025-03-10 18:00:00,0.26,1115.1,1195.8,80.7,Slight Delay,2,2,2,1672.6,4,18,1,0
2224,4,2,1101.7,0,25.1,0.0,3,1,8.0,1,2025-02-09 08:00:00,0.25,1468.9,1580.7,111.8,Slight Delay,4,0,1,4406.8,0,8,1,3
2225,5,0,497.2,3,21.0,19.7,0,2,38.9,2,2025-08-25 22:00:00,0.39,662.9,811.3,148.4,Moderate Delay,3,4,2,1491.6,12,22,0,1
2226,8,5,588.5,2,37.0,0.0,1,1,22.3,2,2025-04-17 06:00:00,0.4,784.7,859.2,74.5,Slight Delay,1,2,1,588.5,2,6,0,0
2227,7,1,362.0,4,12.3,64.9,3,1,8.3,1,2025-03-07 22:00:00,0.11,482.7,608.4,125.7,Moderate Delay,4,3,1,1448.0,12,22,0,1
2228,7,6,1666.8,2,17.4,0.0,3,3,32.2,0,2025-11-23 21:00:00,0.02,2222.4,2385.5,163.1,Moderate Delay,4,2,3,6667.2,8,21,0,3
2229,6,4,772.3,5,11.6,58.5,1,2,46.5,2,2025-11-14 12:00:00,0.43,1029.7,1146.3,116.6,Moderate Delay,1,5,2,772.3,5,12,0,0
2230,8,4,1070.7,5,36.4,63.5,0,0,32.3,2,2025-02-09 15:00:00,0.56,1427.6,1668.8,241.2,Severe Delay,3,5,4,3212.1000000000004,15,15,0,3
2231,5,3,225.4,0,19.5,0.0,0,1,0.8,1,2025-05-30 13:00:00,0.08,300.5,337.8,37.3,On Time,3,0,1,676.2,0,13,0,1
2232,2,9,1610.0,5,43.1,79.8,3,3,48.8,2,2025-10-28 10:00:00,0.25,2146.7,2363.7,217.0,Severe Delay,4,5,3,6440.0,20,10,1,3
2233,8,2,1592.0,1,19.7,2.5,2,0,28.4,1,2025-11-05 22:00:00,0.57,2122.7,2228.6,105.9,Slight Delay,2,1,4,3184.0,2,22,0,3
2234,1,3,395.2,1,40.3,3.6,3,3,11.1,0,2025-06-22 19:00:00,0.37,526.9,630.9,104.0,Slight Delay,4,1,3,1580.8,4,19,1,1
2235,3,1,944.6,4,30.7,8.5,1,3,20.4,2,2025-09-24 19:00:00,0.15,1259.5,1298.9,39.4,On Time,1,3,3,944.6,3,19,1,0
2236,7,8,218.6,2,20.4,0.0,1,3,40.0,2,2025-09-10 18:00:00,0.22,291.5,346.1,54.6,On Time,1,2,3,218.6,2,18,1,1
2237,8,9,802.3,2,10.3,0.0,1,1,33.9,2,2025-03-07 19:00:00,0.43,1069.7,1139.4,69.7,On Time,1,2,1,802.3,2,19,1,0
2238,7,3,1293.3,1,34.1,1.9,1,0,43.9,0,2025-07-19 18:00:00,0.51,1724.4,1816.1,91.7,Slight Delay,1,1,4,1293.3,1,18,1,3
2239,5,3,1020.1,0,24.0,0.0,3,0,45.8,1,2025-08-22 08:00:00,0.14,1360.1,1479.1,119.0,Moderate Delay,4,0,4,4080.4,0,8,1,3
2240,4,2,1941.9,0,30.9,0.0,2,0,0.9,0,2025-06-24 17:00:00,0.02,2589.2,2655.6,66.4,On Time,2,0,4,3883.8,0,17,1,3
2241,7,9,1279.5,5,34.2,21.3,2,2,44.7,1,2025-02-25 21:00:00,0.4,1706.0,1857.1,151.1,Moderate Delay,2,5,2,2559.0,10,21,0,3
2242,9,8,744.7,5,32.8,27.9,2,0,12.3,1,2025-05-16 15:00:00,0.29,992.9,1136.8,143.9,Moderate Delay,2,5,4,1489.4,10,15,0,0
2243,7,1,1616.5,1,22.4,4.1,0,1,46.2,1,2025-08-18 12:00:00,0.57,2155.3,2266.5,111.2,Slight Delay,3,1,1,4849.5,3,12,0,3
2244,4,6,940.8,1,33.1,0.1,3,0,12.9,0,2025-01-24 12:00:00,0.26,1254.4,1377.8,123.4,Moderate Delay,4,1,4,3763.2,4,12,0,0
2245,2,8,214.0,5,33.8,27.0,1,1,39.9,2,2025-12-08 17:00:00,0.24,285.3,369.3,84.0,Slight Delay,1,5,1,214.0,5,17,1,1
2246,9,7,998.9,5,11.5,19.4,1,3,21.5,1,2025-10-25 08:00:00,0.5,1331.9,1471.1,139.2,Moderate Delay,1,5,3,998.9,5,8,1,0
2247,6,4,1726.1,5,17.1,31.7,2,1,49.0,1,2025-08-20 14:00:00,0.59,2301.5,2433.5,132.0,Moderate Delay,2,5,1,3452.2,10,14,0,3
2248,5,1,674.1,3,39.7,12.0,3,2,2.6,1,2025-06-01 20:00:00,0.3,898.8,1043.3,144.5,Moderate Delay,4,4,2,2696.4,16,20,1,0
2249,3,5,618.7,4,11.6,46.8,2,3,41.8,1,2025-07-16 13:00:00,0.25,824.9,916.4,91.5,Slight Delay,2,3,3,1237.4,6,13,0,0
2250,1,8,999.1,5,14.5,47.7,1,3,24.9,2,2025-09-14 15:00:00,0.31,1332.1,1470.7,138.6,Moderate Delay,1,5,3,999.1,5,15,0,0
2251,5,2,1048.8,1,43.3,3.2,2,1,14.2,2,2025-04-25 15:00:00,0.32,1398.4,1436.2,37.8,On Time,2,1,1,2097.6,2,15,0,3
2252,1,9,142.4,3,38.5,30.8,1,2,45.7,1,2025-12-25 06:00:00,0.09,189.9,209.3,19.4,On Time,1,4,2,142.4,4,6,0,1
2253,0,9,837.0,1,42.4,1.9,3,1,5.1,0,2025-08-02 06:00:00,0.18,1116.0,1224.7,108.7,Slight Delay,4,1,1,3348.0,4,6,0,0
2254,9,1,734.8,2,39.5,0.0,2,3,36.0,1,2025-04-27 22:00:00,0.06,979.7,1023.0,43.3,On Time,2,2,3,1469.6,4,22,0,0
2255,5,2,1240.5,4,29.7,18.2,0,0,49.5,1,2025-03-12 06:00:00,0.25,1654.0,1763.1,109.1,Slight Delay,3,3,4,3721.5,9,6,0,3
2256,6,7,883.0,4,27.5,57.3,3,1,18.7,2,2025-12-22 19:00:00,0.52,1177.3,1318.8,141.5,Moderate Delay,4,3,1,3532.0,12,19,1,0
2257,4,7,866.4,5,27.0,56.5,2,2,38.8,1,2025-07-03 10:00:00,0.44,1155.2,1266.8,111.6,Slight Delay,2,5,2,1732.8,10,10,1,0
2258,8,6,1704.6,0,37.2,0.0,3,2,42.6,0,2025-07-28 08:00:00,0.16,2272.8,2372.6,99.8,Slight Delay,4,0,2,6818.4,0,8,1,3
2259,2,7,1342.0,5,32.7,65.8,3,2,7.4,2,2025-12-11 10:00:00,0.47,1789.3,2055.1,265.8,Severe Delay,4,5,2,5368.0,20,10,1,3
2260,2,5,1270.4,4,37.9,38.7,0,1,6.5,0,2025-04-09 14:00:00,0.34,1693.9,1802.0,108.1,Slight Delay,3,3,1,3811.2000000000003,9,14,0,3
2261,8,5,1094.6,1,10.3,2.3,2,3,14.9,1,2025-05-20 07:00:00,0.29,1459.5,1527.4,67.9,On Time,2,1,3,2189.2,2,7,1,3
2262,7,2,1008.4,3,14.4,67.8,2,1,6.1,2,2025-12-08 22:00:00,0.31,1344.5,1439.4,94.9,Slight Delay,2,4,1,2016.8,8,22,0,3
2263,8,9,273.9,3,36.5,56.8,1,1,30.7,2,2025-07-18 22:00:00,0.02,365.2,412.8,47.6,On Time,1,4,1,273.9,4,22,0,1
2264,2,3,1451.4,0,34.8,0.0,2,3,10.4,2,2025-01-25 08:00:00,0.1,1935.2,1991.5,56.3,On Time,2,0,3,2902.8,0,8,1,3
2265,8,5,839.0,0,35.0,0.0,0,1,43.6,0,2025-11-19 08:00:00,0.11,1118.7,1155.0,36.3,On Time,3,0,1,2517.0,0,8,1,0
2266,4,7,108.1,3,34.4,59.9,3,0,23.3,1,2025-09-25 12:00:00,0.41,144.1,307.8,163.7,Moderate Delay,4,4,4,432.4,16,12,0,1
2267,5,9,552.0,2,25.4,0.0,3,0,22.6,2,2025-07-08 13:00:00,0.46,736.0,904.7,168.7,Moderate Delay,4,2,4,2208.0,8,13,0,0
2268,6,4,844.1,0,41.1,0.0,3,2,49.2,0,2025-11-03 15:00:00,0.4,1125.5,1269.2,143.7,Moderate Delay,4,0,2,3376.4,0,15,0,0
2269,8,1,1253.7,0,37.3,0.0,3,0,27.4,1,2025-07-26 19:00:00,0.16,1671.6,1819.9,148.3,Moderate Delay,4,0,4,5014.8,0,19,1,3
2270,1,2,1710.6,4,31.0,25.5,1,1,24.0,1,2025-09-09 21:00:00,0.24,2280.8,2330.5,49.7,On Time,1,3,1,1710.6,3,21,0,3
2271,8,7,652.0,1,25.1,0.3,1,3,49.6,2,2025-07-23 22:00:00,0.3,869.3,933.3,64.0,On Time,1,1,3,652.0,1,22,0,0
2272,0,6,1537.3,0,30.0,0.0,2,0,44.7,2,2025-08-21 13:00:00,0.17,2049.7,2104.7,55.0,On Time,2,0,4,3074.6,0,13,0,3
2273,3,2,1718.6,4,11.0,5.2,0,0,14.4,2,2025-06-26 18:00:00,0.55,2291.5,2453.3,161.8,Moderate Delay,3,3,4,5155.799999999999,9,18,1,3
2274,3,0,225.3,5,28.2,48.3,1,2,37.3,2,2025-04-15 11:00:00,0.14,300.4,388.2,87.8,Slight Delay,1,5,2,225.3,5,11,0,1
2275,3,1,1434.4,5,38.9,11.7,2,1,15.4,0,2025-02-27 13:00:00,0.03,1912.5,2013.8,101.3,Slight Delay,2,5,1,2868.8,10,13,0,3
2276,8,2,276.6,5,21.8,62.8,0,0,5.8,0,2025-09-11 17:00:00,0.14,368.8,508.2,139.4,Moderate Delay,3,5,4,829.8000000000001,15,17,1,1
2277,8,3,305.8,1,30.8,0.7,2,2,20.4,2,2025-12-08 15:00:00,0.34,407.7,467.1,59.4,On Time,2,1,2,611.6,2,15,0,1
2278,6,4,1992.4,5,18.9,41.6,1,0,12.2,1,2025-06-15 07:00:00,0.37,2656.5,2788.5,132.0,Moderate Delay,1,5,4,1992.4,5,7,1,3
2279,1,9,1243.1,4,40.8,60.5,1,1,23.4,0,2025-05-22 15:00:00,0.59,1657.5,1722.5,65.0,On Time,1,3,1,1243.1,3,15,0,3
2280,7,6,1126.3,3,18.4,46.8,2,3,37.9,2,2025-07-23 21:00:00,0.16,1501.7,1595.5,93.8,Slight Delay,2,4,3,2252.6,8,21,0,3
2281,0,3,356.7,1,12.6,0.6,3,2,8.5,1,2025-09-20 11:00:00,0.32,475.6,582.8,107.2,Slight Delay,4,1,2,1426.8,4,11,0,1
2282,1,3,992.1,0,23.3,0.0,2,1,33.5,0,2025-10-29 11:00:00,0.58,1322.8,1380.7,57.9,On Time,2,0,1,1984.2,0,11,0,0
2283,3,6,1773.8,4,23.6,56.0,3,0,11.8,1,2025-10-07 16:00:00,0.16,2365.1,2494.7,129.6,Moderate Delay,4,3,4,7095.2,12,16,0,3
2284,9,0,992.6,1,30.1,1.4,3,0,33.3,1,2025-05-05 09:00:00,0.3,1323.5,1507.2,183.7,Severe Delay,4,1,4,3970.4,4,9,1,0
2285,0,1,1842.1,5,28.8,21.1,0,2,45.8,2,2025-06-23 13:00:00,0.11,2456.1,2615.8,159.7,Moderate Delay,3,5,2,5526.299999999999,15,13,0,3
2286,5,9,1932.9,2,27.6,0.0,1,2,3.1,1,2025-10-29 19:00:00,0.13,2577.2,2655.9,78.7,Slight Delay,1,2,2,1932.9,2,19,1,3
2287,8,3,1348.4,3,12.4,9.1,3,1,29.5,0,2025-09-12 13:00:00,0.53,1797.9,1967.6,169.7,Severe Delay,4,4,1,5393.6,16,13,0,3
2288,8,5,595.6,1,24.7,2.2,1,3,45.6,2,2025-07-12 10:00:00,0.06,794.1,853.6,59.5,On Time,1,1,3,595.6,1,10,1,0
2289,3,2,1595.3,1,29.5,1.1,2,3,22.8,0,2025-12-12 11:00:00,0.42,2127.1,2207.7,80.6,Slight Delay,2,1,3,3190.6,2,11,0,3
2290,3,9,687.0,2,32.3,0.0,0,1,27.0,0,2025-10-04 20:00:00,0.36,916.0,1008.4,92.4,Slight Delay,3,2,1,2061.0,6,20,1,0
2291,3,4,636.3,3,27.9,13.2,2,1,4.0,1,2025-11-30 11:00:00,0.26,848.4,910.6,62.2,On Time,2,4,1,1272.6,8,11,0,0
2292,3,2,402.5,4,43.4,20.2,3,2,40.5,1,2025-01-21 14:00:00,0.22,536.7,664.7,128.0,Moderate Delay,4,3,2,1610.0,12,14,0,1
2293,2,9,1952.9,5,34.8,61.6,0,1,28.4,2,2025-03-06 07:00:00,0.45,2603.9,2794.9,191.0,Severe Delay,3,5,1,5858.700000000001,15,7,1,3
2294,4,7,432.2,5,26.0,20.6,2,2,25.2,1,2025-11-03 14:00:00,0.54,576.3,723.3,147.0,Moderate Delay,2,5,2,864.4,10,14,0,1
2295,0,6,82.9,2,32.2,0.0,2,3,47.6,1,2025-06-22 22:00:00,0.05,110.5,178.4,67.9,On Time,2,2,3,165.8,4,22,0,2
2296,0,3,124.4,2,36.4,0.0,1,3,0.7,0,2025-08-20 22:00:00,0.18,165.9,208.3,42.4,On Time,1,2,3,124.4,2,22,0,1
2297,9,7,1750.0,2,28.3,0.0,3,1,44.3,0,2025-04-02 13:00:00,0.55,2333.3,2527.4,194.1,Severe Delay,4,2,1,7000.0,8,13,0,3
2298,0,8,243.5,3,15.0,39.8,3,2,47.6,2,2025-10-04 11:00:00,0.22,324.7,482.6,157.9,Moderate Delay,4,4,2,974.0,16,11,0,1
2299,7,0,26.6,4,16.6,21.5,3,1,47.5,1,2025-02-02 20:00:00,0.09,35.5,137.8,102.3,Slight Delay,4,3,1,106.4,12,20,1,2
2300,9,5,1455.8,3,19.3,74.6,3,0,33.5,1,2025-10-22 19:00:00,0.25,1941.1,2127.6,186.5,Severe Delay,4,4,4,5823.2,16,19,1,3
2301,0,9,1463.0,2,18.0,0.0,2,0,47.9,0,2025-09-22 12:00:00,0.02,1950.7,2026.6,75.9,Slight Delay,2,2,4,2926.0,4,12,0,3
2302,9,7,1452.9,2,39.5,0.0,0,1,23.5,0,2025-11-26 11:00:00,0.47,1937.2,2081.7,144.5,Moderate Delay,3,2,1,4358.700000000001,6,11,0,3
2303,2,8,726.3,0,30.0,0.0,0,1,45.5,1,2025-07-04 18:00:00,0.59,968.4,1033.9,65.5,On Time,3,0,1,2178.8999999999996,0,18,1,0
2304,8,4,1598.9,2,27.3,0.0,3,1,23.9,2,2025-12-11 09:00:00,0.35,2131.9,2281.4,149.5,Moderate Delay,4,2,1,6395.6,8,9,1,3
2305,1,4,1356.2,5,32.3,33.6,2,3,0.9,0,2025-05-18 14:00:00,0.15,1808.3,1942.8,134.5,Moderate Delay,2,5,3,2712.4,10,14,0,3
2306,1,5,1892.5,3,43.1,28.1,3,2,40.6,2,2025-03-13 17:00:00,0.36,2523.3,2721.0,197.7,Severe Delay,4,4,2,7570.0,16,17,1,3
2307,5,6,1595.3,1,19.1,0.6,2,0,21.5,1,2025-09-30 14:00:00,0.57,2127.1,2207.3,80.2,Slight Delay,2,1,4,3190.6,2,14,0,3
2308,8,2,208.3,1,18.5,1.9,1,3,27.3,0,2025-03-26 14:00:00,0.14,277.7,297.6,19.9,On Time,1,1,3,208.3,1,14,0,1
2309,3,8,531.0,1,42.5,3.4,0,2,40.2,2,2025-06-25 18:00:00,0.03,708.0,760.4,52.4,On Time,3,1,2,1593.0,3,18,1,0
2310,1,2,297.9,3,31.8,28.3,2,0,22.3,0,2025-09-29 17:00:00,0.22,397.2,505.5,108.3,Slight Delay,2,4,4,595.8,8,17,1,1
2311,3,6,529.4,5,27.8,46.4,1,2,16.8,0,2025-07-07 06:00:00,0.28,705.9,797.3,91.4,Slight Delay,1,5,2,529.4,5,6,0,0
2312,9,5,94.0,4,18.3,63.4,3,3,30.5,2,2025-11-09 16:00:00,0.12,125.3,244.0,118.7,Moderate Delay,4,3,3,376.0,12,16,0,2
2313,9,6,1131.0,4,26.1,72.5,2,1,11.4,2,2025-06-06 09:00:00,0.44,1508.0,1591.3,83.3,Slight Delay,2,3,1,2262.0,6,9,1,3
2314,0,3,1417.5,0,42.2,0.0,3,2,29.0,2,2025-01-25 12:00:00,0.11,1890.0,2000.9,110.9,Slight Delay,4,0,2,5670.0,0,12,0,3
2315,0,4,462.3,5,25.4,40.5,2,3,28.5,2,2025-02-14 17:00:00,0.42,616.4,703.7,87.3,Slight Delay,2,5,3,924.6,10,17,1,1
2316,2,9,1879.6,4,27.0,38.5,1,3,39.1,0,2025-08-21 09:00:00,0.43,2506.1,2615.9,109.8,Slight Delay,1,3,3,1879.6,3,9,1,3
2317,4,8,1679.9,1,19.1,1.4,1,0,34.1,1,2025-03-30 17:00:00,0.13,2239.9,2313.8,73.9,Slight Delay,1,1,4,1679.9,1,17,1,3
2318,5,2,156.5,3,13.5,46.6,3,1,16.7,2,2025-08-07 20:00:00,0.13,208.7,367.3,158.6,Moderate Delay,4,4,1,626.0,16,20,1,1
2319,4,7,1475.1,0,44.5,0.0,0,0,15.1,1,2025-11-26 09:00:00,0.39,1966.8,2078.2,111.4,Slight Delay,3,0,4,4425.299999999999,0,9,1,3
2320,6,3,1394.7,0,16.5,0.0,0,0,2.0,0,2025-07-16 22:00:00,0.52,1859.6,1974.1,114.5,Slight Delay,3,0,4,4184.1,0,22,0,3
2321,3,5,977.9,3,34.4,69.0,1,0,10.2,0,2025-01-04 14:00:00,0.2,1303.9,1397.5,93.6,Slight Delay,1,4,4,977.9,4,14,0,0
2322,4,1,1791.0,1,28.0,3.2,0,2,3.4,2,2025-03-12 16:00:00,0.42,2388.0,2511.6,123.6,Moderate Delay,3,1,2,5373.0,3,16,0,3
2323,0,8,1314.3,3,11.2,36.1,1,3,41.0,1,2025-09-17 19:00:00,0.23,1752.4,1855.1,102.7,Slight Delay,1,4,3,1314.3,4,19,1,3
2324,9,5,1249.2,3,24.1,6.9,0,3,24.1,2,2025-03-12 21:00:00,0.27,1665.6,1791.9,126.3,Moderate Delay,3,4,3,3747.6000000000004,12,21,0,3
2325,4,5,1206.3,4,26.5,30.3,0,3,19.0,1,2025-10-29 19:00:00,0.22,1608.4,1702.7,94.3,Slight Delay,3,3,3,3618.8999999999996,9,19,1,3
2326,4,8,1119.3,2,18.9,0.0,0,0,2.3,1,2025-03-07 15:00:00,0.5,1492.4,1639.8,147.4,Moderate Delay,3,2,4,3357.8999999999996,6,15,0,3
2327,5,3,855.2,0,24.8,0.0,3,3,38.1,2,2025-03-11 06:00:00,0.5,1140.3,1293.6,153.3,Moderate Delay,4,0,3,3420.8,0,6,0,0
2328,7,3,650.7,1,24.9,4.0,0,3,4.9,1,2025-04-28 13:00:00,0.52,867.6,929.7,62.1,On Time,3,1,3,1952.1000000000001,3,13,0,0
2329,3,6,1391.8,1,17.5,4.7,1,3,26.1,0,2025-02-05 12:00:00,0.28,1855.7,1903.2,47.5,On Time,1,1,3,1391.8,1,12,0,3
2330,7,8,1068.1,4,32.7,25.7,3,1,40.1,1,2025-04-15 19:00:00,0.4,1424.1,1553.2,129.1,Moderate Delay,4,3,1,4272.4,12,19,1,3
2331,0,1,631.9,2,36.1,0.0,1,3,2.9,0,2025-05-26 22:00:00,0.03,842.5,897.4,54.9,On Time,1,2,3,631.9,2,22,0,0
2332,0,8,1917.1,3,30.6,34.3,3,0,40.2,0,2025-12-20 13:00:00,0.32,2556.1,2731.5,175.4,Severe Delay,4,4,4,7668.4,16,13,0,3
2333,8,0,452.7,2,41.3,0.0,3,3,6.5,1,2025-07-31 10:00:00,0.38,603.6,759.1,155.5,Moderate Delay,4,2,3,1810.8,8,10,1,1
2334,7,2,1281.3,4,27.5,44.0,2,3,32.0,0,2025-04-18 08:00:00,0.41,1708.4,1801.5,93.1,Slight Delay,2,3,3,2562.6,6,8,1,3
2335,0,2,1840.9,1,36.6,2.8,1,0,13.0,2,2025-02-02 10:00:00,0.07,2454.5,2539.4,84.9,Slight Delay,1,1,4,1840.9,1,10,1,3
2336,2,1,1236.4,2,37.3,0.0,1,3,4.2,1,2025-02-17 07:00:00,0.19,1648.5,1701.8,53.3,On Time,1,2,3,1236.4,2,7,1,3
2337,8,7,748.2,0,35.7,0.0,2,2,30.4,0,2025-09-08 11:00:00,0.39,997.6,1041.7,44.1,On Time,2,0,2,1496.4,0,11,0,0
2338,2,5,1996.3,3,13.5,66.6,0,1,6.4,1,2025-03-26 21:00:00,0.4,2661.7,2790.4,128.7,Moderate Delay,3,4,1,5988.9,12,21,0,3
2339,8,5,826.6,2,41.9,0.0,1,2,39.2,2,2025-04-03 17:00:00,0.43,1102.1,1186.4,84.3,Slight Delay,1,2,2,826.6,2,17,1,0
2340,9,0,269.6,4,31.3,50.5,0,3,13.4,1,2025-11-18 14:00:00,0.44,359.5,478.0,118.5,Moderate Delay,3,3,3,808.8000000000001,9,14,0,1
2341,9,1,530.5,3,20.9,40.9,2,1,1.4,0,2025-03-14 08:00:00,0.18,707.3,783.3,76.0,Slight Delay,2,4,1,1061.0,8,8,1,0
2342,0,9,960.0,3,23.4,19.5,2,1,7.8,0,2025-01-28 11:00:00,0.48,1280.0,1391.5,111.5,Slight Delay,2,4,1,1920.0,8,11,0,0
2343,9,3,899.2,2,24.8,0.0,3,0,27.4,2,2025-08-23 12:00:00,0.59,1198.9,1376.4,177.5,Severe Delay,4,2,4,3596.8,8,12,0,0
2344,2,0,1291.3,2,27.5,0.0,2,0,45.2,2,2025-06-16 11:00:00,0.56,1721.7,1834.9,113.2,Slight Delay,2,2,4,2582.6,4,11,0,3
2345,1,2,204.4,5,40.9,55.3,2,2,43.8,2,2025-02-21 19:00:00,0.6,272.5,381.9,109.4,Slight Delay,2,5,2,408.8,10,19,1,1
2346,4,3,1952.3,2,34.6,0.0,0,0,9.1,1,2025-10-09 10:00:00,0.29,2603.1,2733.1,130.0,Moderate Delay,3,2,4,5856.9,6,10,1,3
2347,2,1,984.6,4,37.7,66.2,0,0,11.9,1,2025-10-04 12:00:00,0.03,1312.8,1402.4,89.6,Slight Delay,3,3,4,2953.8,9,12,0,0
2348,4,5,859.3,4,32.9,25.5,0,2,3.0,2,2025-09-08 20:00:00,0.22,1145.7,1238.1,92.4,Slight Delay,3,3,2,2577.8999999999996,9,20,1,0
2349,9,2,402.8,1,34.3,2.7,3,3,30.4,2,2025-01-11 16:00:00,0.45,537.1,673.7,136.6,Moderate Delay,4,1,3,1611.2,4,16,0,1
2350,6,4,316.0,5,24.6,30.2,3,1,17.8,2,2025-08-17 20:00:00,0.05,421.3,559.3,138.0,Moderate Delay,4,5,1,1264.0,20,20,1,1
2351,7,2,844.1,5,20.9,64.1,2,2,3.0,2,2025-03-24 07:00:00,0.12,1125.5,1229.3,103.8,Slight Delay,2,5,2,1688.2,10,7,1,0
2352,4,2,1269.8,2,21.6,0.0,3,2,27.9,1,2025-02-27 12:00:00,0.15,1693.1,1859.8,166.7,Moderate Delay,4,2,2,5079.2,8,12,0,3
2353,9,4,258.4,1,41.4,0.4,2,0,17.8,2,2025-01-15 09:00:00,0.37,344.5,408.7,64.2,On Time,2,1,4,516.8,2,9,1,1
2354,1,8,1873.1,3,16.2,64.4,1,0,3.5,2,2025-01-20 07:00:00,0.53,2497.5,2657.3,159.8,Moderate Delay,1,4,4,1873.1,4,7,1,3
2355,6,5,733.6,3,25.5,67.0,3,2,17.3,0,2025-12-17 12:00:00,0.05,978.1,1133.4,155.3,Moderate Delay,4,4,2,2934.4,16,12,0,0
2356,4,5,1763.9,4,11.2,67.2,2,0,20.8,1,2025-10-01 18:00:00,0.39,2351.9,2434.2,82.3,Slight Delay,2,3,4,3527.8,6,18,1,3
2357,7,3,52.4,1,38.8,0.8,1,3,19.9,0,2025-05-01 18:00:00,0.49,69.9,106.5,36.6,On Time,1,1,3,52.4,1,18,1,2
2358,3,8,1472.4,0,20.8,0.0,3,1,10.4,0,2025-03-25 12:00:00,0.48,1963.2,2089.3,126.1,Moderate Delay,4,0,1,5889.6,0,12,0,3
2359,5,3,845.7,0,44.8,0.0,2,0,7.8,1,2025-10-28 17:00:00,0.36,1127.6,1186.5,58.9,On Time,2,0,4,1691.4,0,17,1,0
2360,7,1,1425.2,4,15.2,61.7,2,2,27.7,0,2025-12-01 22:00:00,0.16,1900.3,1992.2,91.9,Slight Delay,2,3,2,2850.4,6,22,0,3
2361,2,7,456.2,5,36.4,27.8,2,1,14.2,1,2025-08-01 21:00:00,0.28,608.3,709.1,100.8,Slight Delay,2,5,1,912.4,10,21,0,1
2362,3,6,1419.7,2,21.3,0.0,3,1,42.3,1,2025-02-28 10:00:00,0.32,1892.9,2053.4,160.5,Moderate Delay,4,2,1,5678.8,8,10,1,3
2363,8,7,65.9,2,44.0,0.0,2,0,15.3,2,2025-04-17 11:00:00,0.15,87.9,142.6,54.7,On Time,2,2,4,131.8,4,11,0,2
2364,3,0,1830.8,3,39.8,39.1,3,0,0.5,2,2025-02-28 08:00:00,0.54,2441.1,2634.3,193.2,Severe Delay,4,4,4,7323.2,16,8,1,3
2365,3,1,1167.4,3,43.5,22.4,3,1,24.5,2,2025-04-03 07:00:00,0.59,1556.5,1784.4,227.9,Severe Delay,4,4,1,4669.6,16,7,1,3
2366,3,7,1226.5,3,35.4,54.6,2,3,3.9,1,2025-09-28 20:00:00,0.27,1635.3,1738.0,102.7,Slight Delay,2,4,3,2453.0,8,20,1,3
2367,2,6,1973.9,5,20.0,44.9,2,1,37.3,0,2025-10-20 12:00:00,0.01,2631.9,2738.0,106.1,Slight Delay,2,5,1,3947.8,10,12,0,3
2368,8,9,1698.6,4,10.4,53.1,2,1,7.0,1,2025-04-02 20:00:00,0.49,2264.8,2337.9,73.1,Slight Delay,2,3,1,3397.2,6,20,1,3
2369,6,5,396.2,0,31.9,0.0,2,3,49.6,2,2025-02-21 08:00:00,0.53,528.3,599.0,70.7,On Time,2,0,3,792.4,0,8,1,1
2370,6,7,213.1,5,32.2,12.2,3,0,19.0,0,2025-01-05 16:00:00,0.25,284.1,487.2,203.1,Severe Delay,4,5,4,852.4,20,16,0,1
2371,1,2,1223.1,5,35.5,41.2,0,2,12.7,2,2025-01-09 12:00:00,0.37,1630.8,1804.4,173.6,Severe Delay,3,5,2,3669.2999999999997,15,12,0,3
2372,4,8,1779.8,2,35.7,0.0,3,1,45.2,1,2025-12-02 06:00:00,0.03,2373.1,2516.6,143.5,Moderate Delay,4,2,1,7119.2,8,6,0,3
2373,2,8,649.2,1,19.1,1.7,3,1,26.0,2,2025-04-28 20:00:00,0.51,865.6,1006.0,140.4,Moderate Delay,4,1,1,2596.8,4,20,1,0
2374,3,2,768.7,4,43.2,36.5,2,2,40.9,0,2025-10-09 16:00:00,0.17,1024.9,1095.2,70.3,On Time,2,3,2,1537.4,6,16,0,0
2375,0,4,1576.8,3,37.9,37.7,0,0,19.6,2,2025-01-14 14:00:00,0.12,2102.4,2260.2,157.8,Moderate Delay,3,4,4,4730.4,12,14,0,3
2376,3,2,849.4,0,39.1,0.0,2,2,5.0,2,2025-08-05 09:00:00,0.21,1132.5,1199.2,66.7,On Time,2,0,2,1698.8,0,9,1,0
2377,4,1,422.4,3,27.2,32.6,2,2,20.8,0,2025-01-31 11:00:00,0.47,563.2,642.1,78.9,Slight Delay,2,4,2,844.8,8,11,0,1
2378,5,7,1118.2,3,33.7,22.2,1,2,25.9,0,2025-10-30 06:00:00,0.55,1490.9,1585.5,94.6,Slight Delay,1,4,2,1118.2,4,6,0,3
2379,8,2,199.4,1,15.5,0.7,2,3,13.3,1,2025-11-29 09:00:00,0.27,265.9,316.4,50.5,On Time,2,1,3,398.8,2,9,1,1
2380,4,8,1647.6,4,16.8,11.8,2,1,16.8,2,2025-12-26 15:00:00,0.23,2196.8,2268.6,71.8,Slight Delay,2,3,1,3295.2,6,15,0,3
2381,7,6,1272.4,0,28.8,0.0,1,1,27.7,1,2025-07-05 18:00:00,0.15,1696.5,1711.7,15.2,On Time,1,0,1,1272.4,0,18,1,3
2382,9,0,159.7,4,22.2,78.4,3,3,18.0,1,2025-02-03 17:00:00,0.28,212.9,349.8,136.9,Moderate Delay,4,3,3,638.8,12,17,1,1
2383,9,4,1904.2,4,18.1,51.3,0,2,44.4,2,2025-05-07 14:00:00,0.37,2538.9,2684.5,145.6,Moderate Delay,3,3,2,5712.6,9,14,0,3
2384,9,3,777.8,1,10.7,0.1,0,2,44.7,0,2025-01-02 09:00:00,0.43,1037.1,1115.2,78.1,Slight Delay,3,1,2,2333.3999999999996,3,9,1,0
2385,7,5,617.0,0,37.3,0.0,1,1,26.5,2,2025-04-17 06:00:00,0.57,822.7,864.1,41.4,On Time,1,0,1,617.0,0,6,0,0
2386,8,5,1708.5,1,27.4,1.8,1,2,27.4,0,2025-05-22 08:00:00,0.08,2278.0,2323.7,45.7,On Time,1,1,2,1708.5,1,8,1,3
2387,9,1,1854.8,3,24.4,60.5,1,1,4.2,1,2025-02-19 17:00:00,0.03,2473.1,2537.4,64.3,On Time,1,4,1,1854.8,4,17,1,3
2388,9,3,836.6,1,15.9,0.4,1,1,12.2,0,2025-12-27 07:00:00,0.03,1115.5,1115.5,0.0,On Time,1,1,1,836.6,1,7,1,0
2389,9,3,460.8,1,14.2,2.5,1,2,32.5,0,2025-02-22 13:00:00,0.36,614.4,654.7,40.3,On Time,1,1,2,460.8,1,13,0,1
2390,7,0,208.5,2,18.9,0.0,2,3,5.6,2,2025-01-25 15:00:00,0.19,278.0,359.2,81.2,Slight Delay,2,2,3,417.0,4,15,0,1
2391,4,5,362.6,4,16.7,62.2,3,3,3.5,2,2025-07-25 11:00:00,0.6,483.5,631.3,147.8,Moderate Delay,4,3,3,1450.4,12,11,0,1
2392,3,6,1852.8,0,20.2,0.0,1,2,22.1,2,2025-06-28 22:00:00,0.21,2470.4,2525.5,55.1,On Time,1,0,2,1852.8,0,22,0,3
2393,4,0,1568.3,3,34.8,19.4,3,3,28.4,0,2025-01-16 12:00:00,0.45,2091.1,2292.5,201.4,Severe Delay,4,4,3,6273.2,16,12,0,3
2394,3,5,499.8,0,39.4,0.0,0,0,24.3,1,2025-04-13 18:00:00,0.39,666.4,750.4,84.0,Slight Delay,3,0,4,1499.4,0,18,1,1
2395,1,0,1244.8,4,31.3,74.1,3,2,12.8,0,2025-03-18 08:00:00,0.14,1659.7,1824.5,164.8,Moderate Delay,4,3,2,4979.2,12,8,1,3
2396,4,3,377.3,5,34.3,64.1,2,0,22.6,1,2025-09-01 06:00:00,0.19,503.1,598.3,95.2,Slight Delay,2,5,4,754.6,10,6,0,1
2397,7,3,1007.5,4,34.6,62.9,3,2,19.9,0,2025-02-21 15:00:00,0.4,1343.3,1490.0,146.7,Moderate Delay,4,3,2,4030.0,12,15,0,3
2398,4,7,1639.4,0,29.8,0.0,1,1,42.5,0,2025-10-29 21:00:00,0.58,2185.9,2248.1,62.2,On Time,1,0,1,1639.4,0,21,0,3
2399,9,3,1705.4,4,19.8,50.8,1,1,2.4,1,2025-12-02 14:00:00,0.46,2273.9,2329.0,55.1,On Time,1,3,1,1705.4,3,14,0,3
2400,5,2,1353.5,5,43.9,54.1,1,3,11.6,1,2025-01-02 16:00:00,0.21,1804.7,1939.6,134.9,Moderate Delay,1,5,3,1353.5,5,16,0,3
2401,2,3,1737.4,4,21.9,54.5,2,1,27.7,0,2025-11-09 22:00:00,0.17,2316.5,2392.8,76.3,Slight Delay,2,3,1,3474.8,6,22,0,3
2402,7,4,253.8,2,26.6,0.0,3,2,20.3,1,2025-09-28 21:00:00,0.43,338.4,490.2,151.8,Moderate Delay,4,2,2,1015.2,8,21,0,1
2403,2,3,958.9,1,24.8,1.4,3,2,44.8,1,2025-03-03 19:00:00,0.2,1278.5,1398.7,120.2,Moderate Delay,4,1,2,3835.6,4,19,1,0
2404,8,5,1133.8,2,31.0,0.0,0,1,28.9,0,2025-07-15 09:00:00,0.05,1511.7,1621.8,110.1,Slight Delay,3,2,1,3401.3999999999996,6,9,1,3
2405,1,6,517.6,3,14.2,7.7,0,1,14.1,0,2025-09-03 14:00:00,0.59,690.1,839.6,149.5,Moderate Delay,3,4,1,1552.8000000000002,12,14,0,0
2406,2,6,1995.2,1,30.6,1.5,0,2,33.8,2,2025-04-18 22:00:00,0.51,2660.3,2780.3,120.0,Moderate Delay,3,1,2,5985.6,3,22,0,3
2407,5,6,854.9,5,21.9,50.3,1,2,11.4,2,2025-02-04 14:00:00,0.14,1139.9,1241.1,101.2,Slight Delay,1,5,2,854.9,5,14,0,0
2408,1,9,486.2,2,31.0,0.0,2,1,42.9,2,2025-08-28 07:00:00,0.25,648.3,725.4,77.1,Slight Delay,2,2,1,972.4,4,7,1,1
2409,0,9,408.2,5,41.8,74.8,2,1,3.1,2,2025-07-30 07:00:00,0.36,544.3,643.1,98.8,Slight Delay,2,5,1,816.4,10,7,1,1
2410,1,7,873.0,2,27.6,0.0,0,1,38.0,1,2025-02-12 13:00:00,0.24,1164.0,1241.4,77.4,Slight Delay,3,2,1,2619.0,6,13,0,0
2411,4,5,1653.7,5,12.8,29.4,3,0,22.7,2,2025-02-12 20:00:00,0.11,2204.9,2417.5,212.6,Severe Delay,4,5,4,6614.8,20,20,1,3
2412,7,5,668.8,5,17.2,26.0,0,1,21.7,2,2025-10-07 18:00:00,0.11,891.7,1051.8,160.1,Moderate Delay,3,5,1,2006.3999999999999,15,18,1,0
2413,6,4,1484.8,5,33.5,21.0,2,0,17.3,2,2025-08-20 17:00:00,0.31,1979.7,2151.7,172.0,Severe Delay,2,5,4,2969.6,10,17,1,3
2414,0,5,1778.2,2,32.1,0.0,2,2,36.3,1,2025-07-11 20:00:00,0.36,2370.9,2458.1,87.2,Slight Delay,2,2,2,3556.4,4,20,1,3
2415,7,5,802.4,1,13.7,0.5,1,1,39.8,0,2025-10-04 07:00:00,0.26,1069.9,1098.3,28.4,On Time,1,1,1,802.4,1,7,1,0
2416,8,0,770.9,4,44.1,13.8,3,1,24.6,2,2025-04-07 18:00:00,0.25,1027.9,1163.1,135.2,Moderate Delay,4,3,1,3083.6,12,18,1,0
2417,5,3,1633.7,4,28.3,50.0,3,1,35.2,1,2025-12-09 08:00:00,0.54,2178.3,2339.4,161.1,Moderate Delay,4,3,1,6534.8,12,8,1,3
2418,1,5,256.0,3,43.1,37.5,0,0,10.1,1,2025-12-10 19:00:00,0.56,341.3,469.0,127.7,Moderate Delay,3,4,4,768.0,12,19,1,1
2419,0,5,316.9,1,31.2,2.4,3,2,0.7,1,2025-12-10 21:00:00,0.59,422.5,543.6,121.1,Moderate Delay,4,1,2,1267.6,4,21,0,1
2420,7,4,1745.3,0,32.5,0.0,0,0,18.8,1,2025-03-02 14:00:00,0.54,2327.1,2438.0,110.9,Slight Delay,3,0,4,5235.9,0,14,0,3
2421,3,9,1472.6,0,44.0,0.0,0,2,34.7,2,2025-09-11 13:00:00,0.06,1963.5,2079.0,115.5,Moderate Delay,3,0,2,4417.799999999999,0,13,0,3
2422,1,0,1058.0,4,23.4,10.7,2,3,30.0,1,2025-07-13 17:00:00,0.52,1410.7,1517.4,106.7,Slight Delay,2,3,3,2116.0,6,17,1,3
2423,3,0,788.8,5,35.5,35.8,3,0,25.4,0,2025-11-24 07:00:00,0.5,1051.7,1245.6,193.9,Severe Delay,4,5,4,3155.2,20,7,1,0
2424,5,8,581.2,2,33.4,0.0,0,2,7.5,0,2025-10-07 13:00:00,0.44,774.9,885.6,110.7,Slight Delay,3,2,2,1743.6000000000001,6,13,0,0
2425,6,9,1317.6,0,31.1,0.0,0,2,1.9,1,2025-06-09 10:00:00,0.07,1756.8,1829.6,72.8,Slight Delay,3,0,2,3952.7999999999997,0,10,1,3
2426,3,0,1511.1,0,37.6,0.0,2,3,25.2,2,2025-07-17 10:00:00,0.06,2014.8,2069.6,54.8,On Time,2,0,3,3022.2,0,10,1,3
2427,1,8,1472.5,5,41.9,34.1,2,2,26.0,0,2025-10-05 10:00:00,0.28,1963.3,2112.2,148.9,Moderate Delay,2,5,2,2945.0,10,10,1,3
2428,7,5,139.0,5,33.7,32.9,2,3,43.5,1,2025-07-24 22:00:00,0.44,185.3,285.8,100.5,Slight Delay,2,5,3,278.0,10,22,0,1
2429,2,7,1748.0,3,26.0,65.6,2,3,39.3,0,2025-09-03 10:00:00,0.25,2330.7,2477.2,146.5,Moderate Delay,2,4,3,3496.0,8,10,1,3
2430,0,9,923.6,5,35.8,16.7,1,2,13.8,2,2025-11-16 08:00:00,0.06,1231.5,1349.9,118.4,Moderate Delay,1,5,2,923.6,5,8,1,0
2431,3,4,230.5,0,41.3,0.0,2,1,10.3,1,2025-05-08 17:00:00,0.44,307.3,334.5,27.2,On Time,2,0,1,461.0,0,17,1,1
2432,5,1,1875.2,1,26.1,4.8,3,1,37.0,2,2025-04-20 21:00:00,0.5,2500.3,2658.6,158.3,Moderate Delay,4,1,1,7500.8,4,21,0,3
2433,8,7,1457.9,4,11.4,44.8,2,0,28.5,2,2025-05-11 16:00:00,0.05,1943.9,2030.7,86.8,Slight Delay,2,3,4,2915.8,6,16,0,3
2434,0,5,1669.9,0,13.3,0.0,3,3,20.5,1,2025-01-12 11:00:00,0.12,2226.5,2345.4,118.9,Moderate Delay,4,0,3,6679.6,0,11,0,3
2435,4,6,303.7,4,32.1,54.8,3,0,47.1,0,2025-03-05 09:00:00,0.57,404.9,541.4,136.5,Moderate Delay,4,3,4,1214.8,12,9,1,1
2436,8,4,1772.7,2,13.8,0.0,1,0,13.7,1,2025-05-29 14:00:00,0.5,2363.6,2484.0,120.4,Moderate Delay,1,2,4,1772.7,2,14,0,3
2437,7,9,418.9,3,41.1,55.8,1,2,8.9,1,2025-09-05 08:00:00,0.42,558.5,654.0,95.5,Slight Delay,1,4,2,418.9,4,8,1,1
2438,0,1,849.5,2,26.6,0.0,0,1,44.6,1,2025-10-05 06:00:00,0.39,1132.7,1239.1,106.4,Slight Delay,3,2,1,2548.5,6,6,0,0
2439,8,0,1532.9,5,43.8,7.7,2,1,34.2,0,2025-02-10 20:00:00,0.03,2043.9,2181.4,137.5,Moderate Delay,2,5,1,3065.8,10,20,1,3
2440,6,9,1415.9,5,44.7,34.0,1,0,23.5,0,2025-11-15 11:00:00,0.48,1887.9,2027.9,140.0,Moderate Delay,1,5,4,1415.9,5,11,0,3
2441,8,9,222.1,4,12.7,6.9,3,0,3.2,1,2025-10-25 18:00:00,0.27,296.1,381.5,85.4,Slight Delay,4,3,4,888.4,12,18,1,1
2442,5,0,650.8,3,25.6,55.2,0,2,31.0,1,2025-06-09 08:00:00,0.56,867.7,981.2,113.5,Slight Delay,3,4,2,1952.3999999999999,12,8,1,0
2443,4,8,992.4,5,24.7,54.4,0,3,45.9,1,2025-01-26 09:00:00,0.57,1323.2,1481.7,158.5,Moderate Delay,3,5,3,2977.2,15,9,1,0
2444,3,2,1942.0,2,30.4,0.0,2,1,23.6,1,2025-09-02 17:00:00,0.33,2589.3,2725.9,136.6,Moderate Delay,2,2,1,3884.0,4,17,1,3
2445,2,9,773.0,2,34.2,0.0,1,3,33.1,2,2025-02-06 21:00:00,0.01,1030.7,1094.0,63.3,On Time,1,2,3,773.0,2,21,0,0
2446,3,9,1092.6,2,22.2,0.0,1,0,12.5,1,2025-10-03 18:00:00,0.4,1456.8,1537.9,81.1,Slight Delay,1,2,4,1092.6,2,18,1,3
2447,2,9,1144.4,4,25.7,70.3,2,2,44.0,1,2025-11-28 10:00:00,0.21,1525.9,1603.3,77.4,Slight Delay,2,3,2,2288.8,6,10,1,3
2448,3,5,1876.7,5,32.8,16.9,0,3,29.2,0,2025-11-03 07:00:00,0.33,2502.3,2682.9,180.6,Severe Delay,3,5,3,5630.1,15,7,1,3
2449,8,0,1443.7,0,11.4,0.0,1,1,28.4,1,2025-12-02 15:00:00,0.07,1924.9,1936.4,11.5,On Time,1,0,1,1443.7,0,15,0,3
2450,1,4,1163.0,5,15.2,23.9,0,0,23.2,2,2025-05-31 18:00:00,0.07,1550.7,1736.6,185.9,Severe Delay,3,5,4,3489.0,15,18,1,3
2451,8,6,868.7,2,40.6,0.0,3,2,47.9,0,2025-07-30 07:00:00,0.1,1158.3,1269.4,111.1,Slight Delay,4,2,2,3474.8,8,7,1,0
2452,4,9,517.4,4,35.3,26.0,2,1,25.8,0,2025-06-11 19:00:00,0.55,689.9,746.5,56.6,On Time,2,3,1,1034.8,6,19,1,0
2453,4,0,1988.3,3,16.3,72.3,0,1,49.6,1,2025-08-19 15:00:00,0.23,2651.1,2782.7,131.6,Moderate Delay,3,4,1,5964.9,12,15,0,3
2454,4,2,476.5,1,16.1,4.6,1,2,2.7,2,2025-05-05 17:00:00,0.44,635.3,681.0,45.7,On Time,1,1,2,476.5,1,17,1,1
2455,6,9,971.8,3,20.4,36.3,2,0,33.4,0,2025-06-22 15:00:00,0.13,1295.7,1401.2,105.5,Slight Delay,2,4,4,1943.6,8,15,0,0
2456,7,1,494.2,3,10.0,65.2,0,3,41.2,2,2025-01-28 06:00:00,0.42,658.9,793.1,134.2,Moderate Delay,3,4,3,1482.6,12,6,0,1
2457,8,1,1183.5,1,38.9,0.2,1,0,30.0,2,2025-05-31 11:00:00,0.39,1578.0,1635.4,57.4,On Time,1,1,4,1183.5,1,11,0,3
2458,9,8,1276.8,3,33.3,22.9,3,3,30.1,0,2025-03-10 16:00:00,0.32,1702.4,1878.6,176.2,Severe Delay,4,4,3,5107.2,16,16,0,3
2459,5,3,90.0,3,12.7,11.1,1,1,39.0,2,2025-04-01 14:00:00,0.21,120.0,179.6,59.6,On Time,1,4,1,90.0,4,14,0,2
2460,3,1,688.9,4,23.8,69.7,0,2,44.3,2,2025-01-04 06:00:00,0.5,918.5,1031.0,112.5,Slight Delay,3,3,2,2066.7,9,6,0,0
2461,3,0,1111.0,5,13.9,65.7,3,2,38.1,1,2025-09-11 10:00:00,0.49,1481.3,1635.4,154.1,Moderate Delay,4,5,2,4444.0,20,10,1,3
2462,2,3,544.2,1,34.7,4.3,0,2,1.6,2,2025-05-20 20:00:00,0.34,725.6,806.5,80.9,Slight Delay,3,1,2,1632.6000000000001,3,20,1,0
2463,1,9,959.0,4,40.1,17.5,2,2,12.9,2,2025-03-17 09:00:00,0.08,1278.7,1332.9,54.2,On Time,2,3,2,1918.0,6,9,1,0
2464,1,7,481.3,1,38.4,2.5,0,0,35.1,1,2025-09-03 16:00:00,0.27,641.7,731.8,90.1,Slight Delay,3,1,4,1443.9,3,16,0,1
2465,2,9,672.1,4,17.5,75.0,3,1,44.1,0,2025-10-11 17:00:00,0.12,896.1,1038.3,142.2,Moderate Delay,4,3,1,2688.4,12,17,1,0
2466,1,8,1419.3,4,43.8,31.0,2,3,44.0,2,2025-03-05 13:00:00,0.01,1892.4,1964.8,72.4,Slight Delay,2,3,3,2838.6,6,13,0,3
2467,0,4,1300.3,4,11.0,58.6,0,3,43.2,2,2025-01-17 19:00:00,0.4,1733.7,1867.6,133.9,Moderate Delay,3,3,3,3900.8999999999996,9,19,1,3
2468,6,4,519.1,2,13.5,0.0,0,3,43.3,1,2025-08-28 16:00:00,0.02,692.1,777.5,85.4,Slight Delay,3,2,3,1557.3000000000002,6,16,0,0
2469,1,6,1504.7,0,42.3,0.0,1,0,34.3,2,2025-03-20 20:00:00,0.11,2006.3,2092.3,86.0,Slight Delay,1,0,4,1504.7,0,20,1,3
2470,6,5,601.2,5,21.7,7.0,3,1,48.6,0,2025-08-13 18:00:00,0.49,801.6,981.0,179.4,Severe Delay,4,5,1,2404.8,20,18,1,0
2471,2,6,791.1,2,33.4,0.0,0,0,5.8,0,2025-03-28 06:00:00,0.29,1054.8,1168.3,113.5,Slight Delay,3,2,4,2373.3,6,6,0,0
2472,2,5,1348.5,5,35.4,61.6,3,0,2.3,2,2025-09-01 17:00:00,0.24,1798.0,2013.3,215.3,Severe Delay,4,5,4,5394.0,20,17,1,3
2473,7,5,167.0,0,36.2,0.0,1,2,3.6,2,2025-01-22 14:00:00,0.11,222.7,251.1,28.4,On Time,1,0,2,167.0,0,14,0,1
2474,4,2,620.7,0,22.4,0.0,3,0,30.9,0,2025-10-07 22:00:00,0.29,827.6,936.9,109.3,Slight Delay,4,0,4,2482.8,0,22,0,0
2475,1,4,1346.5,5,17.7,33.9,2,3,31.4,2,2025-06-06 06:00:00,0.02,1795.3,1928.9,133.6,Moderate Delay,2,5,3,2693.0,10,6,0,3
2476,7,1,496.7,5,37.1,14.2,1,2,13.3,0,2025-08-31 22:00:00,0.57,662.3,786.8,124.5,Moderate Delay,1,5,2,496.7,5,22,0,1
2477,6,5,1042.8,0,25.5,0.0,3,3,15.9,2,2025-05-23 14:00:00,0.5,1390.4,1527.2,136.8,Moderate Delay,4,0,3,4171.2,0,14,0,3
2478,6,8,1023.2,4,32.8,61.6,0,2,27.9,2,2025-09-30 12:00:00,0.56,1364.3,1532.4,168.1,Moderate Delay,3,3,2,3069.6000000000004,9,12,0,3
2479,0,4,1722.0,2,41.8,0.0,1,2,45.3,1,2025-11-14 12:00:00,0.5,2296.0,2415.7,119.7,Moderate Delay,1,2,2,1722.0,2,12,0,3
2480,9,5,1215.6,0,42.8,0.0,1,3,33.2,2,2025-11-26 09:00:00,0.47,1620.8,1682.3,61.5,On Time,1,0,3,1215.6,0,9,1,3
2481,1,5,1393.1,3,33.5,40.0,0,2,19.1,1,2025-10-18 19:00:00,0.33,1857.5,1983.5,126.0,Moderate Delay,3,4,2,4179.299999999999,12,19,1,3
2482,5,0,1769.8,5,29.5,52.0,2,1,4.0,0,2025-06-11 21:00:00,0.08,2359.7,2489.3,129.6,Moderate Delay,2,5,1,3539.6,10,21,0,3
2483,5,1,1945.2,3,15.2,34.6,1,3,33.4,0,2025-12-15 10:00:00,0.18,2593.6,2723.2,129.6,Moderate Delay,1,4,3,1945.2,4,10,1,3
2484,6,9,936.4,1,27.6,1.0,1,1,45.2,1,2025-11-03 18:00:00,0.45,1248.5,1267.6,19.1,On Time,1,1,1,936.4,1,18,1,0
2485,6,1,1996.9,4,30.2,9.4,2,0,39.1,1,2025-11-29 13:00:00,0.04,2662.5,2743.7,81.2,Slight Delay,2,3,4,3993.8,6,13,0,3
2486,5,9,1895.3,1,17.0,2.9,2,0,19.7,1,2025-02-22 10:00:00,0.46,2527.1,2592.2,65.1,On Time,2,1,4,3790.6,2,10,1,3
2487,3,5,1416.1,3,27.6,5.8,1,2,30.8,2,2025-10-18 12:00:00,0.55,1888.1,1981.9,93.8,Slight Delay,1,4,2,1416.1,4,12,0,3
2488,1,5,338.2,5,39.3,54.2,1,0,16.9,2,2025-03-16 09:00:00,0.31,450.9,578.1,127.2,Moderate Delay,1,5,4,338.2,5,9,1,1
2489,7,1,106.2,0,10.5,0.0,2,0,16.6,2,2025-01-02 06:00:00,0.04,141.6,175.1,33.5,On Time,2,0,4,212.4,0,6,0,1
2490,3,5,799.5,3,42.9,34.7,3,2,25.1,0,2025-02-28 07:00:00,0.15,1066.0,1220.1,154.1,Moderate Delay,4,4,2,3198.0,16,7,1,0
2491,7,5,1217.7,2,45.0,0.0,3,2,7.4,2,2025-01-06 08:00:00,0.25,1623.6,1734.8,111.2,Slight Delay,4,2,2,4870.8,8,8,1,3
2492,6,2,823.3,4,14.2,61.1,3,1,30.3,0,2025-02-01 13:00:00,0.22,1097.7,1223.7,126.0,Moderate Delay,4,3,1,3293.2,12,13,0,0
2493,0,6,444.4,4,33.9,79.2,2,1,1.2,1,2025-09-19 07:00:00,0.18,592.5,624.4,31.9,On Time,2,3,1,888.8,6,7,1,1
2494,9,6,1626.3,3,28.0,7.9,2,0,47.3,0,2025-06-08 19:00:00,0.05,2168.4,2296.2,127.8,Moderate Delay,2,4,4,3252.6,8,19,1,3
2495,5,4,1972.9,2,35.4,0.0,1,1,14.3,2,2025-04-12 06:00:00,0.42,2630.5,2707.0,76.5,Slight Delay,1,2,1,1972.9,2,6,0,3
2496,9,8,942.4,1,43.6,4.7,1,3,45.2,0,2025-06-18 18:00:00,0.55,1256.5,1306.5,50.0,On Time,1,1,3,942.4,1,18,1,0
2497,9,3,285.8,4,10.8,13.8,1,1,46.0,0,2025-08-10 18:00:00,0.4,381.1,443.4,62.3,On Time,1,3,1,285.8,3,18,1,1
2498,8,6,595.4,0,27.5,0.0,1,1,40.9,1,2025-07-21 17:00:00,0.09,793.9,798.3,4.4,On Time,1,0,1,595.4,0,17,1,0
2499,6,3,479.6,2,15.0,0.0,1,0,36.4,0,2025-01-01 20:00:00,0.03,639.5,695.3,55.8,On Time,1,2,4,479.6,2,20,1,1
2500,0,4,1448.6,0,21.8,0.0,3,3,9.8,1,2025-08-29 07:00:00,0.15,1931.5,2059.5,128.0,Moderate Delay,4,0,3,5794.4,0,7,1,3
2501,0,7,346.1,4,36.3,55.5,2,2,1.1,0,2025-10-08 12:00:00,0.04,461.5,512.4,50.9,On Time,2,3,2,692.2,6,12,0,1
2502,6,5,1245.8,1,35.4,1.4,3,2,29.7,2,2025-07-18 20:00:00,0.09,1661.1,1751.3,90.2,Slight Delay,4,1,2,4983.2,4,20,1,3
2503,7,5,1689.2,1,23.2,4.2,3,1,33.0,0,2025-09-28 21:00:00,0.31,2252.3,2397.3,145.0,Moderate Delay,4,1,1,6756.8,4,21,0,3
2504,5,3,872.8,4,40.5,67.8,1,3,47.1,1,2025-08-08 11:00:00,0.18,1163.7,1212.1,48.4,On Time,1,3,3,872.8,3,11,0,0
2505,4,0,1817.5,0,28.4,0.0,3,2,28.5,2,2025-12-21 13:00:00,0.11,2423.3,2572.9,149.6,Moderate Delay,4,0,2,7270.0,0,13,0,3
2506,1,7,104.4,0,31.3,0.0,2,2,26.4,1,2025-07-03 20:00:00,0.47,139.2,181.5,42.3,On Time,2,0,2,208.8,0,20,1,1
2507,0,5,337.0,1,28.9,1.6,3,1,26.6,0,2025-02-10 06:00:00,0.33,449.3,565.9,116.6,Moderate Delay,4,1,1,1348.0,4,6,0,1
2508,5,4,290.7,1,33.7,0.3,1,2,17.1,0,2025-06-21 22:00:00,0.51,387.6,425.6,38.0,On Time,1,1,2,290.7,1,22,0,1
2509,4,3,1959.8,3,34.3,50.1,3,2,20.7,0,2025-12-28 08:00:00,0.54,2613.1,2767.5,154.4,Moderate Delay,4,4,2,7839.2,16,8,1,3
2510,1,0,354.6,4,37.6,42.8,3,0,25.9,2,2025-02-19 10:00:00,0.22,472.8,615.7,142.9,Moderate Delay,4,3,4,1418.4,12,10,1,1
2511,6,3,1322.0,5,16.6,13.4,3,0,33.2,0,2025-05-17 11:00:00,0.41,1762.7,1976.5,213.8,Severe Delay,4,5,4,5288.0,20,11,0,3
2512,1,2,1509.4,5,38.4,13.3,3,3,2.5,1,2025-10-28 08:00:00,0.2,2012.5,2231.9,219.4,Severe Delay,4,5,3,6037.6,20,8,1,3
2513,9,7,1067.1,2,31.4,0.0,0,3,26.1,0,2025-03-09 09:00:00,0.53,1422.8,1548.3,125.5,Moderate Delay,3,2,3,3201.2999999999997,6,9,1,3
2514,0,4,234.3,2,28.8,0.0,0,3,41.1,0,2025-01-24 16:00:00,0.23,312.4,380.7,68.3,On Time,3,2,3,702.9000000000001,6,16,0,1
2515,8,5,543.9,1,41.3,0.5,1,0,20.9,2,2025-07-07 21:00:00,0.24,725.2,798.3,73.1,Slight Delay,1,1,4,543.9,1,21,0,0
2516,7,3,878.9,2,22.0,0.0,1,1,11.0,1,2025-07-24 13:00:00,0.36,1171.9,1255.3,83.4,Slight Delay,1,2,1,878.9,2,13,0,0
2517,4,9,714.0,4,23.3,39.7,1,2,36.1,2,2025-04-19 10:00:00,0.43,952.0,1031.1,79.1,Slight Delay,1,3,2,714.0,3,10,1,0
2518,6,0,1425.6,1,35.1,1.2,2,3,38.6,1,2025-05-24 06:00:00,0.01,1900.8,1973.8,73.0,Slight Delay,2,1,3,2851.2,2,6,0,3
2519,7,1,1387.5,3,11.3,21.8,2,0,31.0,1,2025-05-15 20:00:00,0.51,1850.0,1974.8,124.8,Moderate Delay,2,4,4,2775.0,8,20,1,3
2520,2,3,90.9,1,17.8,2.3,3,1,35.0,0,2025-10-05 17:00:00,0.13,121.2,216.3,95.1,Slight Delay,4,1,1,363.6,4,17,1,2
2521,7,0,1581.9,0,16.8,0.0,1,3,46.7,1,2025-11-25 07:00:00,0.19,2109.2,2186.6,77.4,Slight Delay,1,0,3,1581.9,0,7,1,3
2522,3,1,1471.4,5,28.7,10.5,0,1,42.2,1,2025-04-02 20:00:00,0.58,1961.9,2100.7,138.8,Moderate Delay,3,5,1,4414.200000000001,15,20,1,3
2523,3,1,1824.9,4,13.3,46.5,2,2,34.9,2,2025-01-23 17:00:00,0.17,2433.2,2520.6,87.4,Slight Delay,2,3,2,3649.8,6,17,1,3
2524,2,0,390.9,0,22.6,0.0,2,0,2.3,2,2025-01-17 20:00:00,0.17,521.2,562.7,41.5,On Time,2,0,4,781.8,0,20,1,1
2525,3,9,650.7,5,24.6,58.5,0,1,1.0,2,2025-09-05 14:00:00,0.17,867.6,982.1,114.5,Slight Delay,3,5,1,1952.1000000000001,15,14,0,0
2526,3,5,1726.7,5,23.1,33.1,0,3,38.0,1,2025-05-31 13:00:00,0.18,2302.3,2418.9,116.6,Moderate Delay,3,5,3,5180.1,15,13,0,3
2527,1,5,1485.2,3,28.0,10.4,3,0,22.3,0,2025-06-26 10:00:00,0.43,1980.3,2126.8,146.5,Moderate Delay,4,4,4,5940.8,16,10,1,3
2528,5,6,1415.5,4,23.1,14.9,3,1,12.2,0,2025-02-15 22:00:00,0.39,1887.3,2019.9,132.6,Moderate Delay,4,3,1,5662.0,12,22,0,3
2529,1,0,1655.1,1,35.1,3.2,0,1,45.9,2,2025-02-06 07:00:00,0.04,2206.8,2281.1,74.3,Slight Delay,3,1,1,4965.299999999999,3,7,1,3
2530,6,8,1857.5,0,23.7,0.0,2,3,2.6,1,2025-12-06 18:00:00,0.42,2476.7,2559.6,82.9,Slight Delay,2,0,3,3715.0,0,18,1,3
2531,2,1,1184.4,0,21.3,0.0,3,3,15.9,2,2025-07-04 20:00:00,0.07,1579.2,1713.5,134.3,Moderate Delay,4,0,3,4737.6,0,20,1,3
2532,6,5,981.4,1,16.5,3.5,0,0,27.6,0,2025-09-29 07:00:00,0.02,1308.5,1377.8,69.3,On Time,3,1,4,2944.2,3,7,1,0
2533,8,6,294.8,5,39.8,7.1,3,1,5.6,1,2025-08-08 20:00:00,0.07,393.1,548.6,155.5,Moderate Delay,4,5,1,1179.2,20,20,1,1
2534,2,5,97.4,1,10.5,1.8,0,3,10.1,1,2025-09-15 12:00:00,0.16,129.9,182.3,52.4,On Time,3,1,3,292.20000000000005,3,12,0,2
2535,0,6,1102.2,1,25.6,0.6,0,0,45.4,0,2025-11-19 15:00:00,0.34,1469.6,1564.2,94.6,Slight Delay,3,1,4,3306.6000000000004,3,15,0,3
2536,8,1,1065.4,5,13.6,15.2,1,3,40.8,0,2025-01-28 20:00:00,0.56,1420.5,1544.1,123.6,Moderate Delay,1,5,3,1065.4,5,20,1,3
2537,9,6,993.2,2,32.5,0.0,1,2,20.9,0,2025-08-18 16:00:00,0.21,1324.3,1385.7,61.4,On Time,1,2,2,993.2,2,16,0,0
2538,4,3,880.9,4,39.0,42.8,3,0,19.5,2,2025-10-17 11:00:00,0.1,1174.5,1346.4,171.9,Severe Delay,4,3,4,3523.6,12,11,0,0
2539,7,3,1626.5,5,42.2,50.0,0,3,36.7,2,2025-01-22 21:00:00,0.03,2168.7,2349.7,181.0,Severe Delay,3,5,3,4879.5,15,21,0,3
2540,6,7,1704.0,2,32.5,0.0,1,0,41.7,2,2025-02-12 09:00:00,0.42,2272.0,2363.8,91.8,Slight Delay,1,2,4,1704.0,2,9,1,3
2541,9,5,642.8,3,21.3,17.7,1,1,15.0,2,2025-06-18 15:00:00,0.01,857.1,909.6,52.5,On Time,1,4,1,642.8,4,15,0,0
2542,9,8,130.0,0,33.7,0.0,2,0,32.6,1,2025-01-13 18:00:00,0.48,173.3,250.1,76.8,Slight Delay,2,0,4,260.0,0,18,1,1
2543,5,4,1552.7,1,20.4,0.4,0,3,9.2,1,2025-02-12 11:00:00,0.06,2070.3,2161.4,91.1,Slight Delay,3,1,3,4658.1,3,11,0,3
2544,7,1,1606.2,2,42.0,0.0,2,0,18.0,0,2025-06-10 17:00:00,0.42,2141.6,2246.5,104.9,Slight Delay,2,2,4,3212.4,4,17,1,3
2545,7,3,1429.5,1,32.4,2.4,3,1,33.9,2,2025-06-13 09:00:00,0.46,1906.0,2079.7,173.7,Severe Delay,4,1,1,5718.0,4,9,1,3
2546,4,2,1236.6,2,25.4,0.0,2,3,1.8,1,2025-12-18 14:00:00,0.2,1648.8,1733.5,84.7,Slight Delay,2,2,3,2473.2,4,14,0,3
2547,9,4,748.5,0,44.7,0.0,3,3,43.2,2,2025-09-10 09:00:00,0.26,998.0,1123.5,125.5,Moderate Delay,4,0,3,2994.0,0,9,1,0
2548,9,2,1576.7,1,19.6,1.5,3,1,3.9,0,2025-12-29 17:00:00,0.17,2102.3,2228.0,125.7,Moderate Delay,4,1,1,6306.8,4,17,1,3
2549,7,6,693.1,2,20.1,0.0,1,1,5.7,2,2025-07-21 15:00:00,0.22,924.1,976.6,52.5,On Time,1,2,1,693.1,2,15,0,0
2550,5,2,230.8,4,20.8,46.4,1,0,49.4,1,2025-10-24 09:00:00,0.48,307.7,375.4,67.7,On Time,1,3,4,230.8,3,9,1,1
2551,7,4,1147.2,4,33.4,60.9,2,1,7.1,2,2025-08-08 07:00:00,0.12,1529.6,1590.9,61.3,On Time,2,3,1,2294.4,6,7,1,3
2552,0,6,1862.0,0,20.0,0.0,1,3,23.8,1,2025-11-11 09:00:00,0.11,2482.7,2531.6,48.9,On Time,1,0,3,1862.0,0,9,1,3
2553,2,8,164.5,5,36.5,24.2,2,3,9.2,0,2025-05-05 17:00:00,0.36,219.3,348.8,129.5,Moderate Delay,2,5,3,329.0,10,17,1,1
2554,5,4,75.0,1,21.9,2.6,1,3,26.1,0,2025-02-06 07:00:00,0.12,100.0,106.7,6.7,On Time,1,1,3,75.0,1,7,1,2
2555,7,9,430.9,3,32.2,36.9,1,1,1.3,0,2025-10-20 19:00:00,0.02,574.5,623.3,48.8,On Time,1,4,1,430.9,4,19,1,1
2556,0,7,1579.0,0,36.4,0.0,3,2,46.1,0,2025-05-15 07:00:00,0.13,2105.3,2252.4,147.1,Moderate Delay,4,0,2,6316.0,0,7,1,3
2557,2,0,1262.7,5,23.3,64.4,0,0,15.6,1,2025-04-22 12:00:00,0.11,1683.6,1850.8,167.2,Moderate Delay,3,5,4,3788.1000000000004,15,12,0,3
2558,5,6,432.8,4,23.5,69.3,0,0,11.2,2,2025-01-02 18:00:00,0.49,577.1,654.2,77.1,Slight Delay,3,3,4,1298.4,9,18,1,1
2559,9,0,1315.2,3,34.5,30.9,2,3,24.0,0,2025-01-05 12:00:00,0.24,1753.6,1875.5,121.9,Moderate Delay,2,4,3,2630.4,8,12,0,3
2560,1,8,1765.9,0,20.1,0.0,1,2,23.0,2,2025-07-14 16:00:00,0.45,2354.5,2439.0,84.5,Slight Delay,1,0,2,1765.9,0,16,0,3
2561,6,1,971.4,3,41.7,65.2,2,3,12.5,2,2025-08-24 14:00:00,0.19,1295.2,1426.2,131.0,Moderate Delay,2,4,3,1942.8,8,14,0,0
2562,1,7,1221.3,2,26.8,0.0,2,0,47.2,2,2025-04-24 15:00:00,0.01,1628.4,1714.8,86.4,Slight Delay,2,2,4,2442.6,4,15,0,3
2563,4,3,585.0,0,16.6,0.0,1,1,8.8,1,2025-01-21 19:00:00,0.44,780.0,824.9,44.9,On Time,1,0,1,585.0,0,19,1,0
2564,7,8,1653.2,1,13.3,3.6,1,2,16.5,1,2025-05-10 13:00:00,0.07,2204.3,2215.4,11.1,On Time,1,1,2,1653.2,1,13,0,3
2565,7,2,1051.6,0,30.6,0.0,1,2,36.6,0,2025-08-16 13:00:00,0.16,1402.1,1441.4,39.3,On Time,1,0,2,1051.6,0,13,0,3
2566,1,7,193.2,4,44.6,22.2,0,2,32.0,0,2025-10-16 20:00:00,0.17,257.6,330.7,73.1,Slight Delay,3,3,2,579.5999999999999,9,20,1,1
2567,4,1,1684.0,0,33.8,0.0,2,2,3.8,0,2025-03-27 18:00:00,0.13,2245.3,2304.9,59.6,On Time,2,0,2,3368.0,0,18,1,3
2568,7,6,757.7,1,14.9,2.7,3,0,19.7,2,2025-12-22 10:00:00,0.44,1010.3,1137.9,127.6,Moderate Delay,4,1,4,3030.8,4,10,1,0
2569,9,4,80.2,4,39.7,29.5,2,1,34.2,0,2025-08-25 20:00:00,0.57,106.9,171.3,64.4,On Time,2,3,1,160.4,6,20,1,2
2570,7,2,1693.2,0,35.0,0.0,3,1,14.5,2,2025-06-26 11:00:00,0.36,2257.6,2375.2,117.6,Moderate Delay,4,0,1,6772.8,0,11,0,3
2571,2,5,685.7,0,22.0,0.0,2,0,24.1,0,2025-12-25 11:00:00,0.6,914.3,956.2,41.9,On Time,2,0,4,1371.4,0,11,0,0
2572,3,2,387.4,0,37.4,0.0,0,1,6.9,1,2025-10-21 21:00:00,0.55,516.5,555.4,38.9,On Time,3,0,1,1162.1999999999998,0,21,0,1
2573,7,8,582.9,5,35.5,41.4,1,2,7.1,2,2025-02-27 22:00:00,0.06,777.2,871.2,94.0,Slight Delay,1,5,2,582.9,5,22,0,0
2574,8,2,1671.1,5,15.2,51.3,0,3,47.8,1,2025-10-09 08:00:00,0.5,2228.1,2400.6,172.5,Severe Delay,3,5,3,5013.299999999999,15,8,1,3
2575,5,4,485.3,5,33.4,68.1,3,2,12.1,2,2025-12-27 09:00:00,0.11,647.1,798.4,151.3,Moderate Delay,4,5,2,1941.2,20,9,1,1
2576,8,5,1565.6,5,31.4,43.5,1,1,29.8,0,2025-05-02 21:00:00,0.06,2087.5,2173.1,85.6,Slight Delay,1,5,1,1565.6,5,21,0,3
2577,0,2,1089.0,0,30.1,0.0,3,0,29.1,1,2025-10-25 21:00:00,0.51,1452.0,1582.4,130.4,Moderate Delay,4,0,4,4356.0,0,21,0,3
2578,1,5,41.4,4,15.4,78.9,0,3,16.3,2,2025-12-03 09:00:00,0.07,55.2,128.6,73.4,Slight Delay,3,3,3,124.19999999999999,9,9,1,2
2579,0,1,1048.2,1,14.9,2.1,3,0,30.1,2,2025-01-28 11:00:00,0.04,1397.6,1505.0,107.4,Slight Delay,4,1,4,4192.8,4,11,0,3
2580,0,2,585.7,5,17.3,45.5,0,0,23.3,1,2025-04-28 10:00:00,0.2,780.9,935.4,154.5,Moderate Delay,3,5,4,1757.1000000000001,15,10,1,0
2581,1,7,749.1,4,40.3,10.6,1,3,19.0,0,2025-09-07 14:00:00,0.2,998.8,1058.4,59.6,On Time,1,3,3,749.1,3,14,0,0
2582,2,1,1978.7,2,25.8,0.0,1,1,6.7,0,2025-07-04 12:00:00,0.13,2638.3,2699.2,60.9,On Time,1,2,1,1978.7,2,12,0,3
2583,7,2,666.9,2,12.5,0.0,1,0,44.5,2,2025-11-21 12:00:00,0.12,889.2,957.9,68.7,On Time,1,2,4,666.9,2,12,0,0
2584,7,4,499.6,2,33.9,0.0,2,0,10.2,2,2025-03-08 20:00:00,0.38,666.1,765.2,99.1,Slight Delay,2,2,4,999.2,4,20,1,1
2585,9,4,904.2,1,17.6,1.8,1,0,24.9,0,2025-04-10 07:00:00,0.05,1205.6,1233.0,27.4,On Time,1,1,4,904.2,1,7,1,0
2586,1,5,1472.1,0,35.3,0.0,3,3,27.8,2,2025-07-28 14:00:00,0.14,1962.8,2090.4,127.6,Moderate Delay,4,0,3,5888.4,0,14,0,3
2587,8,2,1665.1,0,21.6,0.0,1,3,12.1,1,2025-11-01 13:00:00,0.5,2220.1,2299.7,79.6,Slight Delay,1,0,3,1665.1,0,13,0,3
2588,9,0,1185.0,3,23.3,61.2,0,2,21.7,1,2025-02-19 13:00:00,0.41,1580.0,1723.0,143.0,Moderate Delay,3,4,2,3555.0,12,13,0,3
2589,1,3,772.6,2,12.3,0.0,1,0,49.4,1,2025-02-15 19:00:00,0.37,1030.1,1115.7,85.6,Slight Delay,1,2,4,772.6,2,19,1,0
2590,3,0,389.5,4,14.4,49.1,3,1,25.6,2,2025-10-26 22:00:00,0.42,519.3,654.6,135.3,Moderate Delay,4,3,1,1558.0,12,22,0,1
2591,2,3,1841.1,0,32.5,0.0,0,0,20.2,1,2025-10-05 14:00:00,0.16,2454.8,2541.1,86.3,Slight Delay,3,0,4,5523.299999999999,0,14,0,3
2592,3,9,1670.1,3,17.1,23.6,2,0,10.0,1,2025-02-11 12:00:00,0.09,2226.8,2365.7,138.9,Moderate Delay,2,4,4,3340.2,8,12,0,3
2593,3,9,31.7,3,31.0,43.1,1,1,24.1,0,2025-07-27 17:00:00,0.04,42.3,70.0,27.7,On Time,1,4,1,31.7,4,17,1,2
2594,8,9,1957.9,3,42.6,48.1,1,2,49.1,2,2025-12-25 18:00:00,0.59,2610.5,2722.6,112.1,Slight Delay,1,4,2,1957.9,4,18,1,3
2595,1,3,1385.0,5,17.2,30.5,3,3,11.8,0,2025-01-31 15:00:00,0.15,1846.7,2025.6,178.9,Severe Delay,4,5,3,5540.0,20,15,0,3
2596,5,6,307.1,4,13.5,37.9,0,1,28.4,0,2025-08-09 18:00:00,0.18,409.5,475.1,65.6,On Time,3,3,1,921.3000000000001,9,18,1,1
2597,2,4,484.4,5,38.3,67.5,2,0,6.0,1,2025-08-02 17:00:00,0.58,645.9,783.2,137.3,Moderate Delay,2,5,4,968.8,10,17,1,1
2598,7,4,1655.4,2,22.7,0.0,3,0,17.7,0,2025-04-08 10:00:00,0.28,2207.2,2379.0,171.8,Severe Delay,4,2,4,6621.6,8,10,1,3
2599,1,9,1438.5,1,15.8,1.3,3,1,21.6,2,2025-06-01 10:00:00,0.53,1918.0,2094.8,176.8,Severe Delay,4,1,1,5754.0,4,10,1,3
2600,6,2,1686.1,3,33.5,53.1,2,3,47.5,1,2025-10-12 16:00:00,0.23,2248.1,2383.3,135.2,Moderate Delay,2,4,3,3372.2,8,16,0,3
2601,6,1,334.6,0,30.5,0.0,1,2,10.2,1,2025-12-18 09:00:00,0.27,446.1,446.4,0.3,On Time,1,0,2,334.6,0,9,1,1
2602,5,8,191.5,1,10.1,4.5,2,3,11.3,1,2025-02-13 18:00:00,0.26,255.3,288.7,33.4,On Time,2,1,3,383.0,2,18,1,1
2603,6,2,1402.8,1,36.6,2.3,0,0,9.2,2,2025-05-25 20:00:00,0.28,1870.4,1969.1,98.7,Slight Delay,3,1,4,4208.4,3,20,1,3
2604,1,8,1539.9,2,24.3,0.0,1,3,9.5,1,2025-05-01 13:00:00,0.28,2053.2,2129.0,75.8,Slight Delay,1,2,3,1539.9,2,13,0,3
2605,2,4,242.3,1,23.7,3.7,1,0,11.6,2,2025-02-10 17:00:00,0.35,323.1,365.7,42.6,On Time,1,1,4,242.3,1,17,1,1
2606,0,9,257.6,3,17.1,17.7,1,3,5.0,1,2025-05-17 17:00:00,0.48,343.5,421.5,78.0,Slight Delay,1,4,3,257.6,4,17,1,1
2607,9,8,562.6,2,18.4,0.0,0,2,25.2,0,2025-08-21 18:00:00,0.17,750.1,853.0,102.9,Slight Delay,3,2,2,1687.8000000000002,6,18,1,0
2608,5,6,413.8,2,13.0,0.0,0,0,26.6,0,2025-05-03 19:00:00,0.2,551.7,649.6,97.9,Slight Delay,3,2,4,1241.4,6,19,1,1
2609,4,0,1027.6,4,29.7,57.1,3,2,25.1,1,2025-11-01 22:00:00,0.29,1370.1,1489.1,119.0,Moderate Delay,4,3,2,4110.4,12,22,0,3
2610,8,3,1181.5,3,37.3,65.7,2,3,41.3,2,2025-02-10 11:00:00,0.33,1575.3,1678.4,103.1,Slight Delay,2,4,3,2363.0,8,11,0,3
2611,4,6,1007.0,4,31.1,7.4,1,1,2.1,1,2025-06-20 15:00:00,0.43,1342.7,1431.1,88.4,Slight Delay,1,3,1,1007.0,3,15,0,3
2612,0,3,252.2,4,23.5,60.0,2,2,31.3,1,2025-03-15 16:00:00,0.29,336.3,381.5,45.2,On Time,2,3,2,504.4,6,16,0,1
2613,4,9,758.0,3,11.4,22.4,0,2,44.5,2,2025-02-27 13:00:00,0.49,1010.7,1164.8,154.1,Moderate Delay,3,4,2,2274.0,12,13,0,0
2614,7,0,1409.8,4,21.5,67.3,2,0,24.6,0,2025-10-29 09:00:00,0.1,1879.7,1969.7,90.0,Slight Delay,2,3,4,2819.6,6,9,1,3
2615,6,1,299.9,3,13.3,30.9,1,3,42.8,2,2025-12-08 14:00:00,0.58,399.9,486.9,87.0,Slight Delay,1,4,3,299.9,4,14,0,1
2616,0,2,1796.8,1,18.3,0.4,2,2,8.4,2,2025-06-04 16:00:00,0.5,2395.7,2511.2,115.5,Moderate Delay,2,1,2,3593.6,2,16,0,3
2617,6,2,858.5,2,38.1,0.0,1,2,5.5,1,2025-07-31 13:00:00,0.38,1144.7,1208.4,63.7,On Time,1,2,2,858.5,2,13,0,0
2618,9,2,285.8,0,39.3,0.0,1,1,37.6,1,2025-11-27 09:00:00,0.23,381.1,394.9,13.8,On Time,1,0,1,285.8,0,9,1,1
2619,9,5,758.1,4,36.1,37.1,2,0,42.1,2,2025-02-10 17:00:00,0.32,1010.8,1108.6,97.8,Slight Delay,2,3,4,1516.2,6,17,1,0
2620,0,9,1575.7,0,17.7,0.0,0,3,41.4,2,2025-04-18 17:00:00,0.07,2100.9,2211.9,111.0,Slight Delay,3,0,3,4727.1,0,17,1,3
2621,6,1,1017.5,3,20.8,35.4,3,3,48.4,0,2025-12-15 21:00:00,0.12,1356.7,1502.8,146.1,Moderate Delay,4,4,3,4070.0,16,21,0,3
2622,7,1,1042.7,3,11.3,76.7,2,0,9.1,1,2025-12-13 06:00:00,0.32,1390.3,1498.6,108.3,Slight Delay,2,4,4,2085.4,8,6,0,3
2623,0,8,1009.2,4,37.7,38.2,2,0,8.7,0,2025-08-25 20:00:00,0.19,1345.6,1417.0,71.4,Slight Delay,2,3,4,2018.4,6,20,1,3
2624,1,9,373.2,3,39.2,63.3,0,2,37.9,2,2025-04-10 20:00:00,0.49,497.6,602.4,104.8,Slight Delay,3,4,2,1119.6,12,20,1,1
2625,7,1,1417.1,4,44.0,8.3,1,1,5.1,1,2025-12-25 17:00:00,0.07,1889.5,1921.7,32.2,On Time,1,3,1,1417.1,3,17,1,3
2626,1,0,719.4,5,36.5,63.5,1,1,1.2,0,2025-06-16 22:00:00,0.09,959.2,1049.9,90.7,Slight Delay,1,5,1,719.4,5,22,0,0
2627,7,3,400.3,0,29.7,0.0,2,2,18.7,1,2025-04-02 10:00:00,0.3,533.7,564.1,30.4,On Time,2,0,2,800.6,0,10,1,1
2628,3,4,251.8,1,29.6,1.5,0,2,49.9,1,2025-04-10 09:00:00,0.24,335.7,397.0,61.3,On Time,3,1,2,755.4000000000001,3,9,1,1
2629,8,7,918.0,5,37.9,21.2,0,0,45.3,1,2025-12-21 09:00:00,0.47,1224.0,1368.9,144.9,Moderate Delay,3,5,4,2754.0,15,9,1,0
2630,2,9,236.4,5,19.0,67.8,1,2,31.0,2,2025-01-18 12:00:00,0.14,315.2,422.9,107.7,Slight Delay,1,5,2,236.4,5,12,0,1
2631,3,6,1012.8,3,23.1,21.8,0,3,28.1,1,2025-03-20 22:00:00,0.53,1350.4,1524.1,173.7,Severe Delay,3,4,3,3038.3999999999996,12,22,0,3
2632,8,1,458.9,2,15.0,0.0,1,0,48.9,1,2025-11-20 21:00:00,0.03,611.9,677.3,65.4,On Time,1,2,4,458.9,2,21,0,1
2633,2,8,1812.3,1,23.8,2.8,0,3,44.7,1,2025-12-16 12:00:00,0.6,2416.4,2541.4,125.0,Moderate Delay,3,1,3,5436.9,3,12,0,3
2634,2,1,574.2,1,32.4,1.6,2,2,22.8,2,2025-12-25 12:00:00,0.23,765.6,827.6,62.0,On Time,2,1,2,1148.4,2,12,0,0
2635,0,1,1137.8,0,42.3,0.0,0,3,5.5,0,2025-12-20 13:00:00,0.13,1517.1,1593.7,76.6,Slight Delay,3,0,3,3413.3999999999996,0,13,0,3
2636,4,2,90.1,1,19.9,3.2,2,2,10.4,0,2025-02-14 22:00:00,0.5,120.1,185.3,65.2,On Time,2,1,2,180.2,2,22,0,2
2637,4,7,1329.6,3,30.1,30.1,3,1,17.5,2,2025-10-10 20:00:00,0.24,1772.8,1926.3,153.5,Moderate Delay,4,4,1,5318.4,16,20,1,3
2638,7,5,189.7,1,19.4,1.6,3,2,27.6,2,2025-09-16 11:00:00,0.46,252.9,405.8,152.9,Moderate Delay,4,1,2,758.8,4,11,0,1
2639,2,9,1241.1,0,30.9,0.0,1,1,6.9,0,2025-03-05 10:00:00,0.43,1654.8,1715.2,60.4,On Time,1,0,1,1241.1,0,10,1,3
2640,8,3,1755.7,4,39.4,64.0,2,0,1.2,1,2025-02-15 21:00:00,0.55,2340.9,2450.0,109.1,Slight Delay,2,3,4,3511.4,6,21,0,3
2641,8,6,1287.8,5,24.6,55.9,0,2,27.7,0,2025-04-13 16:00:00,0.17,1717.1,1839.8,122.7,Moderate Delay,3,5,2,3863.3999999999996,15,16,0,3
2642,9,6,1041.1,1,32.6,4.8,2,0,41.7,2,2025-12-20 10:00:00,0.43,1388.1,1466.0,77.9,Slight Delay,2,1,4,2082.2,2,10,1,3
2643,1,2,780.4,2,26.2,0.0,1,1,14.0,1,2025-05-30 14:00:00,0.16,1040.5,1086.3,45.8,On Time,1,2,1,780.4,2,14,0,0
2644,1,8,1547.5,5,27.5,31.5,2,0,46.7,2,2025-07-01 18:00:00,0.03,2063.3,2179.9,116.6,Moderate Delay,2,5,4,3095.0,10,18,1,3
2645,7,9,1126.3,1,27.0,2.1,0,0,26.2,0,2025-12-02 07:00:00,0.1,1501.7,1604.9,103.2,Slight Delay,3,1,4,3378.8999999999996,3,7,1,3
2646,8,2,627.9,2,13.4,0.0,3,0,44.9,2,2025-11-28 09:00:00,0.36,837.2,1017.7,180.5,Severe Delay,4,2,4,2511.6,8,9,1,0
2647,0,7,1782.4,4,20.7,15.3,3,2,4.9,0,2025-02-23 13:00:00,0.43,2376.5,2555.8,179.3,Severe Delay,4,3,2,7129.6,12,13,0,3
2648,7,0,638.4,2,43.5,0.0,0,0,7.9,1,2025-06-06 09:00:00,0.46,851.2,959.2,108.0,Slight Delay,3,2,4,1915.1999999999998,6,9,1,0
2649,0,4,1194.1,1,31.1,4.5,1,1,23.6,2,2025-07-17 11:00:00,0.04,1592.1,1628.3,36.2,On Time,1,1,1,1194.1,1,11,0,3
2650,8,7,484.8,5,30.6,77.1,0,2,5.6,2,2025-10-20 21:00:00,0.07,646.4,792.2,145.8,Moderate Delay,3,5,2,1454.4,15,21,0,1
2651,4,9,1853.0,0,17.0,0.0,0,3,4.5,0,2025-01-24 17:00:00,0.2,2470.7,2571.1,100.4,Slight Delay,3,0,3,5559.0,0,17,1,3
2652,4,6,1948.6,5,38.7,10.5,1,0,22.7,1,2025-12-04 08:00:00,0.38,2598.1,2707.0,108.9,Slight Delay,1,5,4,1948.6,5,8,1,3
2653,4,3,1522.7,3,21.3,23.3,0,1,37.0,2,2025-10-17 16:00:00,0.44,2030.3,2159.7,129.4,Moderate Delay,3,4,1,4568.1,12,16,0,3
2654,4,9,948.1,4,32.9,45.5,1,1,30.6,1,2025-07-12 12:00:00,0.33,1264.1,1324.5,60.4,On Time,1,3,1,948.1,3,12,0,0
2655,5,4,864.7,3,44.1,13.1,3,3,10.7,2,2025-01-31 21:00:00,0.2,1152.9,1316.3,163.4,Moderate Delay,4,4,3,3458.8,16,21,0,0
2656,7,2,1601.0,0,16.4,0.0,0,0,28.5,0,2025-03-23 06:00:00,0.02,2134.7,2222.2,87.5,Slight Delay,3,0,4,4803.0,0,6,0,3
2657,3,0,412.1,0,23.8,0.0,2,1,24.6,2,2025-06-07 08:00:00,0.21,549.5,588.8,39.3,On Time,2,0,1,824.2,0,8,1,1
2658,2,6,1234.7,2,22.5,0.0,3,2,6.3,0,2025-09-30 20:00:00,0.27,1646.3,1834.6,188.3,Severe Delay,4,2,2,4938.8,8,20,1,3
2659,8,7,681.3,5,15.0,26.1,3,0,45.0,2,2025-03-26 19:00:00,0.1,908.4,1085.2,176.8,Severe Delay,4,5,4,2725.2,20,19,1,0
2660,9,0,986.2,1,37.4,4.1,1,0,43.3,2,2025-08-13 18:00:00,0.34,1314.9,1386.4,71.5,Slight Delay,1,1,4,986.2,1,18,1,0
2661,7,0,165.7,4,22.3,51.8,3,2,10.0,0,2025-05-02 12:00:00,0.09,220.9,316.6,95.7,Slight Delay,4,3,2,662.8,12,12,0,1
2662,5,6,59.4,1,18.2,4.7,1,1,19.6,1,2025-07-15 16:00:00,0.56,79.2,126.0,46.8,On Time,1,1,1,59.4,1,16,0,2
2663,6,2,1960.1,0,43.4,0.0,0,0,42.7,2,2025-03-05 10:00:00,0.51,2613.5,2751.1,137.6,Moderate Delay,3,0,4,5880.299999999999,0,10,1,3
2664,7,2,1681.3,0,26.6,0.0,1,3,36.0,2,2025-06-28 21:00:00,0.59,2241.7,2352.4,110.7,Slight Delay,1,0,3,1681.3,0,21,0,3
2665,8,6,831.1,4,24.7,44.5,3,3,1.4,0,2025-01-04 07:00:00,0.3,1108.1,1277.4,169.3,Severe Delay,4,3,3,3324.4,12,7,1,0
2666,7,2,1186.9,3,19.8,32.5,3,2,5.0,0,2025-06-08 19:00:00,0.47,1582.5,1773.5,191.0,Severe Delay,4,4,2,4747.6,16,19,1,3
2667,9,8,1607.7,4,17.4,34.9,3,2,6.9,0,2025-02-15 19:00:00,0.05,2143.6,2279.5,135.9,Moderate Delay,4,3,2,6430.8,12,19,1,3
2668,2,9,1343.6,4,32.4,15.8,3,1,31.9,0,2025-06-19 07:00:00,0.24,1791.5,1927.3,135.8,Moderate Delay,4,3,1,5374.4,12,7,1,3
2669,7,9,440.0,1,20.3,3.5,0,3,34.3,1,2025-04-23 21:00:00,0.48,586.7,659.8,73.1,Slight Delay,3,1,3,1320.0,3,21,0,1
2670,2,7,1917.2,5,41.2,79.6,3,3,21.1,1,2025-08-07 11:00:00,0.03,2556.3,2733.3,177.0,Severe Delay,4,5,3,7668.8,20,11,0,3
2671,9,0,960.4,0,17.3,0.0,1,3,5.0,2,2025-10-19 18:00:00,0.25,1280.5,1328.4,47.9,On Time,1,0,3,960.4,0,18,1,0
2672,2,8,1183.1,1,43.5,2.9,1,3,8.4,1,2025-08-27 06:00:00,0.31,1577.5,1615.9,38.4,On Time,1,1,3,1183.1,1,6,0,3
2673,1,8,1493.2,4,30.8,10.9,1,0,44.5,1,2025-03-24 20:00:00,0.37,1990.9,2084.8,93.9,Slight Delay,1,3,4,1493.2,3,20,1,3
2674,8,2,1740.1,3,13.5,22.9,0,0,1.7,2,2025-06-10 15:00:00,0.03,2320.1,2444.2,124.1,Moderate Delay,3,4,4,5220.299999999999,12,15,0,3
2675,0,5,1000.0,5,25.0,5.9,0,2,28.6,0,2025-05-25 19:00:00,0.07,1333.3,1473.1,139.8,Moderate Delay,3,5,2,3000.0,15,19,1,0
2676,8,2,1728.8,4,10.4,18.6,0,3,30.7,0,2025-04-24 15:00:00,0.49,2305.1,2421.0,115.9,Moderate Delay,3,3,3,5186.4,9,15,0,3
2677,6,3,1631.5,4,44.7,7.2,1,2,33.2,1,2025-11-05 13:00:00,0.25,2175.3,2226.1,50.8,On Time,1,3,2,1631.5,3,13,0,3
2678,5,2,731.2,2,29.3,0.0,0,3,12.3,1,2025-08-19 15:00:00,0.38,974.9,1068.2,93.3,Slight Delay,3,2,3,2193.6000000000004,6,15,0,0
2679,2,4,744.0,3,32.5,7.1,0,1,18.8,1,2025-12-13 11:00:00,0.32,992.0,1071.6,79.6,Slight Delay,3,4,1,2232.0,12,11,0,0
2680,1,6,1154.3,0,40.9,0.0,0,2,26.3,2,2025-11-06 21:00:00,0.4,1539.1,1626.4,87.3,Slight Delay,3,0,2,3462.8999999999996,0,21,0,3
2681,2,5,397.6,2,22.9,0.0,0,1,42.8,2,2025-03-22 09:00:00,0.44,530.1,638.2,108.1,Slight Delay,3,2,1,1192.8000000000002,6,9,1,1
2682,7,0,1302.3,1,34.1,3.8,1,0,10.8,2,2025-09-03 07:00:00,0.37,1736.4,1815.3,78.9,Slight Delay,1,1,4,1302.3,1,7,1,3
2683,9,4,1485.5,4,19.9,47.8,0,0,3.4,0,2025-11-19 19:00:00,0.58,1980.7,2087.9,107.2,Slight Delay,3,3,4,4456.5,9,19,1,3
2684,4,8,535.2,3,32.0,8.2,2,0,19.6,2,2025-05-06 06:00:00,0.18,713.6,813.0,99.4,Slight Delay,2,4,4,1070.4,8,6,0,0
2685,7,4,1427.3,4,42.7,75.7,3,3,27.8,0,2025-02-02 10:00:00,0.3,1903.1,2064.9,161.8,Moderate Delay,4,3,3,5709.2,12,10,1,3
2686,5,2,1615.9,5,13.5,39.2,1,1,21.7,2,2025-07-02 09:00:00,0.04,2154.5,2245.4,90.9,Slight Delay,1,5,1,1615.9,5,9,1,3
2687,1,3,1958.3,1,28.6,2.6,3,3,14.6,0,2025-07-02 22:00:00,0.6,2611.1,2756.5,145.4,Moderate Delay,4,1,3,7833.2,4,22,0,3
2688,5,8,1152.9,1,20.0,4.1,0,3,0.7,1,2025-12-13 21:00:00,0.2,1537.2,1647.6,110.4,Slight Delay,3,1,3,3458.7000000000003,3,21,0,3
2689,7,5,1750.9,3,11.8,36.8,1,0,9.5,2,2025-05-14 17:00:00,0.01,2334.5,2439.2,104.7,Slight Delay,1,4,4,1750.9,4,17,1,3
2690,0,6,244.2,1,30.4,1.6,0,3,19.5,0,2025-07-18 13:00:00,0.26,325.6,418.6,93.0,Slight Delay,3,1,3,732.5999999999999,3,13,0,1
2691,3,1,1878.2,1,11.4,0.1,0,1,21.5,2,2025-06-01 11:00:00,0.35,2504.3,2601.7,97.4,Slight Delay,3,1,1,5634.6,3,11,0,3
2692,2,9,737.9,1,33.9,0.6,2,1,23.7,2,2025-04-10 15:00:00,0.1,983.9,1032.2,48.3,On Time,2,1,1,1475.8,2,15,0,0
2693,9,6,314.4,1,10.9,4.0,0,2,0.6,2,2025-12-02 09:00:00,0.21,419.2,491.5,72.3,Slight Delay,3,1,2,943.1999999999999,3,9,1,1
2694,7,4,444.9,1,29.1,3.4,3,2,3.1,1,2025-12-21 18:00:00,0.04,593.2,716.7,123.5,Moderate Delay,4,1,2,1779.6,4,18,1,1
2695,0,7,1463.1,0,30.3,0.0,0,0,16.3,1,2025-05-24 18:00:00,0.12,1950.8,2024.4,73.6,Slight Delay,3,0,4,4389.299999999999,0,18,1,3
2696,5,7,972.4,1,36.1,2.4,1,2,18.4,0,2025-05-27 08:00:00,0.28,1296.5,1345.5,49.0,On Time,1,1,2,972.4,1,8,1,0
2697,9,6,1763.1,1,43.4,2.9,1,3,37.8,2,2025-06-13 07:00:00,0.31,2350.8,2435.1,84.3,Slight Delay,1,1,3,1763.1,1,7,1,3
2698,1,6,438.0,5,26.3,78.5,0,1,28.0,2,2025-03-24 14:00:00,0.56,584.0,763.4,179.4,Severe Delay,3,5,1,1314.0,15,14,0,1
2699,8,9,876.5,4,38.0,62.0,2,2,16.0,0,2025-03-23 12:00:00,0.42,1168.7,1243.4,74.7,Slight Delay,2,3,2,1753.0,6,12,0,0
2700,2,1,444.9,5,29.1,16.1,2,0,41.0,2,2025-03-11 06:00:00,0.14,593.2,711.0,117.8,Moderate Delay,2,5,4,889.8,10,6,0,1
2701,1,8,1541.9,3,35.0,67.1,1,0,5.5,2,2025-01-06 13:00:00,0.41,2055.9,2164.2,108.3,Slight Delay,1,4,4,1541.9,4,13,0,3
2702,7,6,262.1,1,13.4,1.9,0,2,49.6,0,2025-08-14 08:00:00,0.34,349.5,416.3,66.8,On Time,3,1,2,786.3000000000001,3,8,1,1
2703,3,9,148.8,3,27.3,79.5,0,1,19.7,0,2025-08-07 10:00:00,0.36,198.4,282.9,84.5,Slight Delay,3,4,1,446.40000000000003,12,10,1,1
2704,9,4,187.1,4,38.7,30.6,2,1,42.5,2,2025-05-23 17:00:00,0.6,249.5,306.3,56.8,On Time,2,3,1,374.2,6,17,1,1
2705,2,7,535.6,0,17.2,0.0,2,0,18.1,1,2025-10-25 14:00:00,0.04,714.1,757.3,43.2,On Time,2,0,4,1071.2,0,14,0,0
2706,9,1,1030.5,1,32.1,3.5,1,0,17.7,0,2025-03-09 07:00:00,0.2,1374.0,1440.5,66.5,On Time,1,1,4,1030.5,1,7,1,3
2707,1,5,1676.7,4,12.6,47.9,3,1,29.0,1,2025-01-09 08:00:00,0.23,2235.6,2416.4,180.8,Severe Delay,4,3,1,6706.8,12,8,1,3
2708,9,1,1233.6,1,28.4,4.8,2,3,14.5,2,2025-07-11 07:00:00,0.09,1644.8,1723.7,78.9,Slight Delay,2,1,3,2467.2,2,7,1,3
2709,9,8,1702.9,4,18.7,28.5,3,1,3.4,0,2025-11-25 21:00:00,0.15,2270.5,2434.0,163.5,Moderate Delay,4,3,1,6811.6,12,21,0,3
2710,4,6,150.5,3,40.9,61.5,1,0,19.2,0,2025-01-26 18:00:00,0.38,200.7,269.7,69.0,On Time,1,4,4,150.5,4,18,1,1
2711,4,5,542.2,1,28.2,4.8,3,0,46.1,1,2025-08-29 10:00:00,0.22,722.9,849.6,126.7,Moderate Delay,4,1,4,2168.8,4,10,1,0
2712,4,5,1024.0,0,39.5,0.0,2,0,26.6,0,2025-11-03 07:00:00,0.07,1365.3,1415.6,50.3,On Time,2,0,4,2048.0,0,7,1,3
2713,5,4,1512.3,3,41.8,43.3,3,3,36.1,1,2025-05-11 22:00:00,0.55,2016.4,2214.5,198.1,Severe Delay,4,4,3,6049.2,16,22,0,3
2714,1,6,1796.4,3,31.7,36.7,2,0,31.3,0,2025-10-21 08:00:00,0.24,2395.2,2545.2,150.0,Moderate Delay,2,4,4,3592.8,8,8,1,3
2715,1,3,1995.5,1,15.1,3.7,1,1,7.4,2,2025-03-03 22:00:00,0.5,2660.7,2712.5,51.8,On Time,1,1,1,1995.5,1,22,0,3
2716,9,5,353.8,0,14.5,0.0,2,3,28.4,1,2025-10-11 19:00:00,0.03,471.7,526.4,54.7,On Time,2,0,3,707.6,0,19,1,1
2717,5,7,1108.7,2,44.8,0.0,1,2,17.4,2,2025-09-06 15:00:00,0.21,1478.3,1537.3,59.0,On Time,1,2,2,1108.7,2,15,0,3
2718,7,6,1355.2,5,38.6,56.4,2,3,31.0,2,2025-10-28 14:00:00,0.51,1806.9,1998.3,191.4,Severe Delay,2,5,3,2710.4,10,14,0,3
2719,4,1,1859.3,5,10.8,74.1,0,1,29.7,0,2025-02-22 11:00:00,0.46,2479.1,2634.6,155.5,Moderate Delay,3,5,1,5577.9,15,11,0,3
2720,1,2,1356.2,3,34.1,70.6,3,3,33.4,2,2025-04-23 20:00:00,0.34,1808.3,1998.4,190.1,Severe Delay,4,4,3,5424.8,16,20,1,3
2721,1,2,760.6,0,27.4,0.0,0,3,31.0,2,2025-03-15 09:00:00,0.57,1014.1,1118.1,104.0,Slight Delay,3,0,3,2281.8,0,9,1,0
2722,8,1,656.0,3,31.7,68.1,0,3,36.7,1,2025-11-27 18:00:00,0.28,874.7,1009.7,135.0,Moderate Delay,3,4,3,1968.0,12,18,1,0
2723,2,6,1598.9,2,41.6,0.0,1,0,11.1,2,2025-05-29 15:00:00,0.4,2131.9,2229.6,97.7,Slight Delay,1,2,4,1598.9,2,15,0,3
2724,6,0,1685.0,0,13.7,0.0,0,2,47.5,1,2025-11-03 16:00:00,0.11,2246.7,2325.4,78.7,Slight Delay,3,0,2,5055.0,0,16,0,3
2725,7,4,1370.1,3,16.5,33.7,1,0,19.2,2,2025-07-11 18:00:00,0.14,1826.8,1927.7,100.9,Slight Delay,1,4,4,1370.1,4,18,1,3
2726,0,4,569.9,0,34.5,0.0,0,0,20.9,1,2025-08-18 21:00:00,0.19,759.9,800.2,40.3,On Time,3,0,4,1709.6999999999998,0,21,0,0
2727,6,1,450.6,3,20.6,69.8,3,0,38.5,2,2025-11-03 16:00:00,0.41,600.8,760.9,160.1,Moderate Delay,4,4,4,1802.4,16,16,0,1
2728,8,2,194.7,4,19.2,32.5,2,2,20.0,0,2025-08-31 16:00:00,0.07,259.6,297.1,37.5,On Time,2,3,2,389.4,6,16,0,1
2729,1,2,1412.8,4,23.5,29.5,2,1,6.8,0,2025-02-11 18:00:00,0.14,1883.7,1934.2,50.5,On Time,2,3,1,2825.6,6,18,1,3
2730,4,5,1417.1,0,14.6,0.0,2,0,22.5,2,2025-12-01 17:00:00,0.38,1889.5,1985.0,95.5,Slight Delay,2,0,4,2834.2,0,17,1,3
2731,5,1,36.6,1,35.7,5.0,0,1,20.6,2,2025-06-15 19:00:00,0.59,48.8,141.3,92.5,Slight Delay,3,1,1,109.80000000000001,3,19,1,2
2732,2,7,1098.8,1,26.3,3.9,0,3,5.5,1,2025-12-25 18:00:00,0.46,1465.1,1567.8,102.7,Slight Delay,3,1,3,3296.3999999999996,3,18,1,3
2733,2,9,1304.9,1,37.2,1.3,3,0,41.4,1,2025-07-29 11:00:00,0.25,1739.9,1859.8,119.9,Moderate Delay,4,1,4,5219.6,4,11,0,3
2734,5,6,1168.4,2,32.7,0.0,2,1,17.5,0,2025-07-13 08:00:00,0.46,1557.9,1628.5,70.6,On Time,2,2,1,2336.8,4,8,1,3
2735,4,6,1585.2,5,41.2,60.7,1,3,9.2,2,2025-04-10 12:00:00,0.16,2113.6,2264.6,151.0,Moderate Delay,1,5,3,1585.2,5,12,0,3
2736,3,6,37.5,2,24.0,0.0,1,1,45.6,0,2025-10-21 13:00:00,0.53,50.0,118.8,68.8,On Time,1,2,1,37.5,2,13,0,2
2737,1,3,1656.6,2,41.8,0.0,1,0,6.3,2,2025-02-18 11:00:00,0.09,2208.8,2285.2,76.4,Slight Delay,1,2,4,1656.6,2,11,0,3
2738,3,8,1476.2,2,34.1,0.0,0,1,1.6,1,2025-07-10 10:00:00,0.55,1968.3,2055.0,86.7,Slight Delay,3,2,1,4428.6,6,10,1,3
2739,8,5,1140.5,3,32.0,8.8,3,2,14.9,0,2025-01-05 09:00:00,0.51,1520.7,1670.3,149.6,Moderate Delay,4,4,2,4562.0,16,9,1,3
2740,5,3,1366.8,5,18.5,52.2,0,3,11.5,1,2025-10-03 07:00:00,0.23,1822.4,1998.1,175.7,Severe Delay,3,5,3,4100.4,15,7,1,3
2741,8,6,199.3,4,26.3,24.6,2,1,23.6,2,2025-07-18 11:00:00,0.47,265.7,333.6,67.9,On Time,2,3,1,398.6,6,11,0,1
2742,5,0,529.6,3,32.3,39.4,3,2,48.2,2,2025-06-10 22:00:00,0.13,706.1,871.2,165.1,Moderate Delay,4,4,2,2118.4,16,22,0,0
2743,4,9,620.3,2,25.2,0.0,3,3,44.8,0,2025-06-09 09:00:00,0.57,827.1,962.4,135.3,Moderate Delay,4,2,3,2481.2,8,9,1,0
2744,5,8,1903.7,2,25.3,0.0,2,0,21.8,0,2025-12-04 11:00:00,0.41,2538.3,2677.9,139.6,Moderate Delay,2,2,4,3807.4,4,11,0,3
2745,3,2,366.7,2,32.1,0.0,3,0,5.0,2,2025-02-08 12:00:00,0.58,488.9,667.5,178.6,Severe Delay,4,2,4,1466.8,8,12,0,1
2746,1,7,1034.1,4,21.5,30.2,1,1,32.0,0,2025-03-25 14:00:00,0.1,1378.8,1423.1,44.3,On Time,1,3,1,1034.1,3,14,0,3
2747,0,2,1160.1,0,44.1,0.0,0,2,1.8,1,2025-10-18 09:00:00,0.44,1546.8,1636.5,89.7,Slight Delay,3,0,2,3480.2999999999997,0,9,1,3
2748,3,0,140.0,5,38.6,8.2,3,0,7.3,0,2025-10-29 14:00:00,0.17,186.7,382.3,195.6,Severe Delay,4,5,4,560.0,20,14,0,1
2749,5,0,1675.7,0,26.4,0.0,2,0,16.4,2,2025-10-09 06:00:00,0.34,2234.3,2335.5,101.2,Slight Delay,2,0,4,3351.4,0,6,0,3
2750,7,6,1018.6,3,14.4,61.0,3,2,30.0,2,2025-12-19 11:00:00,0.54,1358.1,1567.5,209.4,Severe Delay,4,4,2,4074.4,16,11,0,3
2751,7,3,1850.3,0,42.1,0.0,0,0,36.1,1,2025-03-24 16:00:00,0.03,2467.1,2541.0,73.9,Slight Delay,3,0,4,5550.9,0,16,0,3
2752,2,5,355.1,3,11.5,19.2,2,1,34.1,2,2025-06-14 07:00:00,0.05,473.5,515.3,41.8,On Time,2,4,1,710.2,8,7,1,1
2753,4,1,362.9,4,22.2,29.7,2,0,37.6,1,2025-12-30 06:00:00,0.04,483.9,546.3,62.4,On Time,2,3,4,725.8,6,6,0,1
2754,4,5,109.0,2,42.9,0.0,2,2,15.7,1,2025-03-29 07:00:00,0.55,145.3,226.6,81.3,Slight Delay,2,2,2,218.0,4,7,1,1
2755,7,0,1734.6,3,43.3,29.3,3,0,21.2,0,2025-08-12 13:00:00,0.43,2312.8,2495.8,183.0,Severe Delay,4,4,4,6938.4,16,13,0,3
2756,2,1,1681.1,5,16.8,65.6,2,2,39.8,1,2025-04-15 12:00:00,0.3,2241.5,2339.6,98.1,Slight Delay,2,5,2,3362.2,10,12,0,3
2757,9,8,1906.5,2,15.4,0.0,1,3,28.9,1,2025-02-28 18:00:00,0.58,2542.0,2665.6,123.6,Moderate Delay,1,2,3,1906.5,2,18,1,3
2758,1,9,722.1,3,24.5,30.1,1,0,11.0,0,2025-10-10 15:00:00,0.37,962.8,1060.4,97.6,Slight Delay,1,4,4,722.1,4,15,0,0
2759,3,7,246.8,0,31.8,0.0,2,0,20.2,1,2025-09-16 11:00:00,0.04,329.1,372.3,43.2,On Time,2,0,4,493.6,0,11,0,1
2760,2,6,1299.6,2,38.5,0.0,2,1,26.3,1,2025-10-04 22:00:00,0.43,1732.8,1840.7,107.9,Slight Delay,2,2,1,2599.2,4,22,0,3
2761,2,8,1250.7,1,40.5,0.2,3,1,33.1,1,2025-09-02 16:00:00,0.51,1667.6,1804.2,136.6,Moderate Delay,4,1,1,5002.8,4,16,0,3
2762,7,9,97.6,3,13.5,12.5,3,2,13.5,2,2025-11-30 07:00:00,0.15,130.1,313.5,183.4,Severe Delay,4,4,2,390.4,16,7,1,2
2763,8,4,661.1,5,39.7,58.1,2,1,43.5,1,2025-10-03 22:00:00,0.03,881.5,982.8,101.3,Slight Delay,2,5,1,1322.2,10,22,0,0
2764,3,4,560.8,1,10.7,0.3,1,0,47.9,0,2025-11-07 20:00:00,0.21,747.7,803.3,55.6,On Time,1,1,4,560.8,1,20,1,0
2765,8,3,592.2,3,15.3,52.9,1,3,24.7,1,2025-08-03 13:00:00,0.06,789.6,849.7,60.1,On Time,1,4,3,592.2,4,13,0,0
2766,0,6,1909.7,4,14.8,38.5,3,0,33.0,1,2025-12-12 06:00:00,0.26,2546.3,2670.2,123.9,Moderate Delay,4,3,4,7638.8,12,6,0,3
2767,1,9,1020.3,3,18.4,33.8,0,2,5.7,1,2025-07-16 11:00:00,0.54,1360.4,1489.4,129.0,Moderate Delay,3,4,2,3060.8999999999996,12,11,0,3
2768,5,4,898.2,5,38.7,23.6,1,0,15.8,0,2025-08-18 12:00:00,0.51,1197.6,1326.3,128.7,Moderate Delay,1,5,4,898.2,5,12,0,0
2769,6,5,1834.4,5,41.4,78.8,2,3,20.4,0,2025-04-25 14:00:00,0.49,2445.9,2596.3,150.4,Moderate Delay,2,5,3,3668.8,10,14,0,3
2770,8,7,757.9,3,22.5,79.9,0,0,19.5,1,2025-11-08 06:00:00,0.15,1010.5,1126.0,115.5,Moderate Delay,3,4,4,2273.7,12,6,0,0
2771,9,6,1062.1,2,19.0,0.0,3,0,15.7,1,2025-07-30 19:00:00,0.28,1416.1,1596.7,180.6,Severe Delay,4,2,4,4248.4,8,19,1,3
2772,5,6,1294.0,0,44.4,0.0,3,2,8.2,0,2025-01-12 06:00:00,0.18,1725.3,1834.7,109.4,Slight Delay,4,0,2,5176.0,0,6,0,3
2773,0,9,636.3,4,12.8,58.1,3,3,23.2,1,2025-06-30 15:00:00,0.33,848.4,1000.8,152.4,Moderate Delay,4,3,3,2545.2,12,15,0,0
2774,8,6,1053.8,0,28.5,0.0,2,3,34.5,2,2025-07-30 20:00:00,0.13,1405.1,1458.0,52.9,On Time,2,0,3,2107.6,0,20,1,3
2775,2,4,821.5,3,13.7,66.6,0,0,11.0,0,2025-10-25 09:00:00,0.43,1095.3,1207.2,111.9,Slight Delay,3,4,4,2464.5,12,9,1,0
2776,8,6,1544.4,5,38.6,68.1,1,3,21.3,0,2025-06-11 06:00:00,0.52,2059.2,2197.5,138.3,Moderate Delay,1,5,3,1544.4,5,6,0,3
2777,5,1,870.3,2,14.5,0.0,3,1,6.4,0,2025-03-29 09:00:00,0.1,1160.4,1309.1,148.7,Moderate Delay,4,2,1,3481.2,8,9,1,0
2778,7,2,1849.7,3,33.4,72.3,2,2,27.9,2,2025-07-23 18:00:00,0.41,2466.3,2618.2,151.9,Moderate Delay,2,4,2,3699.4,8,18,1,3
2779,6,5,1845.3,5,42.5,54.8,1,1,0.9,1,2025-04-02 14:00:00,0.06,2460.4,2549.5,89.1,Slight Delay,1,5,1,1845.3,5,14,0,3
2780,0,6,431.1,4,36.8,75.2,1,0,3.1,2,2025-10-12 12:00:00,0.08,574.8,643.3,68.5,On Time,1,3,4,431.1,3,12,0,1
2781,7,8,450.4,3,13.8,51.2,0,0,41.2,1,2025-11-01 21:00:00,0.35,600.5,729.0,128.5,Moderate Delay,3,4,4,1351.1999999999998,12,21,0,1
2782,6,3,77.1,5,41.9,71.8,0,2,11.3,2,2025-01-08 10:00:00,0.47,102.8,221.7,118.9,Moderate Delay,3,5,2,231.29999999999998,15,10,1,2
2783,9,4,665.9,0,17.5,0.0,1,1,49.9,2,2025-01-24 17:00:00,0.4,887.9,917.0,29.1,On Time,1,0,1,665.9,0,17,1,0
2784,8,9,709.9,0,28.2,0.0,0,0,46.9,2,2025-07-03 18:00:00,0.44,946.5,1035.6,89.1,Slight Delay,3,0,4,2129.7,0,18,1,0
2785,6,3,1507.0,5,17.9,12.5,0,0,19.5,0,2025-10-05 15:00:00,0.55,2009.3,2168.2,158.9,Moderate Delay,3,5,4,4521.0,15,15,0,3
2786,8,0,1372.2,5,36.5,10.4,1,2,42.6,1,2025-01-10 09:00:00,0.5,1829.6,1947.6,118.0,Moderate Delay,1,5,2,1372.2,5,9,1,3
2787,0,9,262.4,1,15.7,3.8,3,1,22.3,2,2025-02-27 12:00:00,0.33,349.9,452.5,102.6,Slight Delay,4,1,1,1049.6,4,12,0,1
2788,8,4,1548.5,2,10.7,0.0,1,1,47.9,2,2025-05-19 15:00:00,0.47,2064.7,2153.9,89.2,Slight Delay,1,2,1,1548.5,2,15,0,3
2789,6,4,566.2,1,25.6,1.1,1,2,3.0,0,2025-05-21 16:00:00,0.31,754.9,783.0,28.1,On Time,1,1,2,566.2,1,16,0,0
2790,8,5,1419.7,3,30.3,42.1,0,0,18.0,0,2025-01-20 18:00:00,0.19,1892.9,2028.6,135.7,Moderate Delay,3,4,4,4259.1,12,18,1,3
2791,1,2,552.9,0,27.5,0.0,0,3,48.2,1,2025-11-02 19:00:00,0.01,737.2,799.6,62.4,On Time,3,0,3,1658.6999999999998,0,19,1,0
2792,9,1,672.0,4,39.0,33.4,3,0,13.0,2,2025-04-03 09:00:00,0.55,896.0,1089.5,193.5,Severe Delay,4,3,4,2688.0,12,9,1,0
2793,5,7,1519.8,4,10.2,42.3,2,0,37.0,1,2025-11-28 15:00:00,0.47,2026.4,2104.5,78.1,Slight Delay,2,3,4,3039.6,6,15,0,3
2794,9,7,876.5,4,43.6,7.4,3,3,29.8,0,2025-07-19 15:00:00,0.45,1168.7,1341.3,172.6,Severe Delay,4,3,3,3506.0,12,15,0,0
2795,0,6,1570.3,2,13.3,0.0,0,3,1.1,1,2025-04-25 19:00:00,0.49,2093.7,2257.0,163.3,Moderate Delay,3,2,3,4710.9,6,19,1,3
2796,4,1,1514.3,0,33.4,0.0,2,0,40.7,0,2025-01-04 21:00:00,0.47,2019.1,2128.6,109.5,Slight Delay,2,0,4,3028.6,0,21,0,3
2797,3,2,1000.8,4,30.3,67.0,0,3,16.0,2,2025-02-22 11:00:00,0.03,1334.4,1450.6,116.2,Moderate Delay,3,3,3,3002.3999999999996,9,11,0,3
2798,5,7,1336.6,0,24.9,0.0,2,2,6.6,2,2025-12-04 11:00:00,0.55,1782.1,1888.7,106.6,Slight Delay,2,0,2,2673.2,0,11,0,3
2799,3,1,1257.1,2,21.2,0.0,3,0,1.5,1,2025-03-15 20:00:00,0.12,1676.1,1835.0,158.9,Moderate Delay,4,2,4,5028.4,8,20,1,3
2800,9,1,668.3,3,40.6,38.3,0,0,35.2,1,2025-06-27 16:00:00,0.38,891.1,1032.4,141.3,Moderate Delay,3,4,4,2004.8999999999999,12,16,0,0
2801,4,5,318.9,4,12.9,27.1,2,0,49.3,1,2025-12-09 15:00:00,0.01,425.2,471.2,46.0,On Time,2,3,4,637.8,6,15,0,1
2802,1,8,167.7,1,13.1,2.9,0,1,20.2,0,2025-03-01 22:00:00,0.18,223.6,269.8,46.2,On Time,3,1,1,503.09999999999997,3,22,0,1
2803,4,0,265.4,4,43.2,11.7,1,2,47.2,2,2025-01-29 16:00:00,0.5,353.9,402.0,48.1,On Time,1,3,2,265.4,3,16,0,1
2804,7,5,1159.7,2,11.0,0.0,1,3,19.4,0,2025-11-03 08:00:00,0.15,1546.3,1606.8,60.5,On Time,1,2,3,1159.7,2,8,1,3
2805,6,0,1574.2,3,12.5,77.0,0,3,21.2,0,2025-04-28 17:00:00,0.19,2098.9,2238.2,139.3,Moderate Delay,3,4,3,4722.6,12,17,1,3
2806,2,8,334.3,1,28.3,3.7,0,2,14.0,1,2025-06-01 09:00:00,0.56,445.7,522.2,76.5,Slight Delay,3,1,2,1002.9000000000001,3,9,1,1
2807,9,3,1539.0,4,17.0,78.3,0,2,46.0,2,2025-05-14 15:00:00,0.1,2052.0,2160.5,108.5,Slight Delay,3,3,2,4617.0,9,15,0,3
2808,5,2,1064.1,0,37.3,0.0,0,0,12.7,0,2025-09-19 06:00:00,0.24,1418.8,1514.9,96.1,Slight Delay,3,0,4,3192.2999999999997,0,6,0,3
2809,2,6,1552.6,0,38.7,0.0,2,2,12.6,2,2025-02-05 12:00:00,0.4,2070.1,2127.3,57.2,On Time,2,0,2,3105.2,0,12,0,3
2810,2,5,1596.6,5,33.2,59.7,2,2,15.7,2,2025-09-20 21:00:00,0.16,2128.8,2284.5,155.7,Moderate Delay,2,5,2,3193.2,10,21,0,3
2811,0,5,1257.8,1,43.1,0.4,1,3,5.9,2,2025-09-03 21:00:00,0.51,1677.1,1760.3,83.2,Slight Delay,1,1,3,1257.8,1,21,0,3
2812,2,7,1542.0,4,44.4,40.7,3,0,4.7,0,2025-12-17 08:00:00,0.57,2056.0,2260.9,204.9,Severe Delay,4,3,4,6168.0,12,8,1,3
2813,4,1,790.7,0,18.4,0.0,3,3,11.7,0,2025-06-17 12:00:00,0.3,1054.3,1170.4,116.1,Moderate Delay,4,0,3,3162.8,0,12,0,0
2814,4,2,1421.4,3,40.9,25.8,1,1,9.4,1,2025-10-17 09:00:00,0.46,1895.2,1962.6,67.4,On Time,1,4,1,1421.4,4,9,1,3
2815,4,9,1963.6,2,20.2,0.0,3,0,45.2,0,2025-05-23 18:00:00,0.11,2618.1,2806.6,188.5,Severe Delay,4,2,4,7854.4,8,18,1,3
2816,9,3,901.2,2,36.4,0.0,3,2,35.8,1,2025-07-13 11:00:00,0.02,1201.6,1316.0,114.4,Slight Delay,4,2,2,3604.8,8,11,0,0
2817,5,8,43.9,5,34.9,50.2,1,3,35.9,2,2025-04-18 18:00:00,0.54,58.5,182.5,124.0,Moderate Delay,1,5,3,43.9,5,18,1,2
2818,1,4,470.3,3,17.5,55.0,3,3,9.7,0,2025-01-27 06:00:00,0.4,627.1,803.9,176.8,Severe Delay,4,4,3,1881.2,16,6,0,1
2819,7,1,1131.3,0,43.2,0.0,0,2,32.9,2,2025-10-23 06:00:00,0.57,1508.4,1635.5,127.1,Moderate Delay,3,0,2,3393.8999999999996,0,6,0,3
2820,0,2,1457.5,2,13.5,0.0,0,0,37.9,2,2025-12-27 08:00:00,0.07,1943.3,2041.9,98.6,Slight Delay,3,2,4,4372.5,6,8,1,3
2821,0,8,819.8,2,27.0,0.0,0,3,0.5,2,2025-11-30 15:00:00,0.53,1093.1,1222.8,129.7,Moderate Delay,3,2,3,2459.3999999999996,6,15,0,0
2822,8,6,345.2,2,18.3,0.0,0,2,3.8,1,2025-07-09 20:00:00,0.04,460.3,546.6,86.3,Slight Delay,3,2,2,1035.6,6,20,1,1
2823,1,5,281.2,4,30.1,30.7,3,3,34.0,1,2025-12-30 17:00:00,0.44,374.9,511.1,136.2,Moderate Delay,4,3,3,1124.8,12,17,1,1
2824,0,1,1931.6,5,29.1,29.6,1,1,5.2,2,2025-03-15 08:00:00,0.33,2575.5,2733.8,158.3,Moderate Delay,1,5,1,1931.6,5,8,1,3
2825,9,0,1529.0,2,24.4,0.0,1,0,24.1,0,2025-09-28 12:00:00,0.41,2038.7,2133.4,94.7,Slight Delay,1,2,4,1529.0,2,12,0,3
2826,5,9,1176.9,0,41.7,0.0,3,1,45.6,0,2025-10-25 22:00:00,0.47,1569.2,1717.6,148.4,Moderate Delay,4,0,1,4707.6,0,22,0,3
2827,6,4,1331.5,4,31.4,63.3,1,3,27.8,2,2025-08-06 21:00:00,0.04,1775.3,1855.8,80.5,Slight Delay,1,3,3,1331.5,3,21,0,3
2828,1,5,1544.5,3,36.3,54.3,1,1,49.9,2,2025-04-22 06:00:00,0.28,2059.3,2182.5,123.2,Moderate Delay,1,4,1,1544.5,4,6,0,3
2829,2,5,83.9,5,21.7,41.5,0,2,0.6,1,2025-02-28 08:00:00,0.54,111.9,252.9,141.0,Moderate Delay,3,5,2,251.70000000000002,15,8,1,2
2830,5,2,1568.3,5,13.1,11.0,3,1,15.7,0,2025-06-22 06:00:00,0.02,2091.1,2262.8,171.7,Severe Delay,4,5,1,6273.2,20,6,0,3
2831,7,2,682.8,0,16.8,0.0,3,2,32.6,1,2025-01-25 17:00:00,0.4,910.4,1039.3,128.9,Moderate Delay,4,0,2,2731.2,0,17,1,0
2832,4,1,481.2,5,22.4,15.9,3,2,10.2,1,2025-04-17 13:00:00,0.47,641.6,822.9,181.3,Severe Delay,4,5,2,1924.8,20,13,0,1
2833,4,3,736.2,2,37.5,0.0,0,1,12.4,1,2025-08-26 06:00:00,0.42,981.6,1075.8,94.2,Slight Delay,3,2,1,2208.6000000000004,6,6,0,0
2834,4,2,1809.4,1,16.8,4.9,3,1,40.6,1,2025-03-04 09:00:00,0.53,2412.5,2549.4,136.9,Moderate Delay,4,1,1,7237.6,4,9,1,3
2835,5,2,1866.3,5,23.2,8.1,1,1,38.3,2,2025-09-30 10:00:00,0.34,2488.4,2620.9,132.5,Moderate Delay,1,5,1,1866.3,5,10,1,3
2836,5,9,1260.5,4,14.6,37.8,2,3,10.6,0,2025-03-04 13:00:00,0.51,1680.7,1786.0,105.3,Slight Delay,2,3,3,2521.0,6,13,0,3
2837,8,7,1792.5,5,12.2,68.1,1,3,39.1,1,2025-02-21 22:00:00,0.54,2390.0,2541.2,151.2,Moderate Delay,1,5,3,1792.5,5,22,0,3
2838,3,7,724.7,4,37.7,52.5,0,1,34.6,2,2025-06-03 12:00:00,0.14,966.3,1037.3,71.0,Slight Delay,3,3,1,2174.1000000000004,9,12,0,0
2839,9,2,145.5,3,28.5,46.5,1,3,9.9,1,2025-09-29 21:00:00,0.21,194.0,256.4,62.4,On Time,1,4,3,145.5,4,21,0,1
2840,2,9,1109.2,3,23.5,77.1,2,2,21.9,2,2025-04-22 17:00:00,0.35,1478.9,1618.4,139.5,Moderate Delay,2,4,2,2218.4,8,17,1,3
2841,0,8,1197.8,5,23.1,35.1,2,0,8.4,0,2025-05-04 07:00:00,0.34,1597.1,1765.4,168.3,Moderate Delay,2,5,4,2395.6,10,7,1,3
2842,7,8,1159.1,5,14.7,46.1,0,2,9.5,2,2025-07-07 15:00:00,0.46,1545.5,1724.0,178.5,Severe Delay,3,5,2,3477.2999999999997,15,15,0,3
2843,9,2,1592.5,0,31.6,0.0,0,2,3.7,0,2025-05-03 21:00:00,0.5,2123.3,2243.0,119.7,Moderate Delay,3,0,2,4777.5,0,21,0,3
2844,5,1,964.9,4,41.7,48.1,0,1,46.5,2,2025-07-14 15:00:00,0.59,1286.5,1404.0,117.5,Moderate Delay,3,3,1,2894.7,9,15,0,0
2845,2,9,1192.0,2,35.4,0.0,1,0,4.5,1,2025-05-03 21:00:00,0.46,1589.3,1698.7,109.4,Slight Delay,1,2,4,1192.0,2,21,0,3
2846,9,1,1230.9,3,34.1,7.9,1,0,14.9,1,2025-11-01 19:00:00,0.55,1641.2,1754.3,113.1,Slight Delay,1,4,4,1230.9,4,19,1,3
2847,8,9,1557.3,0,23.9,0.0,0,0,45.4,0,2025-04-01 22:00:00,0.33,2076.4,2171.8,95.4,Slight Delay,3,0,4,4671.9,0,22,0,3
2848,3,9,1324.0,4,11.0,41.2,0,1,14.0,1,2025-12-16 19:00:00,0.28,1765.3,1843.3,78.0,Slight Delay,3,3,1,3972.0,9,19,1,3
2849,3,7,481.7,0,32.6,0.0,3,3,44.3,1,2025-04-15 16:00:00,0.17,642.3,740.4,98.1,Slight Delay,4,0,3,1926.8,0,16,0,1
2850,0,6,1965.8,3,34.0,33.0,0,1,5.3,0,2025-03-05 07:00:00,0.11,2621.1,2763.5,142.4,Moderate Delay,3,4,1,5897.4,12,7,1,3
2851,2,5,1198.0,5,10.7,34.9,1,0,38.3,0,2025-04-20 06:00:00,0.24,1597.3,1730.3,133.0,Moderate Delay,1,5,4,1198.0,5,6,0,3
2852,6,1,1576.5,3,38.0,68.8,3,0,13.7,0,2025-03-10 22:00:00,0.52,2102.0,2332.4,230.4,Severe Delay,4,4,4,6306.0,16,22,0,3
2853,3,4,1689.6,2,19.2,0.0,0,3,21.1,0,2025-03-01 22:00:00,0.11,2252.8,2372.6,119.8,Moderate Delay,3,2,3,5068.799999999999,6,22,0,3
2854,5,2,831.5,5,21.2,24.3,0,0,17.3,2,2025-10-22 19:00:00,0.1,1108.7,1258.5,149.8,Moderate Delay,3,5,4,2494.5,15,19,1,0
2855,5,7,720.7,3,21.2,75.3,3,2,21.7,0,2025-12-22 06:00:00,0.41,960.9,1094.3,133.4,Moderate Delay,4,4,2,2882.8,16,6,0,0
2856,5,1,203.6,1,31.7,1.7,0,2,31.6,0,2025-06-13 17:00:00,0.0,271.5,308.4,36.9,On Time,3,1,2,610.8,3,17,1,1
2857,3,6,241.2,4,15.3,23.5,3,0,8.8,0,2025-03-05 20:00:00,0.4,321.6,448.5,126.9,Moderate Delay,4,3,4,964.8,12,20,1,1
2858,6,2,290.9,0,33.3,0.0,3,1,34.8,2,2025-07-16 14:00:00,0.41,387.9,511.5,123.6,Moderate Delay,4,0,1,1163.6,0,14,0,1
2859,7,6,215.7,4,29.2,28.6,2,1,26.4,1,2025-09-10 12:00:00,0.12,287.6,329.0,41.4,On Time,2,3,1,431.4,6,12,0,1
2860,0,9,1257.1,3,34.7,60.6,0,0,10.8,1,2025-04-30 12:00:00,0.51,1676.1,1849.3,173.2,Severe Delay,3,4,4,3771.2999999999997,12,12,0,3
2861,8,6,1501.5,3,10.2,15.1,3,1,4.3,0,2025-02-18 13:00:00,0.06,2002.0,2151.4,149.4,Moderate Delay,4,4,1,6006.0,16,13,0,3
2862,7,3,832.3,5,21.1,37.9,1,3,30.7,2,2025-09-20 19:00:00,0.3,1109.7,1259.1,149.4,Moderate Delay,1,5,3,832.3,5,19,1,0
2863,7,2,1475.4,5,32.4,60.9,2,2,4.3,2,2025-06-28 14:00:00,0.04,1967.2,2047.9,80.7,Slight Delay,2,5,2,2950.8,10,14,0,3
2864,1,7,157.9,4,30.7,13.7,1,0,37.3,2,2025-02-13 07:00:00,0.48,210.5,288.9,78.4,Slight Delay,1,3,4,157.9,3,7,1,1
2865,4,0,951.7,3,42.3,27.3,2,1,45.3,0,2025-05-24 08:00:00,0.03,1268.9,1318.9,50.0,On Time,2,4,1,1903.4,8,8,1,0
2866,7,3,1477.9,2,34.6,0.0,3,3,47.8,2,2025-10-17 12:00:00,0.43,1970.5,2146.6,176.1,Severe Delay,4,2,3,5911.6,8,12,0,3
2867,1,4,1487.6,4,18.0,73.4,2,1,27.0,2,2025-11-15 21:00:00,0.18,1983.5,2073.6,90.1,Slight Delay,2,3,1,2975.2,6,21,0,3
2868,5,6,1040.5,0,39.8,0.0,2,0,9.7,0,2025-10-06 20:00:00,0.06,1387.3,1430.5,43.2,On Time,2,0,4,2081.0,0,20,1,3
2869,7,5,1392.6,3,38.9,65.6,2,2,39.4,0,2025-10-22 19:00:00,0.08,1856.8,1962.1,105.3,Slight Delay,2,4,2,2785.2,8,19,1,3
2870,2,1,291.0,1,33.4,4.8,0,1,35.0,0,2025-06-02 10:00:00,0.48,388.0,461.5,73.5,Slight Delay,3,1,1,873.0,3,10,1,1
2871,1,4,43.8,0,43.4,0.0,0,0,25.1,2,2025-08-03 09:00:00,0.5,58.4,122.9,64.5,On Time,3,0,4,131.39999999999998,0,9,1,2
2872,3,5,799.9,5,23.0,72.4,1,1,25.5,2,2025-06-06 18:00:00,0.27,1066.5,1183.5,117.0,Moderate Delay,1,5,1,799.9,5,18,1,0
2873,0,8,1060.7,0,40.7,0.0,3,0,25.2,2,2025-09-01 06:00:00,0.13,1414.3,1524.3,110.0,Slight Delay,4,0,4,4242.8,0,6,0,3
2874,1,5,92.1,3,27.4,21.1,3,0,1.0,2,2025-03-19 07:00:00,0.18,122.8,272.7,149.9,Moderate Delay,4,4,4,368.4,16,7,1,2
2875,7,8,1357.6,1,23.8,0.7,3,2,25.2,1,2025-03-11 08:00:00,0.53,1810.1,1945.4,135.3,Moderate Delay,4,1,2,5430.4,4,8,1,3
2876,5,4,1792.5,1,16.2,2.7,3,1,35.8,2,2025-06-23 20:00:00,0.24,2390.0,2505.8,115.8,Moderate Delay,4,1,1,7170.0,4,20,1,3
2877,9,4,1120.3,0,43.0,0.0,1,1,45.5,0,2025-05-05 10:00:00,0.29,1493.7,1528.7,35.0,On Time,1,0,1,1120.3,0,10,1,3
2878,4,7,1379.0,0,18.6,0.0,3,0,22.3,1,2025-08-25 08:00:00,0.58,1838.7,2014.4,175.7,Severe Delay,4,0,4,5516.0,0,8,1,3
2879,2,7,301.6,2,28.2,0.0,3,0,13.0,2,2025-02-17 09:00:00,0.6,402.1,543.7,141.6,Moderate Delay,4,2,4,1206.4,8,9,1,1
2880,2,5,977.7,3,15.1,39.9,1,2,13.0,2,2025-12-02 18:00:00,0.13,1303.6,1404.3,100.7,Slight Delay,1,4,2,977.7,4,18,1,0
2881,9,1,523.7,1,24.3,4.3,1,1,18.2,0,2025-06-11 14:00:00,0.34,698.3,718.4,20.1,On Time,1,1,1,523.7,1,14,0,0
2882,8,3,938.9,3,30.3,57.9,1,0,20.8,1,2025-02-05 21:00:00,0.44,1251.9,1356.1,104.2,Slight Delay,1,4,4,938.9,4,21,0,0
2883,7,0,639.5,4,15.7,30.9,0,0,27.2,0,2025-01-28 10:00:00,0.12,852.7,961.5,108.8,Slight Delay,3,3,4,1918.5,9,10,1,0
2884,2,4,823.9,4,16.9,51.1,2,0,49.7,0,2025-03-15 08:00:00,0.22,1098.5,1167.2,68.7,On Time,2,3,4,1647.8,6,8,1,0
2885,8,7,1801.9,1,15.3,0.5,0,0,32.8,2,2025-10-28 14:00:00,0.23,2402.5,2515.3,112.8,Slight Delay,3,1,4,5405.700000000001,3,14,0,3
2886,3,2,1909.5,2,20.5,0.0,1,3,42.8,0,2025-08-17 21:00:00,0.3,2546.0,2648.1,102.1,Slight Delay,1,2,3,1909.5,2,21,0,3
2887,1,9,928.2,5,28.6,65.4,1,0,36.3,1,2025-04-04 19:00:00,0.37,1237.6,1356.8,119.2,Moderate Delay,1,5,4,928.2,5,19,1,0
2888,4,8,1605.6,0,41.3,0.0,2,0,37.7,0,2025-07-29 08:00:00,0.43,2140.8,2224.6,83.8,Slight Delay,2,0,4,3211.2,0,8,1,3
2889,9,6,1122.4,2,34.8,0.0,1,0,15.5,0,2025-06-26 17:00:00,0.06,1496.5,1564.8,68.3,On Time,1,2,4,1122.4,2,17,1,3
2890,5,0,764.1,4,33.3,31.9,1,2,1.5,2,2025-03-09 09:00:00,0.26,1018.8,1053.6,34.8,On Time,1,3,2,764.1,3,9,1,0
2891,3,1,569.9,4,31.1,79.3,1,0,27.6,0,2025-10-04 18:00:00,0.39,759.9,830.3,70.4,On Time,1,3,4,569.9,3,18,1,0
2892,6,5,422.6,3,41.4,28.7,0,2,16.7,1,2025-08-08 22:00:00,0.55,563.5,668.0,104.5,Slight Delay,3,4,2,1267.8000000000002,12,22,0,1
2893,8,1,1345.4,1,40.8,0.6,3,2,26.3,2,2025-01-05 22:00:00,0.44,1793.9,1907.3,113.4,Slight Delay,4,1,2,5381.6,4,22,0,3
2894,0,6,863.6,4,16.3,63.4,3,3,43.6,2,2025-09-19 13:00:00,0.23,1151.5,1320.1,168.6,Moderate Delay,4,3,3,3454.4,12,13,0,0
2895,9,5,1727.2,0,27.4,0.0,1,1,1.6,0,2025-05-30 10:00:00,0.58,2302.9,2355.1,52.2,On Time,1,0,1,1727.2,0,10,1,3
2896,3,9,1563.1,4,23.2,5.5,1,1,21.0,0,2025-10-20 22:00:00,0.14,2084.1,2125.4,41.3,On Time,1,3,1,1563.1,3,22,0,3
2897,2,9,610.1,5,32.5,12.6,2,0,24.2,0,2025-04-28 14:00:00,0.2,813.5,943.6,130.1,Moderate Delay,2,5,4,1220.2,10,14,0,0
2898,0,6,1051.5,5,44.6,7.6,3,3,23.3,0,2025-01-21 22:00:00,0.23,1402.0,1578.2,176.2,Severe Delay,4,5,3,4206.0,20,22,0,3
2899,1,3,520.8,1,23.4,2.1,3,3,15.6,0,2025-08-10 11:00:00,0.06,694.4,798.9,104.5,Slight Delay,4,1,3,2083.2,4,11,0,0
2900,1,7,868.1,1,16.0,4.9,1,0,9.2,2,2025-09-09 10:00:00,0.34,1157.5,1235.1,77.6,Slight Delay,1,1,4,868.1,1,10,1,0
2901,7,8,1948.8,4,26.0,12.3,1,0,38.4,2,2025-01-02 07:00:00,0.23,2598.4,2674.0,75.6,Slight Delay,1,3,4,1948.8,3,7,1,3
2902,7,3,1699.8,5,43.9,26.8,3,0,15.5,0,2025-07-26 20:00:00,0.23,2266.4,2468.9,202.5,Severe Delay,4,5,4,6799.2,20,20,1,3
2903,2,3,674.0,5,40.5,73.8,1,1,47.4,1,2025-09-24 08:00:00,0.16,898.7,1006.3,107.6,Slight Delay,1,5,1,674.0,5,8,1,0
2904,3,4,1582.9,0,16.0,0.0,3,1,31.6,2,2025-10-24 08:00:00,0.11,2110.5,2237.4,126.9,Moderate Delay,4,0,1,6331.6,0,8,1,3
2905,8,1,963.8,1,35.8,1.4,2,2,33.1,2,2025-08-22 20:00:00,0.11,1285.1,1345.4,60.3,On Time,2,1,2,1927.6,2,20,1,0
2906,5,7,1074.4,3,20.3,18.3,1,3,9.3,0,2025-10-06 08:00:00,0.52,1432.5,1546.9,114.4,Slight Delay,1,4,3,1074.4,4,8,1,3
2907,0,8,888.7,3,24.3,32.4,0,2,26.5,2,2025-01-21 07:00:00,0.36,1184.9,1319.8,134.9,Moderate Delay,3,4,2,2666.1000000000004,12,7,1,0
2908,7,5,393.6,4,38.0,18.7,2,0,31.5,0,2025-03-02 09:00:00,0.58,524.8,612.8,88.0,Slight Delay,2,3,4,787.2,6,9,1,1
2909,2,0,1452.6,0,37.2,0.0,1,1,25.3,0,2025-02-17 17:00:00,0.47,1936.8,1986.1,49.3,On Time,1,0,1,1452.6,0,17,1,3
2910,6,8,996.7,5,37.8,41.2,2,3,44.1,2,2025-01-10 12:00:00,0.44,1328.9,1480.2,151.3,Moderate Delay,2,5,3,1993.4,10,12,0,0
2911,6,7,1039.0,0,14.2,0.0,0,0,14.3,0,2025-05-03 14:00:00,0.41,1385.3,1499.1,113.8,Slight Delay,3,0,4,3117.0,0,14,0,3
2912,8,9,200.9,0,24.5,0.0,3,3,46.0,0,2025-10-22 14:00:00,0.12,267.9,366.5,98.6,Slight Delay,4,0,3,803.6,0,14,0,1
2913,6,4,578.8,3,29.0,41.3,3,2,24.4,2,2025-01-28 09:00:00,0.05,771.7,929.6,157.9,Moderate Delay,4,4,2,2315.2,16,9,1,0
2914,7,5,1409.4,1,10.7,0.1,0,1,26.5,2,2025-12-28 08:00:00,0.06,1879.2,1956.6,77.4,Slight Delay,3,1,1,4228.200000000001,3,8,1,3
2915,0,1,756.0,1,26.8,0.8,2,2,29.1,1,2025-05-28 06:00:00,0.26,1008.0,1063.6,55.6,On Time,2,1,2,1512.0,2,6,0,0
2916,1,9,1404.3,1,16.6,2.9,1,3,46.8,1,2025-02-05 21:00:00,0.21,1872.4,1914.7,42.3,On Time,1,1,3,1404.3,1,21,0,3
2917,6,8,1785.3,1,39.6,2.0,3,0,2.0,0,2025-11-23 12:00:00,0.27,2380.4,2504.8,124.4,Moderate Delay,4,1,4,7141.2,4,12,0,3
2918,8,6,342.2,1,34.1,0.4,2,3,27.6,0,2025-01-09 06:00:00,0.46,456.3,518.4,62.1,On Time,2,1,3,684.4,2,6,0,1
2919,6,3,446.4,1,25.7,4.9,1,0,41.1,1,2025-12-26 16:00:00,0.51,595.2,674.2,79.0,Slight Delay,1,1,4,446.4,1,16,0,1
2920,3,5,578.5,0,13.9,0.0,3,1,28.6,1,2025-04-01 16:00:00,0.21,771.3,847.2,75.9,Slight Delay,4,0,1,2314.0,0,16,0,0
2921,4,7,1627.8,4,21.0,38.3,3,1,24.9,2,2025-02-01 20:00:00,0.52,2170.4,2351.6,181.2,Severe Delay,4,3,1,6511.2,12,20,1,3
2922,5,1,967.9,1,35.8,4.4,1,3,44.6,0,2025-07-29 06:00:00,0.27,1290.5,1339.8,49.3,On Time,1,1,3,967.9,1,6,0,0
2923,7,1,322.9,1,26.5,0.5,2,0,30.3,0,2025-02-14 06:00:00,0.51,430.5,519.6,89.1,Slight Delay,2,1,4,645.8,2,6,0,1
2924,3,2,746.4,1,33.9,3.0,2,2,31.7,2,2025-06-29 08:00:00,0.21,995.2,1067.4,72.2,Slight Delay,2,1,2,1492.8,2,8,1,0
2925,1,7,506.2,2,10.9,0.0,0,3,0.9,2,2025-09-12 19:00:00,0.13,674.9,795.5,120.6,Moderate Delay,3,2,3,1518.6,6,19,1,0
2926,8,4,1426.8,1,20.8,4.3,0,3,22.9,0,2025-01-24 15:00:00,0.6,1902.4,2000.7,98.3,Slight Delay,3,1,3,4280.4,3,15,0,3
2927,1,2,124.5,3,36.2,8.9,3,0,13.0,1,2025-06-03 18:00:00,0.5,166.0,338.7,172.7,Severe Delay,4,4,4,498.0,16,18,1,1
2928,7,1,546.3,5,33.0,34.3,1,3,7.2,2,2025-01-04 17:00:00,0.04,728.4,851.4,123.0,Moderate Delay,1,5,3,546.3,5,17,1,0
2929,9,2,1426.4,2,41.8,0.0,0,2,42.1,2,2025-05-13 13:00:00,0.31,1901.9,2033.4,131.5,Moderate Delay,3,2,2,4279.200000000001,6,13,0,3
2930,4,5,70.6,3,16.9,39.5,1,2,33.5,0,2025-10-01 11:00:00,0.1,94.1,142.4,48.3,On Time,1,4,2,70.6,4,11,0,2
2931,1,8,1333.8,0,14.6,0.0,2,2,12.2,1,2025-04-04 18:00:00,0.32,1778.4,1843.4,65.0,On Time,2,0,2,2667.6,0,18,1,3
2932,9,7,1695.3,5,44.6,57.4,3,2,19.3,1,2025-07-18 17:00:00,0.25,2260.4,2461.6,201.2,Severe Delay,4,5,2,6781.2,20,17,1,3
2933,8,1,1439.1,1,42.1,4.6,0,1,35.3,1,2025-08-15 19:00:00,0.38,1918.8,2008.3,89.5,Slight Delay,3,1,1,4317.299999999999,3,19,1,3
2934,0,9,1060.7,5,11.3,9.3,0,3,6.1,0,2025-08-28 08:00:00,0.09,1414.3,1577.0,162.7,Moderate Delay,3,5,3,3182.1000000000004,15,8,1,3
2935,1,7,1311.3,2,16.1,0.0,2,3,46.0,2,2025-01-19 19:00:00,0.48,1748.4,1861.2,112.8,Slight Delay,2,2,3,2622.6,4,19,1,3
2936,3,5,867.5,4,26.4,69.6,3,3,11.3,2,2025-03-06 13:00:00,0.06,1156.7,1263.1,106.4,Slight Delay,4,3,3,3470.0,12,13,0,0
2937,4,6,735.2,1,19.1,0.5,0,1,28.2,0,2025-08-03 18:00:00,0.02,980.3,1045.0,64.7,On Time,3,1,1,2205.6000000000004,3,18,1,0
2938,0,1,497.8,0,44.7,0.0,2,1,1.5,0,2025-11-23 19:00:00,0.13,663.7,701.0,37.3,On Time,2,0,1,995.6,0,19,1,1
2939,6,8,959.0,1,44.0,2.1,0,3,11.3,1,2025-03-30 06:00:00,0.31,1278.7,1365.4,86.7,Slight Delay,3,1,3,2877.0,3,6,0,0
2940,8,6,521.3,4,36.6,30.3,1,1,40.9,2,2025-12-10 21:00:00,0.03,695.1,733.1,38.0,On Time,1,3,1,521.3,3,21,0,0
2941,2,5,1745.5,5,28.1,27.2,1,0,36.2,0,2025-05-08 06:00:00,0.37,2327.3,2489.7,162.4,Moderate Delay,1,5,4,1745.5,5,6,0,3
2942,8,2,732.7,4,31.4,32.3,2,3,5.2,1,2025-10-28 15:00:00,0.27,976.9,1043.5,66.6,On Time,2,3,3,1465.4,6,15,0,0
2943,0,5,605.3,1,38.4,4.6,1,3,20.9,1,2025-08-03 06:00:00,0.53,807.1,868.0,60.9,On Time,1,1,3,605.3,1,6,0,0
2944,8,9,1029.8,4,25.9,48.8,1,3,44.6,2,2025-02-21 07:00:00,0.05,1373.1,1431.1,58.0,On Time,1,3,3,1029.8,3,7,1,3
2945,1,3,48.6,1,18.1,3.0,0,3,25.4,2,2025-12-03 14:00:00,0.32,64.8,137.3,72.5,Slight Delay,3,1,3,145.8,3,14,0,2
2946,3,2,427.0,1,17.0,0.5,1,1,10.8,1,2025-07-25 07:00:00,0.36,569.3,603.9,34.6,On Time,1,1,1,427.0,1,7,1,1
2947,6,5,352.8,3,33.4,73.5,1,0,35.0,0,2025-03-14 09:00:00,0.13,470.4,537.8,67.4,On Time,1,4,4,352.8,4,9,1,1
2948,0,8,708.3,0,32.3,0.0,1,0,25.0,2,2025-02-01 12:00:00,0.07,944.4,979.6,35.2,On Time,1,0,4,708.3,0,12,0,0
2949,3,0,1232.0,5,31.2,41.0,1,1,28.7,2,2025-05-22 07:00:00,0.36,1642.7,1761.3,118.6,Moderate Delay,1,5,1,1232.0,5,7,1,3
2950,7,6,741.8,4,16.3,29.9,3,1,47.6,2,2025-02-24 21:00:00,0.41,989.1,1114.4,125.3,Moderate Delay,4,3,1,2967.2,12,21,0,0
2951,3,0,1988.2,2,35.7,0.0,3,1,26.1,1,2025-02-23 18:00:00,0.48,2650.9,2806.4,155.5,Moderate Delay,4,2,1,7952.8,8,18,1,3
2952,1,8,576.5,2,10.4,0.0,1,3,45.9,2,2025-10-25 15:00:00,0.41,768.7,851.5,82.8,Slight Delay,1,2,3,576.5,2,15,0,0
2953,9,5,1430.8,4,22.6,69.1,0,1,43.0,1,2025-03-03 08:00:00,0.54,1907.7,2015.1,107.4,Slight Delay,3,3,1,4292.4,9,8,1,3
2954,2,0,554.1,4,39.9,18.3,2,3,18.7,1,2025-03-26 09:00:00,0.37,738.8,812.5,73.7,Slight Delay,2,3,3,1108.2,6,9,1,0
2955,7,0,1737.9,1,29.1,4.6,3,1,42.5,0,2025-03-12 20:00:00,0.57,2317.2,2477.0,159.8,Moderate Delay,4,1,1,6951.6,4,20,1,3
2956,5,7,695.2,2,34.0,0.0,2,2,24.2,2,2025-08-01 09:00:00,0.05,926.9,1004.3,77.4,Slight Delay,2,2,2,1390.4,4,9,1,0
2957,8,7,1507.3,5,15.8,12.4,1,2,29.8,2,2025-03-08 12:00:00,0.44,2009.7,2144.2,134.5,Moderate Delay,1,5,2,1507.3,5,12,0,3
2958,5,8,481.3,4,18.4,42.0,3,2,29.4,2,2025-10-02 12:00:00,0.07,641.7,778.8,137.1,Moderate Delay,4,3,2,1925.2,12,12,0,1
2959,9,4,1859.3,1,20.0,1.2,1,2,26.1,0,2025-10-14 09:00:00,0.31,2479.1,2545.2,66.1,On Time,1,1,2,1859.3,1,9,1,3
2960,7,2,1955.1,4,21.7,78.7,1,3,3.7,0,2025-08-27 22:00:00,0.41,2606.8,2723.8,117.0,Moderate Delay,1,3,3,1955.1,3,22,0,3
2961,7,3,1648.3,1,17.5,0.1,0,3,11.3,2,2025-03-11 12:00:00,0.29,2197.7,2328.0,130.3,Moderate Delay,3,1,3,4944.9,3,12,0,3
2962,8,1,1131.1,1,37.4,4.9,1,2,27.4,1,2025-01-20 18:00:00,0.25,1508.1,1564.3,56.2,On Time,1,1,2,1131.1,1,18,1,3
2963,5,8,1076.0,5,24.3,54.1,0,2,13.9,0,2025-07-23 21:00:00,0.21,1434.7,1613.6,178.9,Severe Delay,3,5,2,3228.0,15,21,0,3
2964,7,9,1281.5,3,30.7,51.7,0,1,8.8,0,2025-11-14 09:00:00,0.17,1708.7,1838.0,129.3,Moderate Delay,3,4,1,3844.5,12,9,1,3
2965,2,8,623.6,2,11.3,0.0,2,1,20.2,0,2025-01-29 09:00:00,0.5,831.5,916.5,85.0,Slight Delay,2,2,1,1247.2,4,9,1,0
2966,8,6,1576.2,1,30.4,1.3,3,1,11.8,2,2025-09-03 06:00:00,0.01,2101.6,2234.2,132.6,Moderate Delay,4,1,1,6304.8,4,6,0,3
2967,2,6,110.6,4,13.7,38.0,1,3,24.1,2,2025-05-25 12:00:00,0.49,147.5,212.3,64.8,On Time,1,3,3,110.6,3,12,0,1
2968,3,5,498.0,1,39.2,2.3,2,3,16.5,1,2025-05-30 22:00:00,0.25,664.0,698.7,34.7,On Time,2,1,3,996.0,2,22,0,1
2969,3,6,1878.5,0,11.0,0.0,1,3,38.7,2,2025-08-06 08:00:00,0.32,2504.7,2570.5,65.8,On Time,1,0,3,1878.5,0,8,1,3
2970,7,8,138.7,1,33.9,1.4,1,0,3.2,2,2025-07-08 08:00:00,0.4,184.9,226.3,41.4,On Time,1,1,4,138.7,1,8,1,1
2971,8,0,1734.6,2,20.9,0.0,0,2,4.9,1,2025-05-29 18:00:00,0.46,2312.8,2442.2,129.4,Moderate Delay,3,2,2,5203.799999999999,6,18,1,3
2972,2,6,1263.8,2,32.8,0.0,0,0,39.7,0,2025-10-09 08:00:00,0.38,1685.1,1813.7,128.6,Moderate Delay,3,2,4,3791.3999999999996,6,8,1,3
2973,3,7,507.7,4,40.2,49.2,1,1,24.2,0,2025-09-13 19:00:00,0.01,676.9,704.9,28.0,On Time,1,3,1,507.7,3,19,1,0
2974,6,1,1075.4,3,11.5,76.8,3,1,46.4,0,2025-08-30 13:00:00,0.41,1433.9,1586.0,152.1,Moderate Delay,4,4,1,4301.6,16,13,0,3
2975,0,4,1397.7,4,29.1,6.3,1,0,37.3,1,2025-02-09 20:00:00,0.11,1863.6,1906.7,43.1,On Time,1,3,4,1397.7,3,20,1,3
2976,9,4,211.3,0,34.5,0.0,2,0,14.5,1,2025-07-10 21:00:00,0.59,281.7,363.4,81.7,Slight Delay,2,0,4,422.6,0,21,0,1
2977,0,3,521.4,4,12.5,77.9,0,3,3.5,2,2025-07-12 07:00:00,0.51,695.2,761.9,66.7,On Time,3,3,3,1564.1999999999998,9,7,1,0
2978,5,9,1178.9,1,37.0,1.9,2,2,8.4,2,2025-03-20 15:00:00,0.48,1571.9,1671.1,99.2,Slight Delay,2,1,2,2357.8,2,15,0,3
2979,6,9,292.1,2,27.6,0.0,0,3,5.1,0,2025-08-25 20:00:00,0.58,389.5,510.5,121.0,Moderate Delay,3,2,3,876.3000000000001,6,20,1,1
2980,1,7,1636.9,4,30.0,14.9,1,2,9.0,2,2025-01-14 20:00:00,0.52,2182.5,2281.4,98.9,Slight Delay,1,3,2,1636.9,3,20,1,3
2981,2,7,672.8,5,33.6,17.9,3,1,6.5,0,2025-07-16 14:00:00,0.47,897.1,1123.0,225.9,Severe Delay,4,5,1,2691.2,20,14,0,0
2982,9,5,586.2,2,42.9,0.0,2,2,45.8,1,2025-02-01 12:00:00,0.03,781.6,834.3,52.7,On Time,2,2,2,1172.4,4,12,0,0
2983,3,0,665.1,4,30.1,17.8,0,0,1.6,1,2025-01-09 11:00:00,0.34,886.8,1004.0,117.2,Moderate Delay,3,3,4,1995.3000000000002,9,11,0,0
2984,9,6,1384.8,0,21.3,0.0,0,3,7.9,1,2025-08-24 11:00:00,0.4,1846.4,1964.0,117.6,Moderate Delay,3,0,3,4154.4,0,11,0,3
2985,8,7,78.3,1,44.6,3.6,2,3,21.6,0,2025-07-21 22:00:00,0.11,104.4,157.1,52.7,On Time,2,1,3,156.6,2,22,0,2
2986,8,1,1297.4,3,40.2,21.4,2,3,32.0,2,2025-08-18 19:00:00,0.06,1729.9,1841.5,111.6,Slight Delay,2,4,3,2594.8,8,19,1,3
2987,8,6,313.8,1,25.2,4.7,1,2,25.5,1,2025-07-13 12:00:00,0.44,418.4,462.0,43.6,On Time,1,1,2,313.8,1,12,0,1
2988,1,0,809.1,0,39.0,0.0,2,3,21.4,2,2025-10-08 18:00:00,0.56,1078.8,1142.0,63.2,On Time,2,0,3,1618.2,0,18,1,0
2989,9,8,1154.8,2,22.7,0.0,2,3,17.9,1,2025-03-06 12:00:00,0.41,1539.7,1624.3,84.6,Slight Delay,2,2,3,2309.6,4,12,0,3
2990,0,8,1857.0,2,14.3,0.0,3,1,13.1,0,2025-12-10 06:00:00,0.16,2476.0,2612.9,136.9,Moderate Delay,4,2,1,7428.0,8,6,0,3
2991,6,5,1220.7,5,27.7,42.0,3,0,3.8,2,2025-01-30 16:00:00,0.38,1627.6,1827.0,199.4,Severe Delay,4,5,4,4882.8,20,16,0,3
2992,4,2,1362.4,4,30.2,61.8,1,3,37.2,2,2025-12-18 22:00:00,0.51,1816.5,1897.7,81.2,Slight Delay,1,3,3,1362.4,3,22,0,3
2993,5,1,404.8,3,42.0,35.6,2,2,11.0,1,2025-02-12 16:00:00,0.42,539.7,631.6,91.9,Slight Delay,2,4,2,809.6,8,16,0,1
2994,5,9,221.7,3,42.3,51.8,0,1,43.5,0,2025-04-09 16:00:00,0.41,295.6,401.9,106.3,Slight Delay,3,4,1,665.0999999999999,12,16,0,1
2995,8,0,320.4,0,44.3,0.0,3,2,45.1,0,2025-12-30 16:00:00,0.54,427.2,575.0,147.8,Moderate Delay,4,0,2,1281.6,0,16,0,1
2996,4,6,1856.1,1,29.4,2.2,3,1,48.4,1,2025-12-27 06:00:00,0.28,2474.8,2613.5,138.7,Moderate Delay,4,1,1,7424.4,4,6,0,3
2997,2,5,1038.8,4,20.5,53.3,2,0,45.5,0,2025-04-18 18:00:00,0.0,1385.1,1445.6,60.5,On Time,2,3,4,2077.6,6,18,1,3
2998,1,0,1588.8,2,15.6,0.0,2,0,19.4,2,2025-12-28 11:00:00,0.28,2118.4,2233.4,115.0,Slight Delay,2,2,4,3177.6,4,11,0,3
2999,1,2,1595.9,3,16.4,31.0,1,1,3.7,2,2025-08-26 17:00:00,0.33,2127.9,2210.8,82.9,Slight Delay,1,4,1,1595.9,4,17,1,3
3000,9,8,290.8,5,27.0,20.6,1,2,40.3,2,2025-08-05 11:00:00,0.34,387.7,503.2,115.5,Moderate Delay,1,5,2,290.8,5,11,0,1
