shipment_id,origin,destination,distance_km,weather_condition,temperature,rainfall,traffic_level,route_type,package_weight,shipment_type,dispatch_time,historical_delay_rate,estimated_delivery_time,actual_delivery_time,delay_minutes,delay_status
1,Delhi,Mumbai,761.6,Fog,43.3,0.0,High,City Road,36.7,Standard,2025-03-13 09:00:00,0.36,1015.5,1124.5,109.0,Moderate Delay
2,Ahmedabad,Delhi,383.1,Storm,20.6,44.4,Severe,Highway,21.9,Standard,2025-02-17 12:00:00,0.17,510.8,659.3,148.5,Moderate Delay
3,Chennai,Jaipur,1574.6,Storm,17.0,43.6,Low,City Road,29.8,Same-Day,2025-11-29 19:00:00,0.03,2099.5,2221.1,121.6,Moderate Delay
4,Chennai,Ahmedabad,213.4,Storm,33.9,38.0,High,Highway,6.5,Standard,2025-12-24 19:00:00,0.3,284.5,413.8,129.3,Moderate Delay
5,Hyderabad,Kolkata,1049.7,Cloudy,29.1,0.9,Medium,Rural Road,48.5,Standard,2025-02-17 18:00:00,0.47,1399.6,1476.7,77.1,Moderate Delay
6,Delhi,Pune,557.3,Rain,39.0,31.8,High,Highway,14.4,Same-Day,2025-08-24 09:00:00,0.33,743.1,822.0,78.9,Moderate Delay
7,Pune,Delhi,413.5,Storm,10.2,66.2,High,Rural Road,35.5,Same-Day,2025-04-09 08:00:00,0.44,551.3,692.2,140.9,Moderate Delay
8,Mumbai,Kolkata,145.8,Rain,20.9,29.4,Low,City Road,36.6,Standard,2025-07-14 14:00:00,0.38,194.4,277.8,83.4,Moderate Delay
9,Raipur,Hyderabad,1131.3,Cloudy,37.0,2.5,High,Rural Road,26.4,Standard,2025-12-10 14:00:00,0.26,1508.4,1600.8,92.4,Moderate Delay
10,Delhi,Chennai,513.6,Storm,24.4,61.7,Medium,City Road,11.8,Express,2025-07-14 14:00:00,0.05,684.8,795.1,110.3,Moderate Delay
11,Ahmedabad,Chennai,1745.5,Fog,38.1,0.0,High,Highway,9.7,Standard,2025-01-17 16:00:00,0.54,2327.3,2449.8,122.5,Moderate Delay
12,Pune,Kolkata,1639.7,Clear,40.1,0.0,Medium,Rural Road,0.8,Standard,2025-12-02 21:00:00,0.31,2186.3,2250.0,63.7,Moderate Delay
13,Pune,Ahmedabad,659.9,Cloudy,28.2,3.5,High,City Road,18.5,Standard,2025-10-15 14:00:00,0.58,879.9,979.2,99.3,Moderate Delay
14,Jaipur,Pune,1015.3,Storm,11.8,25.9,Severe,Rural Road,45.5,Standard,2025-03-12 22:00:00,0.14,1353.7,1528.2,174.5,Moderate Delay
15,Raipur,Delhi,1528.0,Clear,18.3,0.0,Low,City Road,36.5,Same-Day,2025-03-23 19:00:00,0.22,2037.3,2073.5,36.2,Slight Delay
16,Jaipur,Delhi,100.7,Heavy Rain,30.7,55.8,Severe,Mixed,1.3,Same-Day,2025-05-09 06:00:00,0.31,134.3,270.2,135.9,Moderate Delay
17,Delhi,Jaipur,1874.7,Rain,14.8,30.6,High,Highway,6.1,Express,2025-08-11 11:00:00,0.55,2499.6,2621.5,121.9,Moderate Delay
18,Raipur,Mumbai,204.3,Fog,41.4,0.0,High,City Road,45.1,Same-Day,2025-02-24 15:00:00,0.38,272.4,387.8,115.4,Moderate Delay
19,Ahmedabad,Chennai,1564.2,Cloudy,32.5,0.4,High,City Road,8.5,Same-Day,2025-09-29 06:00:00,0.54,2085.6,2178.9,93.3,Moderate Delay
20,Jaipur,Hyderabad,1390.0,Heavy Rain,32.8,21.8,Low,Highway,35.8,Express,2025-06-07 13:00:00,0.14,1853.3,1923.6,70.3,Moderate Delay
21,Mumbai,Kolkata,1145.3,Storm,13.3,32.6,Low,Highway,13.6,Same-Day,2025-09-06 08:00:00,0.15,1527.1,1671.9,144.8,Moderate Delay
22,Ahmedabad,Bangalore,995.2,Cloudy,16.8,3.6,Severe,City Road,14.4,Express,2025-09-28 19:00:00,0.01,1326.9,1447.8,120.9,Moderate Delay
23,Chennai,Jaipur,752.9,Fog,10.5,0.0,Medium,Rural Road,46.5,Express,2025-12-10 17:00:00,0.26,1003.9,1096.0,92.1,Moderate Delay
24,Raipur,Jaipur,355.6,Heavy Rain,29.5,75.2,Low,City Road,35.0,Standard,2025-02-02 16:00:00,0.34,474.1,568.0,93.9,Moderate Delay
25,Mumbai,Jaipur,1757.2,Cloudy,35.9,3.5,Medium,Highway,35.3,Standard,2025-12-29 07:00:00,0.22,2342.9,2436.9,94.0,Moderate Delay
26,Chennai,Delhi,1600.6,Clear,32.7,0.0,High,Highway,35.2,Same-Day,2025-05-02 14:00:00,0.48,2134.1,2248.8,114.7,Moderate Delay
27,Raipur,Chennai,91.2,Storm,26.3,45.7,Medium,Mixed,14.7,Standard,2025-08-31 19:00:00,0.35,121.6,225.0,103.4,Moderate Delay
28,Chennai,Delhi,447.3,Clear,31.8,0.0,Severe,Rural Road,4.7,Express,2025-07-30 20:00:00,0.03,596.4,704.5,108.1,Moderate Delay
29,Mumbai,Bangalore,1042.3,Clear,21.3,0.0,Severe,Rural Road,39.9,Standard,2025-05-08 12:00:00,0.16,1389.7,1495.8,106.1,Moderate Delay
30,Chennai,Jaipur,363.1,Heavy Rain,15.5,23.8,Medium,Mixed,27.7,Standard,2025-05-23 20:00:00,0.43,484.1,612.0,127.9,Moderate Delay
31,Chennai,Delhi,1231.2,Heavy Rain,24.7,23.6,Low,Highway,18.1,Same-Day,2025-10-04 06:00:00,0.45,1641.6,1711.0,69.4,Moderate Delay
32,Delhi,Kolkata,213.7,Cloudy,27.2,2.4,Severe,Mixed,9.1,Express,2025-04-20 18:00:00,0.26,284.9,415.7,130.8,Moderate Delay
33,Mumbai,Chennai,1259.2,Heavy Rain,27.6,69.2,Low,Mixed,33.1,Express,2025-08-21 15:00:00,0.1,1678.9,1731.5,52.6,Slight Delay
34,Pune,Jaipur,1293.7,Fog,26.0,0.0,Severe,City Road,27.5,Standard,2025-06-01 12:00:00,0.56,1724.9,1929.8,204.9,Severe Delay
35,Mumbai,Jaipur,219.5,Clear,10.6,0.0,High,Highway,5.2,Standard,2025-10-27 21:00:00,0.41,292.7,356.8,64.1,Moderate Delay
36,Ahmedabad,Jaipur,1399.5,Cloudy,32.0,4.4,Low,Highway,36.9,Standard,2025-02-05 08:00:00,0.48,1866.0,1946.3,80.3,Moderate Delay
37,Chennai,Raipur,837.0,Clear,23.0,0.0,Medium,Highway,38.9,Same-Day,2025-02-11 19:00:00,0.2,1116.0,1173.3,57.3,Slight Delay
38,Jaipur,Ahmedabad,653.7,Rain,41.3,34.2,High,City Road,1.0,Same-Day,2025-06-10 13:00:00,0.54,871.6,991.7,120.1,Moderate Delay
39,Kolkata,Raipur,1271.0,Cloudy,25.7,1.5,High,Mixed,16.8,Express,2025-02-07 06:00:00,0.4,1694.7,1793.8,99.1,Moderate Delay
40,Raipur,Delhi,894.2,Clear,41.1,0.0,Medium,Rural Road,17.9,Standard,2025-06-28 08:00:00,0.07,1192.3,1232.1,39.8,Slight Delay
41,Chennai,Pune,1407.9,Rain,12.5,66.6,Medium,Mixed,35.5,Same-Day,2025-12-27 15:00:00,0.05,1877.2,1932.7,55.5,Slight Delay
42,Jaipur,Ahmedabad,185.3,Clear,37.2,0.0,High,Highway,28.1,Standard,2025-05-16 09:00:00,0.25,247.1,307.8,60.7,Moderate Delay
43,Delhi,Jaipur,131.5,Cloudy,14.2,0.6,High,Rural Road,32.6,Same-Day,2025-04-18 16:00:00,0.45,175.3,276.8,101.5,Moderate Delay
44,Chennai,Hyderabad,166.1,Storm,29.4,77.7,Severe,Rural Road,26.4,Standard,2025-02-17 19:00:00,0.38,221.5,429.4,207.9,Severe Delay
45,Kolkata,Mumbai,110.0,Clear,19.8,0.0,High,City Road,47.5,Same-Day,2025-05-15 11:00:00,0.53,146.7,239.4,92.7,Moderate Delay
46,Raipur,Jaipur,173.9,Fog,44.1,0.0,Severe,Highway,49.3,Standard,2025-02-08 10:00:00,0.42,231.9,336.1,104.2,Moderate Delay
47,Ahmedabad,Mumbai,1823.6,Rain,38.8,76.2,Medium,Mixed,36.4,Standard,2025-01-22 15:00:00,0.37,2431.5,2525.0,93.5,Moderate Delay
48,Hyderabad,Mumbai,1974.8,Rain,15.3,49.6,Medium,City Road,19.4,Same-Day,2025-02-22 17:00:00,0.58,2633.1,2743.2,110.1,Moderate Delay
49,Ahmedabad,Pune,131.6,Storm,40.3,66.0,Medium,City Road,50.0,Standard,2025-04-01 19:00:00,0.6,175.5,310.4,134.9,Moderate Delay
50,Mumbai,Chennai,1909.0,Fog,31.2,0.0,High,Mixed,11.8,Same-Day,2025-05-08 14:00:00,0.4,2545.3,2679.5,134.2,Moderate Delay
51,Bangalore,Delhi,1549.2,Heavy Rain,28.2,68.9,Low,Mixed,27.8,Standard,2025-04-13 20:00:00,0.34,2065.6,2185.5,119.9,Moderate Delay
52,Hyderabad,Kolkata,441.7,Cloudy,14.8,0.1,Medium,Highway,17.9,Same-Day,2025-04-09 18:00:00,0.35,588.9,635.6,46.7,Slight Delay
53,Hyderabad,Kolkata,1571.6,Clear,23.9,0.0,High,Rural Road,31.3,Same-Day,2025-09-18 18:00:00,0.52,2095.5,2194.6,99.1,Moderate Delay
54,Ahmedabad,Hyderabad,995.4,Clear,21.5,0.0,Low,Rural Road,31.9,Standard,2025-10-25 14:00:00,0.14,1327.2,1356.9,29.7,Slight Delay
55,Mumbai,Bangalore,1288.9,Storm,16.4,30.9,Severe,Rural Road,44.9,Same-Day,2025-06-10 19:00:00,0.28,1718.5,1879.1,160.6,Moderate Delay
56,Jaipur,Ahmedabad,195.6,Clear,14.2,0.0,Severe,City Road,23.3,Express,2025-01-23 19:00:00,0.12,260.8,364.1,103.3,Moderate Delay
57,Mumbai,Jaipur,1263.2,Storm,12.9,70.5,Medium,Rural Road,46.1,Express,2025-02-05 16:00:00,0.04,1684.3,1791.2,106.9,Moderate Delay
58,Jaipur,Hyderabad,1244.1,Fog,22.9,0.0,Low,Rural Road,23.4,Same-Day,2025-06-08 19:00:00,0.45,1658.8,1726.4,67.6,Moderate Delay
59,Hyderabad,Raipur,1073.6,Fog,13.8,0.0,High,City Road,22.6,Standard,2025-08-04 18:00:00,0.32,1431.5,1530.3,98.8,Moderate Delay
60,Bangalore,Hyderabad,257.1,Heavy Rain,41.2,49.5,Low,Rural Road,34.1,Express,2025-04-18 19:00:00,0.47,342.8,428.0,85.2,Moderate Delay
61,Jaipur,Hyderabad,874.7,Heavy Rain,14.5,26.3,Severe,Mixed,18.5,Same-Day,2025-04-20 22:00:00,0.39,1166.3,1319.3,153.0,Moderate Delay
62,Raipur,Bangalore,389.4,Fog,20.0,0.0,Low,Rural Road,9.1,Same-Day,2025-12-06 16:00:00,0.54,519.2,572.3,53.1,Slight Delay
63,Delhi,Kolkata,807.8,Fog,43.9,0.0,High,City Road,43.3,Standard,2025-03-17 06:00:00,0.49,1077.1,1194.3,117.2,Moderate Delay
64,Mumbai,Kolkata,1543.6,Heavy Rain,16.5,29.3,Low,Mixed,21.6,Express,2025-11-19 12:00:00,0.3,2058.1,2151.1,93.0,Moderate Delay
65,Pune,Ahmedabad,325.6,Heavy Rain,26.8,44.9,Medium,City Road,3.1,Same-Day,2025-12-19 06:00:00,0.2,434.1,525.6,91.5,Moderate Delay
66,Delhi,Raipur,1525.3,Cloudy,30.8,2.4,Medium,Mixed,20.9,Standard,2025-10-13 13:00:00,0.21,2033.7,2094.0,60.3,Moderate Delay
67,Delhi,Ahmedabad,1877.9,Cloudy,16.3,0.3,Severe,Rural Road,37.2,Express,2025-11-10 22:00:00,0.34,2503.9,2629.1,125.2,Moderate Delay
68,Pune,Jaipur,1337.1,Heavy Rain,28.3,31.9,Medium,Mixed,43.9,Express,2025-05-13 13:00:00,0.24,1782.8,1888.1,105.3,Moderate Delay
69,Kolkata,Jaipur,1500.3,Heavy Rain,27.6,22.4,Medium,Rural Road,45.0,Express,2025-02-09 15:00:00,0.23,2000.4,2099.9,99.5,Moderate Delay
70,Chennai,Hyderabad,295.8,Rain,37.8,51.5,High,Highway,26.9,Standard,2025-03-19 13:00:00,0.54,394.4,505.7,111.3,Moderate Delay
71,Pune,Bangalore,86.4,Fog,29.9,0.0,Medium,Highway,38.2,Express,2025-07-28 16:00:00,0.53,115.2,190.4,75.2,Moderate Delay
72,Ahmedabad,Raipur,316.8,Heavy Rain,18.0,59.2,Low,City Road,36.1,Express,2025-07-19 06:00:00,0.38,422.4,501.1,78.7,Moderate Delay
73,Jaipur,Pune,1818.7,Heavy Rain,30.4,35.1,Low,Rural Road,23.4,Express,2025-07-19 19:00:00,0.57,2424.9,2546.6,121.7,Moderate Delay
74,Ahmedabad,Jaipur,1846.5,Storm,34.8,16.4,Medium,Mixed,29.0,Standard,2025-05-20 19:00:00,0.36,2462.0,2637.6,175.6,Moderate Delay
75,Raipur,Mumbai,244.2,Heavy Rain,44.5,67.9,High,Mixed,6.7,Same-Day,2025-03-26 20:00:00,0.55,325.6,455.0,129.4,Moderate Delay
76,Bangalore,Jaipur,29.2,Clear,21.7,0.0,Severe,Highway,20.2,Standard,2025-11-26 19:00:00,0.32,38.9,124.7,85.8,Moderate Delay
77,Bangalore,Ahmedabad,464.7,Cloudy,25.8,0.7,Low,Rural Road,9.2,Express,2025-06-17 12:00:00,0.3,619.6,660.9,41.3,Slight Delay
78,Raipur,Hyderabad,189.0,Rain,44.9,42.7,Severe,Rural Road,30.0,Express,2025-05-10 08:00:00,0.04,252.0,347.9,95.9,Moderate Delay
79,Raipur,Mumbai,92.4,Fog,26.5,0.0,Low,Rural Road,28.5,Standard,2025-11-29 08:00:00,0.04,123.2,165.5,42.3,Slight Delay
80,Mumbai,Delhi,380.2,Cloudy,40.2,4.7,Medium,Highway,19.0,Same-Day,2025-03-20 13:00:00,0.16,506.9,535.2,28.3,Slight Delay
81,Bangalore,Ahmedabad,1324.7,Fog,10.9,0.0,Low,City Road,11.5,Express,2025-12-25 14:00:00,0.14,1766.3,1837.6,71.3,Moderate Delay
82,Hyderabad,Bangalore,216.9,Storm,18.5,59.2,Low,City Road,42.9,Express,2025-02-25 06:00:00,0.5,289.2,418.8,129.6,Moderate Delay
83,Kolkata,Raipur,45.7,Heavy Rain,13.0,20.6,Medium,Highway,1.8,Same-Day,2025-12-20 13:00:00,0.11,60.9,112.2,51.3,Slight Delay
84,Delhi,Hyderabad,1188.8,Fog,19.4,0.0,Low,Highway,31.4,Express,2025-09-30 19:00:00,0.25,1585.1,1650.3,65.2,Moderate Delay
85,Hyderabad,Delhi,297.4,Storm,40.4,41.6,High,Highway,44.8,Express,2025-09-08 09:00:00,0.48,396.5,519.5,123.0,Moderate Delay
86,Pune,Hyderabad,1673.2,Fog,44.5,0.0,Severe,City Road,26.5,Express,2025-04-01 22:00:00,0.1,2230.9,2356.6,125.7,Moderate Delay
87,Kolkata,Jaipur,562.6,Heavy Rain,29.4,53.9,Severe,Mixed,41.6,Same-Day,2025-10-31 14:00:00,0.12,750.1,886.9,136.8,Moderate Delay
88,Hyderabad,Chennai,367.2,Clear,42.0,0.0,High,Mixed,21.2,Standard,2025-08-26 18:00:00,0.23,489.6,554.0,64.4,Moderate Delay
89,Hyderabad,Mumbai,1214.2,Heavy Rain,18.6,34.2,High,City Road,14.8,Express,2025-04-19 17:00:00,0.21,1618.9,1760.1,141.2,Moderate Delay
90,Kolkata,Pune,445.6,Rain,11.1,24.7,High,Highway,30.0,Same-Day,2025-04-08 08:00:00,0.03,594.1,660.6,66.5,Moderate Delay
91,Chennai,Raipur,168.8,Heavy Rain,35.5,42.2,Medium,Mixed,34.6,Same-Day,2025-12-31 21:00:00,0.26,225.1,281.4,56.3,Slight Delay
92,Raipur,Mumbai,201.3,Clear,42.1,0.0,High,City Road,7.3,Express,2025-12-21 13:00:00,0.57,268.4,375.5,107.1,Moderate Delay
93,Kolkata,Pune,1617.0,Heavy Rain,33.1,56.9,High,Mixed,42.5,Same-Day,2025-10-09 16:00:00,0.15,2156.0,2292.8,136.8,Moderate Delay
94,Hyderabad,Ahmedabad,377.5,Rain,29.9,73.7,High,Rural Road,2.2,Standard,2025-03-03 12:00:00,0.42,503.3,627.8,124.5,Moderate Delay
95,Hyderabad,Delhi,1726.8,Fog,39.6,0.0,Medium,City Road,16.3,Standard,2025-09-05 14:00:00,0.5,2302.4,2385.0,82.6,Moderate Delay
96,Jaipur,Ahmedabad,1455.0,Storm,12.3,28.6,High,Highway,27.2,Standard,2025-06-01 13:00:00,0.47,1940.0,2111.3,171.3,Moderate Delay
97,Hyderabad,Bangalore,68.3,Rain,40.5,6.6,Low,City Road,43.8,Express,2025-01-24 07:00:00,0.32,91.1,157.7,66.6,Moderate Delay
98,Ahmedabad,Kolkata,1262.5,Fog,40.6,0.0,Medium,Mixed,49.2,Standard,2025-01-07 15:00:00,0.46,1683.3,1748.2,64.9,Moderate Delay
99,Raipur,Ahmedabad,722.2,Heavy Rain,20.1,27.2,High,City Road,12.1,Standard,2025-05-10 21:00:00,0.03,962.9,1090.5,127.6,Moderate Delay
100,Delhi,Bangalore,1890.6,Heavy Rain,26.4,51.0,Severe,Highway,8.8,Same-Day,2025-11-19 07:00:00,0.59,2520.8,2725.4,204.6,Severe Delay
101,Bangalore,Chennai,476.7,Storm,16.2,21.5,High,Highway,9.7,Standard,2025-03-02 19:00:00,0.47,635.6,796.4,160.8,Moderate Delay
102,Jaipur,Chennai,1398.1,Storm,15.4,66.2,Severe,Mixed,11.6,Express,2025-06-02 19:00:00,0.13,1864.1,2047.2,183.1,Severe Delay
103,Kolkata,Mumbai,545.9,Storm,14.5,71.7,Low,City Road,47.8,Same-Day,2025-04-19 14:00:00,0.52,727.9,842.5,114.6,Moderate Delay
104,Delhi,Chennai,1452.4,Cloudy,27.4,0.4,Medium,Highway,11.4,Standard,2025-01-02 19:00:00,0.41,1936.5,2006.4,69.9,Moderate Delay
105,Raipur,Ahmedabad,1652.9,Rain,22.2,55.9,Low,City Road,28.5,Express,2025-12-28 15:00:00,0.16,2203.9,2311.3,107.4,Moderate Delay
106,Raipur,Delhi,1401.0,Fog,33.8,0.0,Medium,Rural Road,31.1,Same-Day,2025-10-29 12:00:00,0.45,1868.0,1974.3,106.3,Moderate Delay
107,Pune,Delhi,275.2,Storm,21.7,60.8,Medium,City Road,8.5,Express,2025-03-14 08:00:00,0.49,366.9,512.4,145.5,Moderate Delay
108,Mumbai,Chennai,534.4,Rain,32.2,45.5,High,Mixed,39.1,Standard,2025-08-28 15:00:00,0.06,712.5,803.4,90.9,Moderate Delay
109,Pune,Kolkata,1865.4,Storm,13.6,75.3,Severe,Mixed,34.6,Standard,2025-11-03 07:00:00,0.04,2487.2,2683.8,196.6,Severe Delay
110,Pune,Hyderabad,1745.6,Storm,44.1,77.7,High,Highway,37.6,Standard,2025-04-28 06:00:00,0.08,2327.5,2471.7,144.2,Moderate Delay
111,Kolkata,Mumbai,1545.4,Cloudy,33.9,2.2,Severe,Mixed,14.0,Express,2025-04-03 19:00:00,0.6,2060.5,2240.1,179.6,Moderate Delay
112,Raipur,Delhi,561.1,Heavy Rain,43.3,16.3,High,Mixed,21.9,Express,2025-06-14 09:00:00,0.57,748.1,911.2,163.1,Moderate Delay
113,Bangalore,Pune,830.5,Heavy Rain,41.3,22.2,Severe,Rural Road,11.0,Same-Day,2025-07-25 07:00:00,0.02,1107.3,1259.0,151.7,Moderate Delay
114,Raipur,Delhi,1557.7,Rain,37.0,68.4,High,Rural Road,38.2,Standard,2025-07-26 22:00:00,0.38,2076.9,2202.1,125.2,Moderate Delay
115,Mumbai,Jaipur,973.4,Heavy Rain,14.1,14.4,Severe,Highway,34.4,Standard,2025-09-23 17:00:00,0.26,1297.9,1441.1,143.2,Moderate Delay
116,Jaipur,Raipur,921.3,Fog,10.4,0.0,Severe,Highway,4.1,Standard,2025-05-17 10:00:00,0.24,1228.4,1394.4,166.0,Moderate Delay
117,Kolkata,Ahmedabad,1564.1,Fog,11.4,0.0,Severe,Highway,24.3,Standard,2025-11-19 13:00:00,0.06,2085.5,2254.7,169.2,Moderate Delay
118,Bangalore,Hyderabad,39.3,Storm,21.4,43.8,Low,Mixed,4.8,Standard,2025-04-26 09:00:00,0.21,52.4,143.9,91.5,Moderate Delay
119,Raipur,Delhi,1385.1,Fog,38.0,0.0,Medium,Mixed,10.4,Same-Day,2025-05-30 22:00:00,0.1,1846.8,1911.1,64.3,Moderate Delay
120,Kolkata,Raipur,1423.9,Heavy Rain,40.5,58.6,Severe,City Road,40.2,Express,2025-10-10 10:00:00,0.2,1898.5,2070.8,172.3,Moderate Delay
121,Pune,Chennai,915.6,Storm,32.5,44.5,Medium,Highway,36.7,Express,2025-08-01 16:00:00,0.05,1220.8,1312.6,91.8,Moderate Delay
122,Ahmedabad,Kolkata,1324.2,Clear,27.4,0.0,High,Rural Road,28.0,Same-Day,2025-10-24 21:00:00,0.43,1765.6,1869.6,104.0,Moderate Delay
123,Bangalore,Ahmedabad,1366.9,Storm,12.5,7.3,Severe,Rural Road,13.3,Express,2025-10-10 18:00:00,0.28,1822.5,2035.0,212.5,Severe Delay
124,Raipur,Hyderabad,1456.0,Cloudy,27.0,4.4,Medium,Mixed,45.1,Standard,2025-07-30 07:00:00,0.25,1941.3,2031.5,90.2,Moderate Delay
125,Hyderabad,Ahmedabad,1270.5,Fog,35.7,0.0,Severe,Mixed,7.0,Same-Day,2025-11-30 10:00:00,0.43,1694.0,1849.1,155.1,Moderate Delay
126,Raipur,Mumbai,509.5,Cloudy,40.5,2.2,High,Highway,26.0,Express,2025-02-21 22:00:00,0.22,679.3,748.2,68.9,Moderate Delay
127,Raipur,Mumbai,1320.3,Fog,21.4,0.0,Medium,Mixed,38.8,Same-Day,2025-03-21 08:00:00,0.08,1760.4,1809.3,48.9,Slight Delay
128,Raipur,Kolkata,1661.2,Rain,25.1,23.7,Severe,Highway,31.0,Express,2025-12-12 18:00:00,0.42,2214.9,2362.9,148.0,Moderate Delay
129,Hyderabad,Ahmedabad,959.8,Storm,39.5,65.4,Low,Highway,29.5,Standard,2025-11-20 15:00:00,0.52,1279.7,1378.9,99.2,Moderate Delay
130,Chennai,Delhi,1869.1,Heavy Rain,21.1,43.0,Low,Highway,2.6,Express,2025-03-27 15:00:00,0.09,2492.1,2595.3,103.2,Moderate Delay
131,Mumbai,Delhi,1738.5,Rain,25.9,43.7,Low,Rural Road,24.7,Express,2025-07-11 19:00:00,0.4,2318.0,2403.4,85.4,Moderate Delay
132,Bangalore,Kolkata,898.6,Storm,40.4,18.3,Severe,City Road,34.8,Standard,2025-03-31 08:00:00,0.5,1198.1,1450.2,252.1,Severe Delay
133,Jaipur,Pune,1149.8,Storm,11.1,74.8,Medium,Mixed,34.6,Same-Day,2025-03-15 13:00:00,0.41,1533.1,1658.4,125.3,Moderate Delay
134,Raipur,Kolkata,1569.1,Heavy Rain,29.8,60.4,High,Highway,44.0,Express,2025-05-28 11:00:00,0.24,2092.1,2227.2,135.1,Moderate Delay
135,Delhi,Ahmedabad,882.5,Rain,38.6,14.0,High,Mixed,27.5,Same-Day,2025-05-09 20:00:00,0.0,1176.7,1236.3,59.6,Slight Delay
136,Kolkata,Chennai,759.0,Heavy Rain,18.0,10.5,Severe,Highway,30.4,Standard,2025-07-15 17:00:00,0.4,1012.0,1180.6,168.6,Moderate Delay
137,Jaipur,Kolkata,968.8,Fog,10.9,0.0,High,Highway,17.4,Same-Day,2025-07-22 14:00:00,0.23,1291.7,1396.7,105.0,Moderate Delay
138,Mumbai,Delhi,1911.9,Storm,10.6,19.7,Severe,Rural Road,0.9,Standard,2025-11-07 17:00:00,0.39,2549.2,2786.0,236.8,Severe Delay
139,Chennai,Kolkata,716.2,Storm,13.5,41.4,High,City Road,13.2,Same-Day,2025-02-19 07:00:00,0.17,954.9,1087.6,132.7,Moderate Delay
140,Kolkata,Ahmedabad,838.8,Clear,14.3,0.0,High,City Road,9.5,Standard,2025-06-01 16:00:00,0.41,1118.4,1227.4,109.0,Moderate Delay
141,Pune,Bangalore,528.0,Cloudy,43.7,2.4,Medium,Rural Road,40.4,Same-Day,2025-09-14 14:00:00,0.33,704.0,767.8,63.8,Moderate Delay
142,Bangalore,Hyderabad,439.8,Heavy Rain,31.4,35.8,High,Rural Road,42.1,Standard,2025-08-28 08:00:00,0.54,586.4,732.3,145.9,Moderate Delay
143,Bangalore,Kolkata,859.0,Fog,33.4,0.0,Severe,Rural Road,5.2,Standard,2025-07-22 06:00:00,0.37,1145.3,1320.3,175.0,Moderate Delay
144,Kolkata,Jaipur,66.8,Clear,32.5,0.0,Severe,Rural Road,30.6,Same-Day,2025-12-11 14:00:00,0.33,89.1,199.2,110.1,Moderate Delay
145,Jaipur,Pune,290.2,Fog,34.3,0.0,High,Highway,20.5,Same-Day,2025-04-30 21:00:00,0.26,386.9,474.2,87.3,Moderate Delay
146,Mumbai,Jaipur,562.8,Rain,12.8,11.4,Medium,Highway,44.8,Same-Day,2025-08-26 15:00:00,0.12,750.4,800.9,50.5,Slight Delay
147,Pune,Delhi,153.9,Cloudy,38.0,1.2,Low,Highway,27.2,Express,2025-09-10 09:00:00,0.53,205.2,262.1,56.9,Slight Delay
148,Delhi,Kolkata,941.1,Storm,12.1,47.2,Medium,Mixed,47.9,Express,2025-07-09 19:00:00,0.11,1254.8,1372.0,117.2,Moderate Delay
149,Jaipur,Bangalore,1517.2,Heavy Rain,22.2,54.9,Low,Mixed,39.9,Same-Day,2025-07-28 14:00:00,0.56,2022.9,2164.0,141.1,Moderate Delay
150,Mumbai,Pune,1051.5,Cloudy,31.8,0.4,Severe,Mixed,37.9,Standard,2025-07-05 09:00:00,0.08,1402.0,1529.3,127.3,Moderate Delay
151,Hyderabad,Jaipur,541.0,Fog,22.6,0.0,High,Highway,4.8,Express,2025-05-22 12:00:00,0.56,721.3,838.2,116.9,Moderate Delay
152,Delhi,Ahmedabad,1004.0,Clear,44.7,0.0,Medium,Highway,42.6,Standard,2025-06-20 13:00:00,0.13,1338.7,1379.0,40.3,Slight Delay
153,Bangalore,Kolkata,1738.8,Clear,38.2,0.0,Medium,City Road,39.6,Standard,2025-06-18 10:00:00,0.18,2318.4,2399.8,81.4,Moderate Delay
154,Jaipur,Mumbai,1648.5,Rain,14.6,69.7,Medium,City Road,46.2,Same-Day,2025-05-09 11:00:00,0.29,2198.0,2293.2,95.2,Moderate Delay
155,Delhi,Mumbai,309.8,Cloudy,22.9,0.3,Low,Rural Road,1.8,Standard,2025-10-29 16:00:00,0.08,413.1,419.5,6.4,On Time
156,Mumbai,Chennai,229.2,Rain,32.4,21.2,Low,City Road,31.2,Same-Day,2025-08-04 22:00:00,0.39,305.6,355.2,49.6,Slight Delay
157,Delhi,Bangalore,1989.8,Heavy Rain,12.0,57.1,Severe,Rural Road,49.2,Same-Day,2025-10-31 09:00:00,0.14,2653.1,2787.6,134.5,Moderate Delay
158,Raipur,Jaipur,1993.5,Cloudy,38.5,3.1,Low,Rural Road,15.7,Express,2025-11-26 06:00:00,0.37,2658.0,2738.8,80.8,Moderate Delay
159,Mumbai,Ahmedabad,405.4,Heavy Rain,22.9,36.1,Severe,Highway,41.5,Express,2025-12-31 20:00:00,0.44,540.5,674.6,134.1,Moderate Delay
160,Delhi,Bangalore,291.5,Rain,28.7,21.1,Medium,Highway,1.1,Standard,2025-05-21 16:00:00,0.14,388.7,435.0,46.3,Slight Delay
161,Pune,Jaipur,1105.0,Rain,25.9,68.3,Severe,Mixed,5.4,Standard,2025-12-26 09:00:00,0.29,1473.3,1600.2,126.9,Moderate Delay
162,Ahmedabad,Chennai,1574.3,Heavy Rain,41.2,76.7,Severe,City Road,39.5,Express,2025-06-23 20:00:00,0.19,2099.1,2263.8,164.7,Moderate Delay
163,Pune,Raipur,1805.5,Fog,26.2,0.0,Low,Rural Road,32.0,Express,2025-06-10 14:00:00,0.4,2407.3,2504.9,97.6,Moderate Delay
164,Hyderabad,Bangalore,1034.2,Fog,33.8,0.0,Severe,Highway,2.6,Standard,2025-02-13 08:00:00,0.05,1378.9,1480.4,101.5,Moderate Delay
165,Pune,Delhi,1480.3,Fog,22.4,0.0,High,City Road,15.2,Same-Day,2025-01-31 16:00:00,0.21,1973.7,2098.1,124.4,Moderate Delay
166,Delhi,Raipur,544.8,Rain,10.7,11.2,Severe,Highway,48.4,Express,2025-11-04 15:00:00,0.18,726.4,852.2,125.8,Moderate Delay
167,Hyderabad,Delhi,1237.7,Storm,37.1,53.3,Medium,City Road,26.7,Same-Day,2025-09-04 13:00:00,0.03,1650.3,1819.1,168.8,Moderate Delay
168,Delhi,Pune,1627.3,Storm,33.0,14.6,High,Highway,17.2,Express,2025-10-21 13:00:00,0.56,2169.7,2333.1,163.4,Moderate Delay
169,Pune,Jaipur,1887.3,Storm,18.4,14.1,Low,Rural Road,10.3,Standard,2025-04-03 14:00:00,0.53,2516.4,2702.9,186.5,Severe Delay
170,Kolkata,Pune,1515.0,Rain,26.1,68.1,Low,City Road,36.6,Standard,2025-10-17 18:00:00,0.47,2020.0,2150.8,130.8,Moderate Delay
171,Delhi,Chennai,105.5,Fog,15.8,0.0,Low,Highway,7.0,Same-Day,2025-09-29 12:00:00,0.44,140.7,224.8,84.1,Moderate Delay
172,Pune,Raipur,1026.6,Heavy Rain,20.4,47.4,High,City Road,34.6,Express,2025-06-09 16:00:00,0.52,1368.8,1521.1,152.3,Moderate Delay
173,Jaipur,Delhi,508.4,Clear,35.4,0.0,Medium,City Road,49.6,Same-Day,2025-01-26 08:00:00,0.06,677.9,705.3,27.4,Slight Delay
174,Kolkata,Ahmedabad,723.7,Fog,37.4,0.0,Severe,Mixed,27.9,Same-Day,2025-08-15 19:00:00,0.0,964.9,1073.4,108.5,Moderate Delay
175,Kolkata,Chennai,748.5,Storm,21.4,16.2,Low,Rural Road,15.6,Express,2025-02-26 15:00:00,0.53,998.0,1143.8,145.8,Moderate Delay
176,Jaipur,Raipur,837.0,Storm,34.3,5.2,High,Highway,31.2,Standard,2025-07-22 07:00:00,0.21,1116.0,1274.0,158.0,Moderate Delay
177,Mumbai,Kolkata,148.4,Rain,30.3,47.1,Medium,City Road,28.3,Express,2025-05-29 16:00:00,0.36,197.9,286.7,88.8,Moderate Delay
178,Delhi,Mumbai,1421.2,Heavy Rain,37.6,43.8,Severe,City Road,22.3,Standard,2025-07-14 13:00:00,0.09,1894.9,2047.1,152.2,Moderate Delay
179,Ahmedabad,Jaipur,1476.6,Fog,44.9,0.0,High,Highway,46.7,Express,2025-01-22 19:00:00,0.39,1968.8,2071.5,102.7,Moderate Delay
180,Mumbai,Ahmedabad,1152.3,Clear,30.6,0.0,High,Mixed,9.6,Same-Day,2025-07-27 19:00:00,0.22,1536.4,1614.0,77.6,Moderate Delay
181,Kolkata,Delhi,1045.8,Heavy Rain,20.5,75.6,Low,Rural Road,13.3,Standard,2025-11-13 20:00:00,0.26,1394.4,1492.7,98.3,Moderate Delay
182,Hyderabad,Delhi,179.6,Heavy Rain,35.5,42.2,Low,City Road,22.1,Express,2025-10-29 18:00:00,0.44,239.5,342.8,103.3,Moderate Delay
183,Ahmedabad,Delhi,1320.8,Heavy Rain,43.5,10.2,High,Rural Road,3.3,Standard,2025-06-20 11:00:00,0.17,1761.1,1876.9,115.8,Moderate Delay
184,Delhi,Jaipur,1557.9,Fog,12.3,0.0,Low,City Road,24.6,Express,2025-06-29 10:00:00,0.02,2077.2,2158.9,81.7,Moderate Delay
185,Chennai,Delhi,707.7,Cloudy,41.5,0.1,High,City Road,33.4,Standard,2025-11-05 10:00:00,0.58,943.6,1061.3,117.7,Moderate Delay
186,Delhi,Chennai,412.2,Fog,29.8,0.0,Severe,Mixed,23.5,Same-Day,2025-10-24 20:00:00,0.58,549.6,670.1,120.5,Moderate Delay
187,Jaipur,Hyderabad,516.9,Fog,39.8,0.0,High,City Road,28.3,Express,2025-02-04 21:00:00,0.31,689.2,798.6,109.4,Moderate Delay
188,Raipur,Kolkata,927.4,Rain,27.0,17.4,Low,Rural Road,47.3,Same-Day,2025-02-07 15:00:00,0.51,1236.5,1316.9,80.4,Moderate Delay
189,Raipur,Ahmedabad,143.3,Clear,27.9,0.0,Low,Rural Road,40.4,Express,2025-02-09 08:00:00,0.28,191.1,223.4,32.3,Slight Delay
190,Jaipur,Ahmedabad,1048.4,Heavy Rain,17.2,70.8,Severe,Highway,44.0,Express,2025-10-20 12:00:00,0.52,1397.9,1543.9,146.0,Moderate Delay
191,Hyderabad,Ahmedabad,149.1,Storm,26.2,73.2,Medium,Highway,27.2,Express,2025-02-22 16:00:00,0.3,198.8,270.9,72.1,Moderate Delay
192,Delhi,Jaipur,1589.9,Fog,30.2,0.0,Medium,Highway,31.9,Standard,2025-12-29 20:00:00,0.48,2119.9,2224.1,104.2,Moderate Delay
193,Raipur,Jaipur,1590.7,Storm,21.1,69.3,Medium,Rural Road,45.4,Express,2025-05-25 18:00:00,0.17,2120.9,2256.7,135.8,Moderate Delay
194,Pune,Hyderabad,891.8,Fog,31.5,0.0,Low,Rural Road,4.6,Standard,2025-06-18 09:00:00,0.53,1189.1,1311.6,122.5,Moderate Delay
195,Ahmedabad,Pune,1342.5,Rain,32.2,17.4,High,City Road,44.2,Express,2025-02-11 10:00:00,0.26,1790.0,1888.5,98.5,Moderate Delay
196,Hyderabad,Kolkata,1719.2,Fog,38.7,0.0,Severe,City Road,27.3,Same-Day,2025-12-29 08:00:00,0.43,2292.3,2472.5,180.2,Severe Delay
197,Kolkata,Jaipur,998.5,Heavy Rain,39.0,30.1,High,City Road,9.1,Same-Day,2025-12-26 22:00:00,0.43,1331.3,1473.2,141.9,Moderate Delay
198,Delhi,Raipur,1309.3,Storm,31.7,31.4,High,Highway,42.2,Express,2025-06-08 11:00:00,0.28,1745.7,1915.5,169.8,Moderate Delay
199,Chennai,Pune,1378.9,Heavy Rain,12.4,18.1,Medium,City Road,42.9,Standard,2025-03-21 08:00:00,0.14,1838.5,1958.8,120.3,Moderate Delay
200,Kolkata,Delhi,85.7,Storm,20.6,54.0,Low,Rural Road,46.9,Same-Day,2025-03-09 18:00:00,0.52,114.3,240.4,126.1,Moderate Delay
201,Bangalore,Chennai,1348.0,Cloudy,29.6,0.6,Medium,Mixed,22.6,Standard,2025-07-30 17:00:00,0.28,1797.3,1872.8,75.5,Moderate Delay
202,Chennai,Ahmedabad,1485.0,Storm,42.1,26.0,High,Mixed,43.0,Standard,2025-10-01 13:00:00,0.18,1980.0,2155.5,175.5,Moderate Delay
203,Kolkata,Ahmedabad,1458.8,Cloudy,20.7,4.1,High,Mixed,14.4,Express,2025-05-25 18:00:00,0.52,1945.1,2039.4,94.3,Moderate Delay
204,Ahmedabad,Jaipur,616.5,Heavy Rain,30.9,27.3,Medium,City Road,15.3,Same-Day,2025-03-12 14:00:00,0.45,822.0,928.5,106.5,Moderate Delay
205,Mumbai,Ahmedabad,1786.8,Rain,16.5,10.9,Low,Highway,12.4,Express,2025-02-12 11:00:00,0.48,2382.4,2460.4,78.0,Moderate Delay
206,Kolkata,Ahmedabad,205.8,Storm,41.8,55.2,Medium,Mixed,41.5,Standard,2025-04-24 20:00:00,0.53,274.4,407.6,133.2,Moderate Delay
207,Hyderabad,Mumbai,1552.3,Heavy Rain,31.1,71.9,Low,Mixed,22.4,Same-Day,2025-07-11 13:00:00,0.36,2069.7,2161.8,92.1,Moderate Delay
208,Pune,Delhi,985.6,Rain,32.8,76.3,Medium,Highway,30.2,Express,2025-02-20 16:00:00,0.45,1314.1,1375.1,61.0,Moderate Delay
209,Bangalore,Chennai,955.5,Clear,11.6,0.0,High,Mixed,7.4,Same-Day,2025-03-13 21:00:00,0.17,1274.0,1325.5,51.5,Slight Delay
210,Raipur,Mumbai,1042.8,Clear,10.2,0.0,Low,Rural Road,0.9,Standard,2025-03-18 22:00:00,0.13,1390.4,1432.8,42.4,Slight Delay
211,Pune,Delhi,1035.1,Rain,20.3,74.9,Medium,Rural Road,20.2,Standard,2025-01-25 13:00:00,0.05,1380.1,1470.6,90.5,Moderate Delay
212,Pune,Ahmedabad,1985.8,Clear,14.6,0.0,Low,Mixed,14.1,Same-Day,2025-10-02 06:00:00,0.24,2647.7,2713.7,66.0,Moderate Delay
213,Ahmedabad,Chennai,632.6,Fog,38.8,0.0,Medium,Rural Road,47.8,Express,2025-01-01 17:00:00,0.49,843.5,928.9,85.4,Moderate Delay
214,Chennai,Raipur,246.7,Cloudy,23.4,2.3,Low,Rural Road,18.8,Standard,2025-09-27 22:00:00,0.07,328.9,360.2,31.3,Slight Delay
215,Ahmedabad,Jaipur,1884.6,Clear,33.4,0.0,Severe,Mixed,34.1,Standard,2025-11-22 18:00:00,0.22,2512.8,2651.9,139.1,Moderate Delay
216,Hyderabad,Kolkata,258.7,Fog,41.6,0.0,Low,Rural Road,3.8,Standard,2025-06-26 13:00:00,0.32,344.9,412.2,67.3,Moderate Delay
217,Delhi,Pune,1162.9,Cloudy,11.5,0.6,Low,Rural Road,28.2,Same-Day,2025-06-23 11:00:00,0.21,1550.5,1591.8,41.3,Slight Delay
218,Raipur,Ahmedabad,626.5,Fog,37.6,0.0,Medium,City Road,22.6,Standard,2025-08-23 07:00:00,0.48,835.3,958.8,123.5,Moderate Delay
219,Kolkata,Chennai,1172.8,Clear,23.0,0.0,Medium,Highway,30.3,Express,2025-06-08 22:00:00,0.42,1563.7,1607.5,43.8,Slight Delay
220,Pune,Jaipur,325.8,Heavy Rain,10.9,53.4,High,Highway,32.0,Same-Day,2025-04-08 15:00:00,0.2,434.4,524.4,90.0,Moderate Delay
221,Hyderabad,Mumbai,741.9,Fog,17.6,0.0,High,Rural Road,49.4,Standard,2025-07-08 19:00:00,0.27,989.2,1091.9,102.7,Moderate Delay
222,Pune,Ahmedabad,97.2,Heavy Rain,11.1,34.1,High,City Road,8.4,Express,2025-12-21 21:00:00,0.01,129.6,240.2,110.6,Moderate Delay
223,Hyderabad,Jaipur,1912.7,Rain,21.0,71.6,Low,Mixed,30.3,Standard,2025-08-09 11:00:00,0.5,2550.3,2654.8,104.5,Moderate Delay
224,Ahmedabad,Kolkata,325.2,Rain,29.4,45.6,Low,Highway,38.2,Express,2025-12-05 15:00:00,0.5,433.6,448.7,15.1,Slight Delay
225,Kolkata,Ahmedabad,698.0,Storm,19.5,77.5,Severe,City Road,28.1,Same-Day,2025-08-16 17:00:00,0.21,930.7,1107.2,176.5,Moderate Delay
226,Raipur,Mumbai,1147.4,Fog,31.7,0.0,High,Mixed,10.5,Express,2025-11-24 07:00:00,0.24,1529.9,1643.1,113.2,Moderate Delay
227,Delhi,Raipur,1820.7,Rain,35.3,45.0,Medium,Highway,43.6,Standard,2025-11-08 20:00:00,0.08,2427.6,2501.3,73.7,Moderate Delay
228,Mumbai,Chennai,977.1,Clear,40.2,0.0,Medium,Rural Road,29.6,Express,2025-07-16 07:00:00,0.23,1302.8,1358.5,55.7,Slight Delay
229,Jaipur,Bangalore,994.8,Fog,30.2,0.0,Severe,Rural Road,43.3,Express,2025-08-16 08:00:00,0.59,1326.4,1533.8,207.4,Severe Delay
230,Jaipur,Bangalore,1710.8,Storm,25.4,68.5,High,Mixed,44.7,Express,2025-11-29 14:00:00,0.04,2281.1,2451.5,170.4,Moderate Delay
231,Chennai,Delhi,57.8,Clear,26.7,0.0,Medium,Mixed,34.5,Same-Day,2025-07-18 09:00:00,0.43,77.1,113.3,36.2,Slight Delay
232,Kolkata,Hyderabad,1915.7,Fog,10.3,0.0,Severe,City Road,49.9,Same-Day,2025-05-27 21:00:00,0.41,2554.3,2737.9,183.6,Severe Delay
233,Chennai,Delhi,1486.1,Cloudy,15.0,3.8,Low,Mixed,38.6,Standard,2025-08-16 08:00:00,0.4,1981.5,2037.5,56.0,Slight Delay
234,Hyderabad,Pune,826.1,Fog,12.3,0.0,Low,Rural Road,17.8,Express,2025-03-22 11:00:00,0.07,1101.5,1164.1,62.6,Moderate Delay
235,Hyderabad,Jaipur,613.1,Cloudy,12.7,2.5,Low,City Road,39.8,Standard,2025-05-02 21:00:00,0.42,817.5,876.9,59.4,Slight Delay
236,Mumbai,Pune,1859.9,Storm,24.2,73.0,High,Mixed,16.4,Same-Day,2025-03-08 08:00:00,0.29,2479.9,2634.3,154.4,Moderate Delay
237,Delhi,Hyderabad,1302.7,Heavy Rain,14.3,71.6,Severe,Mixed,25.4,Express,2025-10-22 08:00:00,0.27,1736.9,1923.9,187.0,Severe Delay
238,Bangalore,Pune,1611.8,Fog,29.3,0.0,Low,Mixed,26.2,Express,2025-12-15 22:00:00,0.09,2149.1,2223.3,74.2,Moderate Delay
239,Hyderabad,Bangalore,1266.5,Storm,11.9,61.1,Medium,City Road,16.2,Express,2025-09-15 07:00:00,0.0,1688.7,1821.2,132.5,Moderate Delay
240,Delhi,Jaipur,646.2,Cloudy,13.6,1.8,High,City Road,13.9,Standard,2025-06-15 13:00:00,0.51,861.6,984.2,122.6,Moderate Delay
241,Hyderabad,Jaipur,767.1,Rain,43.7,11.7,Low,Rural Road,34.5,Standard,2025-11-22 14:00:00,0.3,1022.8,1087.7,64.9,Moderate Delay
242,Bangalore,Hyderabad,1932.8,Storm,36.6,76.3,Low,City Road,35.3,Same-Day,2025-10-25 10:00:00,0.18,2577.1,2685.1,108.0,Moderate Delay
243,Bangalore,Pune,1914.5,Storm,27.5,37.5,Low,Highway,23.2,Standard,2025-01-24 14:00:00,0.13,2552.7,2676.1,123.4,Moderate Delay
244,Chennai,Raipur,439.7,Storm,33.0,40.4,Low,Mixed,44.1,Same-Day,2025-10-07 15:00:00,0.13,586.3,680.1,93.8,Moderate Delay
245,Kolkata,Ahmedabad,1482.4,Cloudy,21.0,3.2,Severe,Rural Road,20.1,Express,2025-02-07 07:00:00,0.43,1976.5,2128.0,151.5,Moderate Delay
246,Bangalore,Ahmedabad,549.8,Heavy Rain,39.2,6.1,Severe,Mixed,19.3,Standard,2025-06-24 10:00:00,0.2,733.1,848.3,115.2,Moderate Delay
247,Hyderabad,Pune,1071.3,Fog,30.8,0.0,High,Mixed,1.0,Standard,2025-07-09 22:00:00,0.28,1428.4,1558.3,129.9,Moderate Delay
248,Ahmedabad,Delhi,1952.5,Rain,14.4,6.3,Medium,Mixed,38.6,Standard,2025-05-17 20:00:00,0.48,2603.3,2721.9,118.6,Moderate Delay
249,Chennai,Bangalore,1045.6,Clear,22.2,0.0,Low,Rural Road,18.9,Express,2025-11-12 19:00:00,0.0,1394.1,1438.3,44.2,Slight Delay
250,Chennai,Bangalore,1565.1,Rain,26.0,34.9,High,City Road,15.5,Standard,2025-09-13 22:00:00,0.04,2086.8,2201.1,114.3,Moderate Delay
251,Raipur,Ahmedabad,134.5,Rain,43.5,75.7,Severe,Highway,39.4,Standard,2025-07-21 22:00:00,0.59,179.3,326.3,147.0,Moderate Delay
252,Raipur,Chennai,1252.4,Cloudy,37.3,2.9,High,Highway,7.8,Standard,2025-05-25 21:00:00,0.49,1669.9,1753.3,83.4,Moderate Delay
253,Jaipur,Raipur,1836.6,Rain,20.2,40.2,Low,Highway,44.6,Express,2025-03-10 14:00:00,0.42,2448.8,2507.9,59.1,Slight Delay
254,Hyderabad,Raipur,1011.2,Rain,33.8,10.7,Low,Mixed,14.1,Standard,2025-10-19 12:00:00,0.48,1348.3,1409.4,61.1,Moderate Delay
255,Hyderabad,Jaipur,902.2,Rain,17.3,8.7,Low,Mixed,42.3,Same-Day,2025-08-19 14:00:00,0.59,1202.9,1259.9,57.0,Slight Delay
256,Jaipur,Delhi,885.3,Cloudy,30.8,0.4,Low,Mixed,31.3,Express,2025-06-23 17:00:00,0.59,1180.4,1273.8,93.4,Moderate Delay
257,Bangalore,Kolkata,1052.5,Storm,44.2,61.8,Severe,Highway,8.5,Standard,2025-01-20 10:00:00,0.29,1403.3,1601.3,198.0,Severe Delay
258,Hyderabad,Ahmedabad,1007.8,Storm,10.4,5.7,Severe,City Road,18.2,Same-Day,2025-09-21 10:00:00,0.56,1343.7,1560.8,217.1,Severe Delay
259,Hyderabad,Pune,1463.1,Cloudy,13.3,2.1,Severe,Rural Road,1.9,Same-Day,2025-06-22 22:00:00,0.29,1950.8,2065.6,114.8,Moderate Delay
260,Ahmedabad,Jaipur,797.1,Heavy Rain,36.4,73.9,High,Mixed,47.6,Standard,2025-07-08 16:00:00,0.35,1062.8,1207.6,144.8,Moderate Delay
261,Delhi,Raipur,1320.1,Storm,18.4,19.4,High,Highway,46.0,Same-Day,2025-08-31 14:00:00,0.06,1760.1,1866.2,106.1,Moderate Delay
262,Jaipur,Chennai,1901.9,Fog,30.4,0.0,Low,Mixed,22.1,Standard,2025-09-26 18:00:00,0.35,2535.9,2643.5,107.6,Moderate Delay
263,Bangalore,Kolkata,1894.0,Clear,41.2,0.0,Low,City Road,21.3,Standard,2025-08-14 16:00:00,0.47,2525.3,2611.3,86.0,Moderate Delay
264,Pune,Bangalore,430.0,Heavy Rain,12.5,10.2,Medium,Mixed,47.1,Same-Day,2025-11-10 21:00:00,0.3,573.3,660.1,86.8,Moderate Delay
265,Mumbai,Chennai,1546.8,Storm,32.9,16.4,Medium,Rural Road,43.9,Same-Day,2025-09-02 22:00:00,0.32,2062.4,2175.4,113.0,Moderate Delay
266,Pune,Hyderabad,1946.7,Cloudy,17.9,1.5,Severe,Rural Road,15.5,Same-Day,2025-07-01 14:00:00,0.14,2595.6,2737.6,142.0,Moderate Delay
267,Jaipur,Raipur,1489.0,Cloudy,39.7,2.1,Medium,Rural Road,15.5,Same-Day,2025-06-02 13:00:00,0.2,1985.3,2047.7,62.4,Moderate Delay
268,Kolkata,Hyderabad,1189.5,Fog,33.1,0.0,Medium,Mixed,4.4,Express,2025-09-03 17:00:00,0.33,1586.0,1707.2,121.2,Moderate Delay
269,Ahmedabad,Kolkata,104.0,Rain,19.3,50.1,Low,Mixed,15.2,Express,2025-06-26 10:00:00,0.43,138.7,202.2,63.5,Moderate Delay
270,Kolkata,Mumbai,934.2,Rain,42.2,57.1,Low,Rural Road,36.6,Express,2025-12-02 14:00:00,0.52,1245.6,1322.0,76.4,Moderate Delay
271,Raipur,Chennai,1957.5,Cloudy,40.0,3.5,High,Rural Road,36.5,Standard,2025-02-25 13:00:00,0.34,2610.0,2715.2,105.2,Moderate Delay
272,Chennai,Mumbai,69.9,Fog,39.4,0.0,Medium,City Road,1.1,Standard,2025-02-21 19:00:00,0.42,93.2,212.2,119.0,Moderate Delay
273,Hyderabad,Ahmedabad,1101.9,Clear,43.8,0.0,Medium,Highway,3.1,Same-Day,2025-03-22 19:00:00,0.3,1469.2,1515.1,45.9,Slight Delay
274,Raipur,Ahmedabad,1733.3,Fog,15.5,0.0,Medium,Rural Road,15.8,Express,2025-05-27 07:00:00,0.17,2311.1,2411.7,100.6,Moderate Delay
275,Delhi,Kolkata,1152.1,Storm,39.1,73.0,Low,City Road,1.1,Express,2025-04-01 07:00:00,0.4,1536.1,1623.6,87.5,Moderate Delay
276,Pune,Ahmedabad,1470.7,Cloudy,24.2,0.3,High,Highway,39.3,Standard,2025-06-02 09:00:00,0.17,1960.9,2046.6,85.7,Moderate Delay
277,Hyderabad,Kolkata,1890.0,Heavy Rain,32.5,55.4,Severe,City Road,31.8,Same-Day,2025-08-28 14:00:00,0.12,2520.0,2698.5,178.5,Moderate Delay
278,Chennai,Delhi,153.7,Rain,28.2,18.5,Medium,Mixed,48.5,Same-Day,2025-05-12 11:00:00,0.07,204.9,248.0,43.1,Slight Delay
279,Mumbai,Pune,807.3,Rain,19.2,20.4,Medium,City Road,24.4,Same-Day,2025-11-24 18:00:00,0.16,1076.4,1143.8,67.4,Moderate Delay
280,Pune,Jaipur,1206.1,Rain,31.8,53.6,Low,Mixed,13.7,Same-Day,2025-02-18 11:00:00,0.01,1608.1,1661.8,53.7,Slight Delay
281,Bangalore,Ahmedabad,639.6,Rain,19.5,49.8,Medium,Highway,43.4,Express,2025-07-16 13:00:00,0.57,852.8,942.0,89.2,Moderate Delay
282,Raipur,Kolkata,1408.3,Rain,33.8,35.6,High,Highway,1.3,Express,2025-12-01 17:00:00,0.35,1877.7,1968.7,91.0,Moderate Delay
283,Chennai,Mumbai,393.3,Fog,33.5,0.0,Low,Mixed,48.9,Express,2025-03-23 18:00:00,0.06,524.4,547.0,22.6,Slight Delay
284,Ahmedabad,Kolkata,880.1,Fog,35.3,0.0,Low,Rural Road,0.9,Express,2025-11-11 13:00:00,0.35,1173.5,1242.6,69.1,Moderate Delay
285,Chennai,Bangalore,414.6,Heavy Rain,40.7,60.4,Medium,Mixed,1.2,Same-Day,2025-11-07 17:00:00,0.15,552.8,621.6,68.8,Moderate Delay
286,Pune,Jaipur,1352.3,Heavy Rain,12.8,76.4,Medium,City Road,42.0,Same-Day,2025-11-02 08:00:00,0.48,1803.1,1952.2,149.1,Moderate Delay
287,Ahmedabad,Raipur,1490.9,Storm,35.8,44.1,High,Highway,3.9,Same-Day,2025-02-27 07:00:00,0.22,1987.9,2145.0,157.1,Moderate Delay
288,Ahmedabad,Jaipur,1579.0,Cloudy,25.9,3.2,Medium,City Road,12.8,Express,2025-09-24 20:00:00,0.42,2105.3,2208.1,102.8,Moderate Delay
289,Delhi,Kolkata,1653.0,Fog,20.2,0.0,Severe,Highway,22.5,Same-Day,2025-08-17 07:00:00,0.01,2204.0,2336.7,132.7,Moderate Delay
290,Raipur,Bangalore,831.1,Storm,32.9,24.5,Severe,Mixed,8.4,Same-Day,2025-01-30 20:00:00,0.1,1108.1,1253.0,144.9,Moderate Delay
291,Kolkata,Mumbai,1376.6,Heavy Rain,13.9,26.7,High,Highway,15.8,Same-Day,2025-04-22 08:00:00,0.15,1835.5,1940.5,105.0,Moderate Delay
292,Mumbai,Raipur,1829.3,Rain,43.3,29.5,Low,Highway,18.0,Standard,2025-08-30 07:00:00,0.3,2439.1,2526.1,87.0,Moderate Delay
293,Kolkata,Raipur,1016.2,Cloudy,16.8,4.3,Medium,Mixed,34.0,Express,2025-07-15 20:00:00,0.5,1354.9,1415.4,60.5,Moderate Delay
294,Pune,Raipur,1394.0,Clear,18.0,0.0,Medium,Rural Road,6.3,Standard,2025-04-02 18:00:00,0.1,1858.7,1930.4,71.7,Moderate Delay
295,Ahmedabad,Bangalore,185.4,Fog,10.7,0.0,Medium,Highway,8.7,Standard,2025-06-02 20:00:00,0.53,247.2,307.1,59.9,Slight Delay
296,Ahmedabad,Pune,134.3,Storm,23.7,22.6,Severe,City Road,11.4,Standard,2025-08-24 17:00:00,0.58,179.1,400.4,221.3,Severe Delay
297,Bangalore,Hyderabad,1398.9,Cloudy,34.6,0.9,Low,Highway,25.3,Same-Day,2025-08-03 06:00:00,0.25,1865.2,1891.8,26.6,Slight Delay
298,Chennai,Kolkata,302.8,Clear,34.2,0.0,Low,Highway,10.7,Express,2025-11-03 07:00:00,0.24,403.7,403.8,0.1,On Time
299,Chennai,Mumbai,1589.7,Heavy Rain,12.4,40.6,Severe,City Road,28.3,Same-Day,2025-04-22 07:00:00,0.38,2119.6,2308.2,188.6,Severe Delay
300,Bangalore,Jaipur,1689.8,Rain,27.0,30.0,Medium,Rural Road,39.7,Same-Day,2025-11-03 16:00:00,0.27,2253.1,2341.8,88.7,Moderate Delay
301,Chennai,Hyderabad,787.9,Cloudy,38.1,4.5,Medium,Mixed,10.6,Express,2025-05-21 07:00:00,0.04,1050.5,1094.3,43.8,Slight Delay
302,Ahmedabad,Bangalore,763.4,Fog,38.1,0.0,Severe,Mixed,22.0,Standard,2025-06-26 18:00:00,0.6,1017.9,1175.2,157.3,Moderate Delay
303,Ahmedabad,Hyderabad,156.1,Fog,22.9,0.0,Severe,Mixed,23.5,Standard,2025-06-03 18:00:00,0.43,208.1,368.2,160.1,Moderate Delay
304,Bangalore,Jaipur,1612.9,Heavy Rain,37.0,46.1,Medium,City Road,3.8,Express,2025-12-29 10:00:00,0.46,2150.5,2303.4,152.9,Moderate Delay
305,Raipur,Mumbai,297.8,Storm,33.5,51.5,Severe,Mixed,37.2,Same-Day,2025-09-29 10:00:00,0.1,397.1,587.5,190.4,Severe Delay
306,Pune,Chennai,1780.5,Rain,30.3,52.4,Medium,Rural Road,8.2,Same-Day,2025-02-10 20:00:00,0.28,2374.0,2464.0,90.0,Moderate Delay
307,Hyderabad,Delhi,445.5,Storm,24.9,73.1,Medium,Highway,25.6,Express,2025-07-13 07:00:00,0.11,594.0,670.9,76.9,Moderate Delay
308,Delhi,Kolkata,1390.9,Storm,19.2,75.4,Medium,Mixed,32.0,Standard,2025-06-20 15:00:00,0.19,1854.5,1979.2,124.7,Moderate Delay
309,Mumbai,Kolkata,544.0,Cloudy,33.2,4.1,Low,Mixed,39.0,Standard,2025-12-23 12:00:00,0.46,725.3,779.2,53.9,Slight Delay
310,Pune,Chennai,97.2,Storm,33.3,29.2,High,Rural Road,44.9,Express,2025-08-27 17:00:00,0.53,129.6,286.0,156.4,Moderate Delay
311,Kolkata,Hyderabad,513.0,Rain,30.2,10.0,Severe,Mixed,5.2,Standard,2025-08-29 16:00:00,0.6,684.0,863.4,179.4,Moderate Delay
312,Chennai,Pune,64.4,Rain,22.6,63.8,Severe,Highway,28.5,Same-Day,2025-04-24 10:00:00,0.19,85.9,176.9,91.0,Moderate Delay
313,Mumbai,Hyderabad,1529.4,Storm,11.4,67.8,Severe,Rural Road,31.2,Standard,2025-04-11 16:00:00,0.34,2039.2,2287.7,248.5,Severe Delay
314,Chennai,Raipur,1420.6,Storm,23.6,22.2,Medium,Mixed,30.0,Same-Day,2025-12-02 16:00:00,0.56,1894.1,2082.0,187.9,Severe Delay
315,Kolkata,Ahmedabad,1962.6,Fog,32.7,0.0,Severe,Mixed,40.3,Standard,2025-06-30 11:00:00,0.43,2616.8,2798.8,182.0,Severe Delay
316,Bangalore,Jaipur,351.4,Heavy Rain,27.5,56.8,Medium,Highway,35.0,Same-Day,2025-01-18 08:00:00,0.39,468.5,531.4,62.9,Moderate Delay
317,Mumbai,Delhi,1416.2,Heavy Rain,25.9,55.1,Medium,City Road,41.9,Standard,2025-12-29 10:00:00,0.1,1888.3,1991.4,103.1,Moderate Delay
318,Mumbai,Kolkata,815.7,Storm,15.4,47.9,Severe,Rural Road,14.2,Standard,2025-11-13 21:00:00,0.55,1087.6,1316.4,228.8,Severe Delay
319,Raipur,Mumbai,858.2,Clear,13.0,0.0,Severe,Highway,30.5,Standard,2025-09-29 14:00:00,0.53,1144.3,1305.7,161.4,Moderate Delay
320,Ahmedabad,Kolkata,587.3,Clear,38.1,0.0,Severe,City Road,49.9,Standard,2025-02-19 22:00:00,0.02,783.1,899.6,116.5,Moderate Delay
321,Bangalore,Kolkata,143.5,Cloudy,21.7,0.3,High,Rural Road,48.8,Express,2025-07-23 08:00:00,0.49,191.3,266.9,75.6,Moderate Delay
322,Hyderabad,Raipur,948.8,Heavy Rain,19.4,12.6,Medium,City Road,8.8,Express,2025-12-17 08:00:00,0.09,1265.1,1375.8,110.7,Moderate Delay
323,Mumbai,Bangalore,1600.6,Heavy Rain,21.4,27.5,Severe,Mixed,12.0,Same-Day,2025-09-01 07:00:00,0.08,2134.1,2264.2,130.1,Moderate Delay
324,Mumbai,Chennai,698.4,Clear,40.3,0.0,Severe,Mixed,8.2,Same-Day,2025-06-19 09:00:00,0.05,931.2,1025.5,94.3,Moderate Delay
325,Ahmedabad,Mumbai,1169.8,Cloudy,27.7,0.7,Medium,Mixed,31.4,Express,2025-01-24 08:00:00,0.16,1559.7,1611.1,51.4,Slight Delay
326,Kolkata,Jaipur,927.7,Storm,35.4,48.1,Low,City Road,33.5,Express,2025-01-09 12:00:00,0.47,1236.9,1398.1,161.2,Moderate Delay
327,Jaipur,Bangalore,1781.2,Fog,23.0,0.0,Severe,Highway,10.2,Express,2025-03-25 13:00:00,0.29,2374.9,2543.8,168.9,Moderate Delay
328,Jaipur,Pune,669.9,Fog,25.9,0.0,High,Mixed,38.2,Same-Day,2025-03-13 08:00:00,0.08,893.2,996.7,103.5,Moderate Delay
329,Ahmedabad,Hyderabad,989.5,Clear,32.6,0.0,Low,Mixed,11.9,Standard,2025-02-08 16:00:00,0.33,1319.3,1352.8,33.5,Slight Delay
330,Jaipur,Pune,382.0,Rain,38.9,26.4,Low,Rural Road,46.4,Express,2025-09-09 13:00:00,0.58,509.3,572.0,62.7,Moderate Delay
331,Hyderabad,Jaipur,192.3,Heavy Rain,29.5,68.4,Severe,City Road,39.9,Same-Day,2025-10-27 18:00:00,0.11,256.4,392.5,136.1,Moderate Delay
332,Delhi,Hyderabad,1262.1,Cloudy,36.3,0.8,Low,Highway,23.2,Express,2025-03-20 18:00:00,0.21,1682.8,1708.9,26.1,Slight Delay
333,Bangalore,Raipur,430.9,Rain,18.3,73.1,High,Highway,23.7,Standard,2025-01-03 15:00:00,0.28,574.5,667.5,93.0,Moderate Delay
334,Raipur,Hyderabad,358.0,Rain,11.1,20.3,Low,City Road,17.4,Standard,2025-04-06 19:00:00,0.31,477.3,532.6,55.3,Slight Delay
335,Raipur,Jaipur,89.1,Storm,29.3,37.9,Severe,Highway,42.0,Standard,2025-02-15 17:00:00,0.1,118.8,257.2,138.4,Moderate Delay
336,Ahmedabad,Delhi,576.5,Storm,16.1,33.5,High,Mixed,40.2,Standard,2025-05-30 19:00:00,0.24,768.7,908.4,139.7,Moderate Delay
337,Pune,Delhi,1140.2,Fog,42.5,0.0,Medium,City Road,19.7,Same-Day,2025-07-14 11:00:00,0.04,1520.3,1598.8,78.5,Moderate Delay
338,Bangalore,Hyderabad,1923.8,Rain,33.4,75.0,High,Mixed,13.6,Standard,2025-02-02 11:00:00,0.37,2565.1,2720.7,155.6,Moderate Delay
339,Pune,Kolkata,1483.4,Heavy Rain,19.7,26.1,High,Mixed,48.2,Standard,2025-07-04 14:00:00,0.01,1977.9,2123.1,145.2,Moderate Delay
340,Chennai,Ahmedabad,896.7,Storm,19.1,30.8,Medium,Mixed,41.8,Standard,2025-03-11 15:00:00,0.56,1195.6,1306.5,110.9,Moderate Delay
341,Mumbai,Raipur,342.3,Rain,30.8,16.3,Severe,Rural Road,48.4,Express,2025-06-21 19:00:00,0.27,456.4,586.9,130.5,Moderate Delay
342,Jaipur,Bangalore,1810.6,Rain,38.6,61.8,High,City Road,3.3,Express,2025-06-10 11:00:00,0.0,2414.1,2536.4,122.3,Moderate Delay
343,Pune,Hyderabad,1793.2,Rain,41.8,28.5,Severe,City Road,34.7,Express,2025-07-12 14:00:00,0.16,2390.9,2534.8,143.9,Moderate Delay
344,Pune,Hyderabad,1072.3,Clear,20.1,0.0,Medium,City Road,24.9,Same-Day,2025-10-09 06:00:00,0.18,1429.7,1468.9,39.2,Slight Delay
345,Raipur,Chennai,1806.8,Heavy Rain,22.0,60.0,High,Highway,33.1,Express,2025-12-11 21:00:00,0.56,2409.1,2584.8,175.7,Moderate Delay
346,Bangalore,Hyderabad,226.8,Cloudy,30.2,2.3,High,City Road,6.4,Same-Day,2025-08-05 18:00:00,0.59,302.4,376.8,74.4,Moderate Delay
347,Delhi,Ahmedabad,1324.3,Storm,28.6,12.7,Severe,Mixed,9.0,Same-Day,2025-09-17 19:00:00,0.34,1765.7,1984.2,218.5,Severe Delay
348,Ahmedabad,Mumbai,708.1,Rain,11.8,9.0,Low,Highway,34.8,Standard,2025-12-03 17:00:00,0.27,944.1,994.5,50.4,Slight Delay
349,Bangalore,Mumbai,1650.6,Storm,38.7,40.8,Severe,Rural Road,17.9,Express,2025-02-24 06:00:00,0.22,2200.8,2407.2,206.4,Severe Delay
350,Delhi,Hyderabad,458.1,Cloudy,23.3,4.0,Medium,Mixed,41.3,Express,2025-07-20 20:00:00,0.23,610.8,661.3,50.5,Slight Delay
351,Jaipur,Ahmedabad,1374.1,Cloudy,28.6,0.2,High,Highway,24.0,Express,2025-02-23 15:00:00,0.24,1832.1,1920.2,88.1,Moderate Delay
352,Pune,Delhi,250.4,Clear,31.4,0.0,Medium,Rural Road,47.0,Express,2025-06-25 20:00:00,0.4,333.9,387.5,53.6,Slight Delay
353,Chennai,Jaipur,1633.0,Heavy Rain,31.4,33.0,High,Mixed,13.1,Standard,2025-08-13 20:00:00,0.06,2177.3,2295.2,117.9,Moderate Delay
354,Hyderabad,Delhi,330.5,Rain,39.0,8.1,Low,Highway,21.2,Standard,2025-06-25 09:00:00,0.1,440.7,475.3,34.6,Slight Delay
355,Bangalore,Kolkata,1917.1,Storm,17.7,71.5,Medium,City Road,46.7,Express,2025-10-14 19:00:00,0.55,2556.1,2736.5,180.4,Severe Delay
356,Raipur,Chennai,1468.4,Heavy Rain,38.9,16.0,Medium,City Road,41.7,Same-Day,2025-12-03 19:00:00,0.32,1957.9,2109.3,151.4,Moderate Delay
357,Pune,Mumbai,1691.5,Fog,26.9,0.0,Medium,Mixed,25.9,Same-Day,2025-08-08 18:00:00,0.19,2255.3,2344.2,88.9,Moderate Delay
358,Mumbai,Kolkata,704.7,Cloudy,33.5,4.0,High,Highway,47.4,Same-Day,2025-02-22 11:00:00,0.24,939.6,986.2,46.6,Slight Delay
359,Hyderabad,Pune,1325.8,Cloudy,34.1,0.6,Severe,Highway,47.0,Express,2025-12-10 21:00:00,0.11,1767.7,1865.3,97.6,Moderate Delay
360,Ahmedabad,Hyderabad,847.9,Storm,36.5,72.3,Severe,Mixed,4.7,Same-Day,2025-02-28 17:00:00,0.24,1130.5,1266.3,135.8,Moderate Delay
361,Hyderabad,Ahmedabad,482.9,Storm,10.8,67.6,Medium,Rural Road,48.7,Same-Day,2025-10-30 08:00:00,0.08,643.9,742.1,98.2,Moderate Delay
362,Bangalore,Pune,797.9,Clear,11.0,0.0,Medium,Rural Road,29.4,Standard,2025-04-04 17:00:00,0.01,1063.9,1100.7,36.8,Slight Delay
363,Bangalore,Jaipur,1948.1,Heavy Rain,29.0,25.6,Severe,City Road,35.6,Same-Day,2025-07-16 19:00:00,0.16,2597.5,2772.7,175.2,Moderate Delay
364,Bangalore,Ahmedabad,464.2,Fog,17.9,0.0,Medium,City Road,41.0,Express,2025-05-28 10:00:00,0.56,618.9,706.2,87.3,Moderate Delay
365,Bangalore,Pune,438.0,Heavy Rain,36.3,8.8,Low,Rural Road,24.9,Standard,2025-09-06 10:00:00,0.27,584.0,669.0,85.0,Moderate Delay
366,Chennai,Raipur,324.7,Storm,15.2,25.1,Severe,Mixed,18.4,Same-Day,2025-09-09 19:00:00,0.25,432.9,597.3,164.4,Moderate Delay
367,Raipur,Ahmedabad,403.0,Cloudy,32.5,1.3,Low,Highway,44.4,Standard,2025-05-30 07:00:00,0.54,537.3,590.8,53.5,Slight Delay
368,Kolkata,Chennai,1652.2,Storm,23.9,16.7,High,City Road,37.0,Express,2025-10-17 21:00:00,0.22,2202.9,2392.3,189.4,Severe Delay
369,Ahmedabad,Jaipur,1977.1,Clear,44.2,0.0,Low,Rural Road,39.8,Same-Day,2025-07-07 07:00:00,0.4,2636.1,2689.0,52.9,Slight Delay
370,Raipur,Jaipur,674.0,Cloudy,29.7,4.3,Severe,Highway,10.5,Same-Day,2025-12-01 13:00:00,0.56,898.7,1005.6,106.9,Moderate Delay
371,Kolkata,Mumbai,1640.4,Heavy Rain,11.4,71.7,High,Rural Road,49.6,Standard,2025-08-13 09:00:00,0.18,2187.2,2343.8,156.6,Moderate Delay
372,Chennai,Kolkata,662.2,Fog,33.7,0.0,High,Mixed,29.9,Standard,2025-11-12 10:00:00,0.36,882.9,1009.8,126.9,Moderate Delay
373,Chennai,Kolkata,468.0,Clear,34.2,0.0,High,Rural Road,12.0,Same-Day,2025-10-03 11:00:00,0.38,624.0,680.9,56.9,Slight Delay
374,Hyderabad,Kolkata,967.5,Rain,42.5,29.9,High,Highway,23.5,Standard,2025-07-30 07:00:00,0.01,1290.0,1374.1,84.1,Moderate Delay
375,Kolkata,Bangalore,1105.3,Fog,16.1,0.0,Medium,City Road,15.1,Standard,2025-12-31 16:00:00,0.4,1473.7,1589.3,115.6,Moderate Delay
376,Chennai,Raipur,198.0,Heavy Rain,31.0,30.6,Medium,Rural Road,45.9,Same-Day,2025-08-01 18:00:00,0.24,264.0,340.8,76.8,Moderate Delay
377,Raipur,Delhi,1802.5,Fog,37.7,0.0,Low,Mixed,34.0,Same-Day,2025-05-23 17:00:00,0.41,2403.3,2495.7,92.4,Moderate Delay
378,Raipur,Ahmedabad,1195.1,Rain,10.6,59.7,Low,Highway,16.5,Same-Day,2025-08-23 17:00:00,0.4,1593.5,1664.7,71.2,Moderate Delay
379,Delhi,Jaipur,1838.4,Heavy Rain,32.7,12.8,Medium,Mixed,20.4,Standard,2025-09-11 14:00:00,0.44,2451.2,2601.2,150.0,Moderate Delay
380,Hyderabad,Kolkata,1916.1,Rain,29.8,43.6,Medium,Mixed,4.7,Express,2025-12-16 07:00:00,0.33,2554.8,2635.1,80.3,Moderate Delay
381,Mumbai,Bangalore,643.5,Fog,13.4,0.0,Severe,Highway,9.3,Standard,2025-03-22 20:00:00,0.59,858.0,1020.5,162.5,Moderate Delay
382,Raipur,Mumbai,625.4,Heavy Rain,24.1,55.4,Medium,City Road,34.3,Same-Day,2025-06-04 11:00:00,0.19,833.9,928.0,94.1,Moderate Delay
383,Kolkata,Delhi,1407.2,Fog,36.4,0.0,High,Rural Road,43.7,Standard,2025-07-10 11:00:00,0.3,1876.3,2015.3,139.0,Moderate Delay
384,Mumbai,Raipur,1702.9,Fog,16.9,0.0,High,City Road,6.7,Express,2025-12-02 08:00:00,0.58,2270.5,2394.7,124.2,Moderate Delay
385,Delhi,Mumbai,132.9,Cloudy,13.7,2.9,Severe,Highway,27.4,Standard,2025-10-31 13:00:00,0.14,177.2,282.2,105.0,Moderate Delay
386,Ahmedabad,Raipur,1235.0,Clear,41.4,0.0,Low,Rural Road,40.6,Standard,2025-08-05 10:00:00,0.35,1646.7,1690.5,43.8,Slight Delay
387,Raipur,Delhi,1409.4,Cloudy,29.5,1.8,Severe,Highway,45.6,Same-Day,2025-02-22 09:00:00,0.01,1879.2,1957.1,77.9,Moderate Delay
388,Hyderabad,Pune,1517.4,Rain,25.9,35.9,Medium,Mixed,46.8,Standard,2025-11-25 10:00:00,0.15,2023.2,2115.2,92.0,Moderate Delay
389,Delhi,Jaipur,691.8,Storm,27.7,17.1,Low,City Road,33.1,Express,2025-06-29 12:00:00,0.6,922.4,1044.6,122.2,Moderate Delay
390,Bangalore,Raipur,1326.2,Storm,25.5,53.6,Severe,City Road,3.5,Standard,2025-02-21 10:00:00,0.49,1768.3,2001.9,233.6,Severe Delay
391,Delhi,Raipur,1211.6,Rain,30.4,35.1,Severe,Rural Road,17.2,Standard,2025-05-07 14:00:00,0.08,1615.5,1756.6,141.1,Moderate Delay
392,Delhi,Kolkata,1746.4,Storm,30.2,30.9,High,Highway,40.2,Same-Day,2025-06-04 12:00:00,0.32,2328.5,2470.9,142.4,Moderate Delay
393,Ahmedabad,Jaipur,304.1,Cloudy,15.3,2.2,Severe,Rural Road,30.0,Same-Day,2025-01-28 13:00:00,0.05,405.5,542.4,136.9,Moderate Delay
394,Raipur,Pune,1660.7,Clear,37.4,0.0,Medium,Mixed,14.2,Same-Day,2025-11-01 08:00:00,0.56,2214.3,2295.0,80.7,Moderate Delay
395,Ahmedabad,Mumbai,99.8,Rain,24.2,43.7,High,City Road,29.2,Express,2025-10-19 19:00:00,0.56,133.1,228.0,94.9,Moderate Delay
396,Hyderabad,Jaipur,281.7,Fog,25.4,0.0,Medium,Mixed,32.4,Standard,2025-01-09 08:00:00,0.23,375.6,449.2,73.6,Moderate Delay
397,Mumbai,Hyderabad,896.3,Cloudy,11.7,4.1,Low,Highway,41.4,Express,2025-09-17 15:00:00,0.35,1195.1,1246.9,51.8,Slight Delay
398,Ahmedabad,Pune,840.0,Heavy Rain,43.5,45.6,Severe,Highway,30.5,Same-Day,2025-10-02 10:00:00,0.13,1120.0,1273.3,153.3,Moderate Delay
399,Kolkata,Delhi,1532.1,Rain,28.3,22.0,Low,City Road,33.5,Standard,2025-10-02 16:00:00,0.05,2042.8,2101.2,58.4,Slight Delay
400,Pune,Delhi,1033.2,Rain,26.9,33.7,Severe,City Road,42.0,Standard,2025-05-06 08:00:00,0.09,1377.6,1493.8,116.2,Moderate Delay
401,Pune,Delhi,1758.5,Heavy Rain,29.5,77.0,Low,Rural Road,2.9,Same-Day,2025-12-03 11:00:00,0.06,2344.7,2420.5,75.8,Moderate Delay
402,Delhi,Mumbai,356.4,Fog,14.4,0.0,Medium,Highway,6.6,Standard,2025-09-12 17:00:00,0.31,475.2,547.6,72.4,Moderate Delay
403,Ahmedabad,Jaipur,302.3,Fog,23.4,0.0,High,City Road,28.0,Express,2025-03-06 14:00:00,0.05,403.1,489.8,86.7,Moderate Delay
404,Delhi,Mumbai,684.0,Rain,16.2,12.4,Severe,Rural Road,47.9,Same-Day,2025-02-02 14:00:00,0.36,912.0,1032.3,120.3,Moderate Delay
405,Jaipur,Delhi,374.5,Heavy Rain,37.9,55.8,Severe,Rural Road,27.6,Standard,2025-09-13 11:00:00,0.29,499.3,657.4,158.1,Moderate Delay
406,Hyderabad,Bangalore,464.8,Rain,24.0,35.7,Low,Highway,48.9,Standard,2025-09-18 06:00:00,0.11,619.7,659.5,39.8,Slight Delay
407,Mumbai,Delhi,1668.6,Cloudy,38.1,4.3,Low,Mixed,3.5,Express,2025-07-16 10:00:00,0.42,2224.8,2280.2,55.4,Slight Delay
408,Bangalore,Mumbai,283.4,Storm,15.6,76.2,Severe,City Road,44.0,Express,2025-05-08 19:00:00,0.54,377.9,602.6,224.7,Severe Delay
409,Hyderabad,Kolkata,848.4,Clear,22.5,0.0,High,Highway,29.9,Same-Day,2025-12-11 07:00:00,0.35,1131.2,1205.6,74.4,Moderate Delay
410,Bangalore,Kolkata,1136.5,Storm,19.1,57.1,Low,Mixed,28.6,Standard,2025-08-27 15:00:00,0.48,1515.3,1635.2,119.9,Moderate Delay
411,Kolkata,Pune,849.8,Clear,31.0,0.0,Severe,Highway,25.9,Express,2025-04-13 15:00:00,0.17,1133.1,1240.7,107.6,Moderate Delay
412,Jaipur,Kolkata,365.3,Fog,26.5,0.0,Medium,Mixed,5.0,Express,2025-10-30 21:00:00,0.38,487.1,564.6,77.5,Moderate Delay
413,Chennai,Jaipur,64.7,Cloudy,40.2,2.9,Medium,Highway,44.6,Express,2025-01-13 13:00:00,0.36,86.3,120.9,34.6,Slight Delay
414,Ahmedabad,Hyderabad,413.3,Fog,18.6,0.0,Low,Rural Road,15.7,Standard,2025-12-03 18:00:00,0.33,551.1,607.3,56.2,Slight Delay
415,Kolkata,Delhi,360.2,Cloudy,28.1,1.1,Medium,Mixed,14.5,Express,2025-01-31 10:00:00,0.24,480.3,552.9,72.6,Moderate Delay
416,Kolkata,Delhi,1332.8,Clear,33.8,0.0,Medium,Mixed,46.6,Same-Day,2025-07-10 20:00:00,0.6,1777.1,1818.6,41.5,Slight Delay
417,Delhi,Bangalore,1796.8,Storm,19.0,21.5,Medium,Mixed,7.3,Standard,2025-10-31 07:00:00,0.52,2395.7,2567.2,171.5,Moderate Delay
418,Pune,Bangalore,435.2,Cloudy,44.2,3.2,High,Rural Road,46.8,Express,2025-07-21 16:00:00,0.18,580.3,649.7,69.4,Moderate Delay
419,Hyderabad,Ahmedabad,278.8,Rain,33.5,59.7,Medium,Highway,29.0,Standard,2025-03-11 09:00:00,0.12,371.7,415.4,43.7,Slight Delay
420,Bangalore,Delhi,552.9,Cloudy,17.0,3.9,Severe,Mixed,45.5,Express,2025-07-28 09:00:00,0.22,737.2,861.7,124.5,Moderate Delay
421,Ahmedabad,Hyderabad,765.8,Cloudy,21.9,0.3,Severe,Rural Road,24.6,Express,2025-05-16 09:00:00,0.07,1021.1,1128.1,107.0,Moderate Delay
422,Delhi,Chennai,1386.8,Fog,43.1,0.0,High,Highway,34.3,Standard,2025-06-17 10:00:00,0.2,1849.1,1953.8,104.7,Moderate Delay
423,Delhi,Kolkata,1608.7,Rain,40.1,15.3,Severe,Highway,47.6,Same-Day,2025-06-03 14:00:00,0.2,2144.9,2315.5,170.6,Moderate Delay
424,Bangalore,Mumbai,1361.9,Heavy Rain,18.8,70.5,Severe,City Road,8.9,Standard,2025-08-25 09:00:00,0.03,1815.9,2003.8,187.9,Severe Delay
425,Bangalore,Delhi,1676.2,Clear,29.2,0.0,Low,City Road,9.9,Standard,2025-04-12 18:00:00,0.43,2234.9,2327.3,92.4,Moderate Delay
426,Hyderabad,Delhi,1680.9,Storm,33.5,57.3,High,Highway,18.5,Standard,2025-02-03 12:00:00,0.53,2241.2,2418.5,177.3,Moderate Delay
427,Raipur,Bangalore,1923.6,Clear,33.8,0.0,High,Highway,31.8,Standard,2025-08-25 07:00:00,0.16,2564.8,2677.3,112.5,Moderate Delay
428,Bangalore,Raipur,750.9,Fog,22.5,0.0,Severe,Mixed,17.5,Standard,2025-07-15 19:00:00,0.31,1001.2,1165.8,164.6,Moderate Delay
429,Bangalore,Pune,1965.8,Cloudy,18.7,0.4,Medium,Rural Road,33.3,Express,2025-08-17 10:00:00,0.36,2621.1,2698.6,77.5,Moderate Delay
430,Mumbai,Kolkata,926.9,Fog,19.0,0.0,High,Mixed,37.7,Express,2025-10-09 21:00:00,0.31,1235.9,1375.0,139.1,Moderate Delay
431,Mumbai,Bangalore,703.1,Rain,11.9,20.3,Severe,City Road,21.2,Express,2025-04-13 22:00:00,0.13,937.5,1096.4,158.9,Moderate Delay
432,Chennai,Jaipur,872.5,Clear,14.2,0.0,Severe,Rural Road,25.9,Express,2025-10-06 21:00:00,0.21,1163.3,1280.2,116.9,Moderate Delay
433,Hyderabad,Jaipur,1988.8,Rain,18.1,9.0,Severe,Rural Road,9.9,Standard,2025-01-14 16:00:00,0.02,2651.7,2828.8,177.1,Moderate Delay
434,Jaipur,Chennai,1734.8,Clear,10.3,0.0,High,Highway,39.0,Express,2025-09-29 17:00:00,0.28,2313.1,2404.1,91.0,Moderate Delay
435,Jaipur,Chennai,1086.0,Cloudy,44.7,4.3,Low,City Road,5.3,Same-Day,2025-05-04 14:00:00,0.42,1448.0,1520.6,72.6,Moderate Delay
436,Ahmedabad,Mumbai,21.2,Cloudy,20.8,1.2,Severe,Rural Road,12.1,Standard,2025-04-01 13:00:00,0.04,28.3,125.7,97.4,Moderate Delay
437,Jaipur,Hyderabad,1754.3,Fog,41.7,0.0,High,Highway,24.9,Same-Day,2025-12-25 17:00:00,0.2,2339.1,2431.3,92.2,Moderate Delay
438,Jaipur,Bangalore,1570.7,Storm,14.3,52.6,Medium,Mixed,6.6,Same-Day,2025-06-08 11:00:00,0.04,2094.3,2224.9,130.6,Moderate Delay
439,Raipur,Mumbai,1911.8,Clear,18.6,0.0,Low,City Road,43.1,Same-Day,2025-04-23 06:00:00,0.1,2549.1,2614.7,65.6,Moderate Delay
440,Ahmedabad,Raipur,582.7,Clear,20.1,0.0,High,City Road,19.2,Standard,2025-06-24 11:00:00,0.24,776.9,852.6,75.7,Moderate Delay
441,Hyderabad,Mumbai,1016.6,Clear,37.9,0.0,Medium,City Road,37.1,Standard,2025-09-27 17:00:00,0.39,1355.5,1421.4,65.9,Moderate Delay
442,Delhi,Pune,374.6,Fog,23.7,0.0,Severe,Highway,47.4,Express,2025-06-04 16:00:00,0.08,499.5,601.9,102.4,Moderate Delay
443,Bangalore,Chennai,698.3,Fog,32.0,0.0,Severe,Mixed,10.0,Same-Day,2025-06-12 11:00:00,0.09,931.1,1092.1,161.0,Moderate Delay
444,Ahmedabad,Hyderabad,641.1,Cloudy,32.2,1.8,Medium,Mixed,7.9,Express,2025-12-19 15:00:00,0.36,854.8,897.1,42.3,Slight Delay
445,Bangalore,Chennai,613.8,Fog,32.5,0.0,Low,Mixed,30.2,Same-Day,2025-01-17 11:00:00,0.42,818.4,885.5,67.1,Moderate Delay
446,Jaipur,Hyderabad,1374.1,Storm,10.9,56.8,Medium,Highway,16.1,Express,2025-03-14 16:00:00,0.03,1832.1,1939.5,107.4,Moderate Delay
447,Delhi,Kolkata,610.0,Rain,13.1,73.3,High,City Road,0.8,Same-Day,2025-02-15 16:00:00,0.29,813.3,919.5,106.2,Moderate Delay
448,Raipur,Mumbai,1102.4,Rain,41.0,46.5,Medium,City Road,27.0,Same-Day,2025-02-04 17:00:00,0.12,1469.9,1532.8,62.9,Moderate Delay
449,Kolkata,Delhi,690.9,Fog,43.3,0.0,Low,Highway,37.0,Express,2025-08-13 19:00:00,0.36,921.2,985.1,63.9,Moderate Delay
450,Bangalore,Raipur,859.1,Heavy Rain,22.0,77.1,Severe,Rural Road,22.5,Same-Day,2025-07-12 09:00:00,0.29,1145.5,1338.0,192.5,Severe Delay
451,Raipur,Chennai,696.9,Cloudy,25.2,4.2,Severe,Highway,18.5,Standard,2025-05-31 06:00:00,0.48,929.2,1072.8,143.6,Moderate Delay
452,Hyderabad,Kolkata,815.7,Clear,33.6,0.0,Low,Rural Road,22.8,Standard,2025-07-12 11:00:00,0.45,1087.6,1147.1,59.5,Slight Delay
453,Delhi,Jaipur,424.0,Clear,20.2,0.0,High,Mixed,37.6,Same-Day,2025-01-16 19:00:00,0.29,565.3,655.8,90.5,Moderate Delay
454,Bangalore,Raipur,1059.6,Cloudy,34.8,1.3,Low,Highway,22.6,Express,2025-04-16 12:00:00,0.07,1412.8,1445.7,32.9,Slight Delay
455,Pune,Jaipur,1333.4,Fog,39.4,0.0,High,Rural Road,27.8,Express,2025-05-02 09:00:00,0.09,1777.9,1889.7,111.8,Moderate Delay
456,Mumbai,Raipur,1304.0,Storm,12.4,72.3,Severe,City Road,6.4,Standard,2025-07-04 06:00:00,0.2,1738.7,1975.6,236.9,Severe Delay
457,Pune,Delhi,693.2,Rain,40.4,11.6,Severe,City Road,39.0,Standard,2025-01-14 12:00:00,0.51,924.3,1069.9,145.6,Moderate Delay
458,Bangalore,Hyderabad,439.3,Clear,11.5,0.0,Severe,Highway,16.4,Express,2025-07-23 21:00:00,0.34,585.7,711.6,125.9,Moderate Delay
459,Raipur,Kolkata,1861.7,Clear,28.5,0.0,Severe,City Road,13.3,Express,2025-07-15 17:00:00,0.03,2482.3,2585.6,103.3,Moderate Delay
460,Bangalore,Ahmedabad,771.9,Clear,31.6,0.0,High,Mixed,48.5,Express,2025-05-15 13:00:00,0.44,1029.2,1126.0,96.8,Moderate Delay
461,Kolkata,Mumbai,1254.3,Cloudy,31.1,2.4,Low,Highway,26.7,Same-Day,2025-06-26 19:00:00,0.2,1672.4,1710.9,38.5,Slight Delay
462,Jaipur,Chennai,886.7,Storm,19.7,46.9,Low,Mixed,17.7,Same-Day,2025-08-03 21:00:00,0.56,1182.3,1301.2,118.9,Moderate Delay
463,Jaipur,Chennai,960.0,Heavy Rain,21.8,74.0,High,Highway,1.1,Express,2025-01-18 22:00:00,0.33,1280.0,1400.9,120.9,Moderate Delay
464,Jaipur,Ahmedabad,977.3,Storm,25.0,10.6,Medium,Highway,5.8,Express,2025-03-30 11:00:00,0.5,1303.1,1417.0,113.9,Moderate Delay
465,Chennai,Kolkata,1162.1,Cloudy,14.2,0.2,Low,Mixed,3.1,Standard,2025-12-16 19:00:00,0.5,1549.5,1611.9,62.4,Moderate Delay
466,Chennai,Bangalore,909.2,Storm,30.2,47.8,High,Rural Road,17.0,Same-Day,2025-02-04 08:00:00,0.19,1212.3,1342.8,130.5,Moderate Delay
467,Pune,Jaipur,1940.7,Heavy Rain,40.3,50.1,High,Rural Road,35.2,Same-Day,2025-08-23 06:00:00,0.17,2587.6,2741.9,154.3,Moderate Delay
468,Jaipur,Ahmedabad,131.3,Heavy Rain,27.0,73.5,Low,Mixed,30.7,Standard,2025-03-17 09:00:00,0.33,175.1,246.1,71.0,Moderate Delay
469,Delhi,Bangalore,217.2,Rain,10.6,77.3,High,Mixed,19.2,Express,2025-07-16 21:00:00,0.36,289.6,389.4,99.8,Moderate Delay
470,Jaipur,Raipur,824.7,Clear,40.8,0.0,Medium,Rural Road,32.6,Express,2025-03-15 18:00:00,0.54,1099.6,1181.3,81.7,Moderate Delay
471,Mumbai,Raipur,1525.6,Rain,33.7,27.6,Medium,Highway,9.6,Same-Day,2025-09-01 14:00:00,0.45,2034.1,2083.4,49.3,Slight Delay
472,Hyderabad,Mumbai,1969.6,Rain,17.3,14.8,High,Rural Road,10.6,Express,2025-09-09 09:00:00,0.46,2626.1,2738.6,112.5,Moderate Delay
473,Chennai,Bangalore,1637.0,Rain,41.0,11.5,Severe,Rural Road,27.1,Express,2025-08-02 08:00:00,0.55,2182.7,2393.8,211.1,Severe Delay
474,Chennai,Ahmedabad,739.5,Cloudy,42.8,1.4,Severe,Mixed,16.9,Same-Day,2025-07-11 07:00:00,0.42,986.0,1145.2,159.2,Moderate Delay
475,Ahmedabad,Bangalore,146.3,Clear,23.6,0.0,High,Mixed,14.5,Standard,2025-09-26 06:00:00,0.18,195.1,260.7,65.6,Moderate Delay
476,Bangalore,Kolkata,1741.7,Cloudy,16.3,4.7,Low,City Road,11.3,Standard,2025-08-22 07:00:00,0.2,2322.3,2410.7,88.4,Moderate Delay
477,Hyderabad,Chennai,472.1,Rain,12.0,27.5,High,Mixed,24.0,Same-Day,2025-07-23 09:00:00,0.1,629.5,704.3,74.8,Moderate Delay
478,Mumbai,Kolkata,1336.2,Rain,24.7,57.6,Severe,Mixed,20.8,Standard,2025-08-31 17:00:00,0.3,1781.6,1914.9,133.3,Moderate Delay
479,Hyderabad,Bangalore,1958.5,Rain,24.7,42.6,Low,Rural Road,45.5,Standard,2025-07-17 07:00:00,0.43,2611.3,2717.1,105.8,Moderate Delay
480,Bangalore,Kolkata,1400.4,Cloudy,12.9,4.3,Medium,City Road,24.3,Express,2025-11-30 19:00:00,0.04,1867.2,1928.1,60.9,Moderate Delay
481,Ahmedabad,Mumbai,1124.2,Fog,11.9,0.0,Low,Mixed,48.6,Standard,2025-11-28 11:00:00,0.31,1498.9,1564.3,65.4,Moderate Delay
482,Jaipur,Mumbai,1564.5,Cloudy,26.5,1.1,High,Rural Road,8.7,Same-Day,2025-12-30 14:00:00,0.2,2086.0,2169.7,83.7,Moderate Delay
483,Pune,Raipur,1784.5,Rain,26.1,58.2,Severe,Rural Road,49.2,Standard,2025-08-27 15:00:00,0.03,2379.3,2522.5,143.2,Moderate Delay
484,Ahmedabad,Pune,1219.7,Storm,25.0,7.0,Low,Highway,39.3,Same-Day,2025-12-06 17:00:00,0.01,1626.3,1712.1,85.8,Moderate Delay
485,Ahmedabad,Kolkata,790.6,Rain,41.1,72.0,Low,Mixed,17.1,Standard,2025-06-22 14:00:00,0.37,1054.1,1105.2,51.1,Slight Delay
486,Hyderabad,Kolkata,572.4,Rain,24.2,79.9,High,City Road,3.2,Standard,2025-09-22 13:00:00,0.35,763.2,862.7,99.5,Moderate Delay
487,Mumbai,Raipur,646.6,Fog,13.0,0.0,High,City Road,15.5,Same-Day,2025-01-14 21:00:00,0.58,862.1,983.3,121.2,Moderate Delay
488,Kolkata,Hyderabad,48.1,Heavy Rain,19.0,38.7,Severe,Mixed,34.8,Same-Day,2025-01-19 12:00:00,0.44,64.1,223.0,158.9,Moderate Delay
489,Hyderabad,Chennai,354.9,Fog,44.2,0.0,Severe,Rural Road,42.7,Same-Day,2025-06-03 11:00:00,0.3,473.2,617.0,143.8,Moderate Delay
490,Ahmedabad,Bangalore,357.5,Rain,23.5,31.0,Low,Mixed,21.9,Standard,2025-05-13 11:00:00,0.47,476.7,543.8,67.1,Moderate Delay
491,Hyderabad,Delhi,491.8,Cloudy,17.9,2.5,High,City Road,13.4,Same-Day,2025-06-07 19:00:00,0.01,655.7,736.4,80.7,Moderate Delay
492,Hyderabad,Pune,1174.5,Rain,35.1,32.9,High,Mixed,5.1,Standard,2025-08-29 07:00:00,0.27,1566.0,1702.1,136.1,Moderate Delay
493,Jaipur,Delhi,510.3,Heavy Rain,22.2,72.2,Medium,Highway,48.3,Same-Day,2025-07-15 22:00:00,0.27,680.4,738.0,57.6,Slight Delay
494,Kolkata,Raipur,645.0,Clear,27.2,0.0,Medium,City Road,16.4,Standard,2025-06-25 19:00:00,0.12,860.0,905.9,45.9,Slight Delay
495,Jaipur,Raipur,1967.0,Cloudy,18.5,3.4,High,City Road,35.9,Standard,2025-09-07 16:00:00,0.36,2622.7,2760.5,137.8,Moderate Delay
496,Bangalore,Pune,80.1,Fog,39.5,0.0,Low,Highway,23.3,Express,2025-05-21 12:00:00,0.13,106.8,128.6,21.8,Slight Delay
497,Bangalore,Chennai,1248.1,Heavy Rain,29.1,14.4,Low,City Road,14.8,Same-Day,2025-08-11 19:00:00,0.14,1664.1,1741.9,77.8,Moderate Delay
498,Pune,Raipur,1910.2,Heavy Rain,38.0,23.1,Severe,Highway,3.9,Standard,2025-10-01 12:00:00,0.19,2546.9,2732.4,185.5,Severe Delay
499,Hyderabad,Mumbai,732.2,Rain,34.1,28.5,Medium,Highway,3.5,Same-Day,2025-01-03 13:00:00,0.42,976.3,1053.4,77.1,Moderate Delay
500,Chennai,Pune,602.0,Rain,25.6,59.5,Medium,Highway,34.8,Express,2025-09-15 15:00:00,0.59,802.7,865.2,62.5,Moderate Delay
501,Bangalore,Delhi,1508.6,Clear,29.9,0.0,High,Rural Road,14.1,Express,2025-09-24 22:00:00,0.28,2011.5,2111.6,100.1,Moderate Delay
502,Hyderabad,Raipur,481.1,Fog,27.2,0.0,Medium,Rural Road,15.9,Express,2025-07-03 12:00:00,0.11,641.5,706.5,65.0,Moderate Delay
503,Bangalore,Raipur,1856.9,Clear,40.4,0.0,Medium,City Road,35.5,Same-Day,2025-03-09 12:00:00,0.06,2475.9,2536.6,60.7,Moderate Delay
504,Mumbai,Jaipur,1299.9,Cloudy,26.0,2.6,Low,Rural Road,2.2,Same-Day,2025-11-30 07:00:00,0.38,1733.2,1793.7,60.5,Moderate Delay
505,Pune,Kolkata,1389.5,Storm,37.8,17.3,Low,Highway,5.7,Same-Day,2025-02-25 06:00:00,0.09,1852.7,1953.2,100.5,Moderate Delay
506,Mumbai,Bangalore,1259.6,Heavy Rain,12.6,13.4,Severe,Mixed,2.9,Standard,2025-10-08 14:00:00,0.15,1679.5,1840.6,161.1,Moderate Delay
507,Raipur,Bangalore,1673.2,Cloudy,34.9,0.6,Low,Rural Road,36.9,Express,2025-12-05 09:00:00,0.17,2230.9,2295.1,64.2,Moderate Delay
508,Ahmedabad,Kolkata,1676.0,Storm,44.1,78.2,Medium,Mixed,3.7,Standard,2025-09-19 09:00:00,0.49,2234.7,2426.5,191.8,Severe Delay
509,Kolkata,Delhi,1825.4,Clear,25.4,0.0,Severe,City Road,2.5,Same-Day,2025-04-13 14:00:00,0.22,2433.9,2573.4,139.5,Moderate Delay
510,Ahmedabad,Chennai,1289.4,Rain,20.9,44.4,Severe,Rural Road,3.8,Standard,2025-01-21 21:00:00,0.58,1719.2,1900.5,181.3,Severe Delay
511,Chennai,Ahmedabad,1436.3,Rain,19.4,28.7,Medium,Highway,6.7,Standard,2025-12-10 08:00:00,0.39,1915.1,1999.6,84.5,Moderate Delay
512,Delhi,Ahmedabad,1348.1,Cloudy,38.7,1.2,Low,Highway,21.4,Same-Day,2025-02-21 14:00:00,0.5,1797.5,1829.6,32.1,Slight Delay
513,Chennai,Ahmedabad,1824.0,Rain,38.7,62.0,High,Mixed,2.9,Standard,2025-02-21 11:00:00,0.51,2432.0,2545.0,113.0,Moderate Delay
514,Mumbai,Hyderabad,392.7,Rain,16.4,9.3,High,Mixed,29.6,Same-Day,2025-03-01 09:00:00,0.5,523.6,605.9,82.3,Moderate Delay
515,Mumbai,Delhi,712.2,Cloudy,30.9,1.4,Medium,Rural Road,1.8,Express,2025-08-13 14:00:00,0.44,949.6,1009.6,60.0,Slight Delay
516,Delhi,Pune,277.1,Rain,33.7,69.4,Medium,Highway,48.2,Express,2025-07-24 20:00:00,0.38,369.5,420.2,50.7,Slight Delay
517,Kolkata,Raipur,1567.3,Fog,34.6,0.0,Severe,Mixed,41.8,Same-Day,2025-03-27 09:00:00,0.03,2089.7,2245.0,155.3,Moderate Delay
518,Bangalore,Mumbai,1430.2,Cloudy,16.2,1.2,Low,Mixed,25.0,Same-Day,2025-09-05 20:00:00,0.55,1906.9,1990.7,83.8,Moderate Delay
519,Bangalore,Raipur,310.3,Rain,32.6,22.5,Low,City Road,8.3,Express,2025-09-07 09:00:00,0.41,413.7,466.1,52.4,Slight Delay
520,Pune,Ahmedabad,1137.9,Clear,18.8,0.0,Low,Rural Road,45.8,Same-Day,2025-06-10 06:00:00,0.16,1517.2,1548.5,31.3,Slight Delay
521,Ahmedabad,Chennai,1937.3,Fog,25.9,0.0,High,Highway,47.3,Express,2025-12-05 13:00:00,0.41,2583.1,2674.1,91.0,Moderate Delay
522,Raipur,Hyderabad,1595.2,Fog,14.9,0.0,Severe,City Road,7.0,Same-Day,2025-11-10 07:00:00,0.39,2126.9,2285.4,158.5,Moderate Delay
523,Mumbai,Chennai,721.0,Storm,33.0,45.3,Severe,Mixed,34.0,Standard,2025-02-08 21:00:00,0.41,961.3,1172.9,211.6,Severe Delay
524,Hyderabad,Chennai,1983.4,Rain,15.7,56.9,High,Highway,33.9,Same-Day,2025-04-25 18:00:00,0.59,2644.5,2780.4,135.9,Moderate Delay
525,Pune,Chennai,1565.8,Clear,41.9,0.0,Severe,Mixed,19.5,Same-Day,2025-08-18 08:00:00,0.38,2087.7,2239.5,151.8,Moderate Delay
526,Raipur,Ahmedabad,520.6,Rain,12.4,25.1,Low,Mixed,45.7,Same-Day,2025-12-01 06:00:00,0.38,694.1,749.4,55.3,Slight Delay
527,Delhi,Raipur,1261.0,Heavy Rain,15.1,66.7,Low,Highway,12.1,Standard,2025-11-06 15:00:00,0.39,1681.3,1777.7,96.4,Moderate Delay
528,Ahmedabad,Jaipur,1998.7,Cloudy,17.4,1.3,Severe,Rural Road,33.3,Express,2025-01-28 13:00:00,0.58,2664.9,2835.1,170.2,Moderate Delay
529,Raipur,Hyderabad,1929.4,Storm,15.7,27.5,Severe,Rural Road,5.5,Same-Day,2025-08-20 09:00:00,0.16,2572.5,2766.2,193.7,Severe Delay
530,Delhi,Kolkata,349.7,Clear,44.5,0.0,High,Rural Road,41.1,Same-Day,2025-05-30 22:00:00,0.17,466.3,537.6,71.3,Moderate Delay
531,Hyderabad,Delhi,1003.6,Clear,39.5,0.0,Medium,Mixed,22.6,Standard,2025-07-29 09:00:00,0.43,1338.1,1402.3,64.2,Moderate Delay
532,Kolkata,Chennai,1992.5,Cloudy,26.6,4.1,Low,Mixed,21.9,Standard,2025-08-23 12:00:00,0.48,2656.7,2726.3,69.6,Moderate Delay
533,Hyderabad,Delhi,846.4,Heavy Rain,15.1,12.0,Low,Highway,1.3,Express,2025-08-23 22:00:00,0.52,1128.5,1221.1,92.6,Moderate Delay
534,Bangalore,Ahmedabad,304.9,Clear,10.3,0.0,Low,Mixed,1.5,Same-Day,2025-09-05 22:00:00,0.35,406.5,429.6,23.1,Slight Delay
535,Bangalore,Chennai,896.5,Fog,35.6,0.0,Medium,Highway,12.0,Express,2025-12-03 16:00:00,0.49,1195.3,1278.2,82.9,Moderate Delay
536,Ahmedabad,Pune,1736.7,Heavy Rain,33.4,38.6,Medium,Rural Road,24.7,Express,2025-06-25 15:00:00,0.12,2315.6,2428.0,112.4,Moderate Delay
537,Raipur,Bangalore,1140.4,Cloudy,42.1,4.0,Severe,Rural Road,22.8,Same-Day,2025-10-08 16:00:00,0.43,1520.5,1646.4,125.9,Moderate Delay
538,Ahmedabad,Chennai,1905.5,Cloudy,28.7,3.2,Medium,Rural Road,27.4,Same-Day,2025-06-26 10:00:00,0.08,2540.7,2611.3,70.6,Moderate Delay
539,Bangalore,Jaipur,456.5,Storm,15.8,35.5,High,Highway,46.4,Express,2025-10-15 21:00:00,0.43,608.7,760.9,152.2,Moderate Delay
540,Jaipur,Pune,236.8,Fog,43.8,0.0,High,Mixed,9.2,Standard,2025-09-25 09:00:00,0.39,315.7,413.3,97.6,Moderate Delay
541,Mumbai,Raipur,1787.1,Cloudy,12.8,1.7,Low,Highway,12.8,Standard,2025-05-17 11:00:00,0.59,2382.8,2432.6,49.8,Slight Delay
542,Kolkata,Hyderabad,484.0,Cloudy,10.7,4.4,Low,Rural Road,48.3,Standard,2025-10-05 07:00:00,0.2,645.3,671.0,25.7,Slight Delay
543,Hyderabad,Ahmedabad,336.1,Clear,37.7,0.0,Medium,Mixed,31.0,Standard,2025-09-19 15:00:00,0.03,448.1,487.3,39.2,Slight Delay
544,Mumbai,Raipur,824.8,Heavy Rain,37.0,41.3,Severe,Rural Road,44.9,Same-Day,2025-01-28 06:00:00,0.54,1099.7,1285.2,185.5,Severe Delay
545,Kolkata,Chennai,1614.1,Storm,39.8,26.7,Severe,City Road,47.6,Same-Day,2025-12-27 17:00:00,0.03,2152.1,2345.2,193.1,Severe Delay
546,Jaipur,Ahmedabad,1338.6,Fog,38.8,0.0,Medium,City Road,1.2,Express,2025-08-18 11:00:00,0.33,1784.8,1891.6,106.8,Moderate Delay
547,Delhi,Chennai,1535.0,Cloudy,27.0,0.7,Low,Mixed,32.6,Standard,2025-08-08 14:00:00,0.1,2046.7,2113.7,67.0,Moderate Delay
548,Ahmedabad,Kolkata,521.3,Cloudy,38.1,4.1,Medium,Rural Road,49.0,Standard,2025-06-19 20:00:00,0.3,695.1,752.2,57.1,Slight Delay
549,Bangalore,Mumbai,197.2,Cloudy,24.6,4.3,High,Highway,42.9,Same-Day,2025-11-12 15:00:00,0.06,262.9,300.4,37.5,Slight Delay
550,Raipur,Jaipur,725.0,Rain,37.6,22.5,Low,Rural Road,32.1,Same-Day,2025-04-23 11:00:00,0.14,966.7,1011.8,45.1,Slight Delay
551,Ahmedabad,Delhi,271.7,Storm,25.0,17.1,Medium,Mixed,35.2,Same-Day,2025-10-02 18:00:00,0.46,362.3,469.0,106.7,Moderate Delay
552,Delhi,Pune,800.5,Cloudy,39.7,2.5,Medium,Rural Road,23.9,Express,2025-07-04 15:00:00,0.29,1067.3,1137.4,70.1,Moderate Delay
553,Chennai,Jaipur,1154.1,Heavy Rain,18.3,64.5,Low,Highway,24.6,Same-Day,2025-06-27 20:00:00,0.2,1538.8,1570.9,32.1,Slight Delay
554,Chennai,Kolkata,89.6,Clear,21.3,0.0,High,Mixed,27.4,Standard,2025-07-17 14:00:00,0.33,119.5,183.8,64.3,Moderate Delay
555,Ahmedabad,Kolkata,502.1,Clear,26.0,0.0,High,Mixed,38.1,Express,2025-01-23 15:00:00,0.12,669.5,707.5,38.0,Slight Delay
556,Chennai,Pune,1489.2,Storm,11.8,68.9,Low,Highway,10.3,Standard,2025-10-03 06:00:00,0.52,1985.6,2113.8,128.2,Moderate Delay
557,Delhi,Kolkata,373.5,Fog,27.3,0.0,Medium,Mixed,4.6,Standard,2025-04-16 19:00:00,0.12,498.0,591.9,93.9,Moderate Delay
558,Delhi,Chennai,1324.6,Clear,44.6,0.0,Severe,Rural Road,13.6,Standard,2025-02-14 08:00:00,0.4,1766.1,1898.6,132.5,Moderate Delay
559,Mumbai,Chennai,1577.7,Rain,27.8,27.5,Low,City Road,8.0,Express,2025-07-28 18:00:00,0.17,2103.6,2159.1,55.5,Slight Delay
560,Raipur,Pune,1867.7,Heavy Rain,32.3,65.1,High,Highway,23.6,Express,2025-12-11 09:00:00,0.22,2490.3,2598.2,107.9,Moderate Delay
561,Ahmedabad,Mumbai,985.0,Fog,31.9,0.0,Low,Highway,47.3,Same-Day,2025-02-07 17:00:00,0.35,1313.3,1367.5,54.2,Slight Delay
562,Ahmedabad,Delhi,289.4,Rain,39.3,16.6,High,Highway,15.4,Express,2025-08-13 18:00:00,0.15,385.9,461.6,75.7,Moderate Delay
563,Pune,Mumbai,130.7,Heavy Rain,15.0,9.0,Medium,City Road,31.5,Standard,2025-07-20 15:00:00,0.03,174.3,261.7,87.4,Moderate Delay
564,Bangalore,Hyderabad,1195.1,Fog,17.4,0.0,High,Highway,6.3,Same-Day,2025-10-12 10:00:00,0.58,1593.5,1683.2,89.7,Moderate Delay
565,Delhi,Mumbai,308.3,Clear,34.4,0.0,Severe,Highway,32.3,Express,2025-04-18 17:00:00,0.47,411.1,530.0,118.9,Moderate Delay
566,Chennai,Raipur,1841.7,Fog,32.8,0.0,Medium,City Road,5.0,Standard,2025-04-24 14:00:00,0.57,2455.6,2584.1,128.5,Moderate Delay
567,Chennai,Delhi,264.2,Cloudy,24.0,1.8,Low,Mixed,38.8,Same-Day,2025-10-09 08:00:00,0.48,352.3,387.3,35.0,Slight Delay
568,Kolkata,Delhi,746.1,Rain,13.7,52.1,Low,City Road,6.5,Same-Day,2025-10-25 21:00:00,0.59,994.8,1093.5,98.7,Moderate Delay
569,Hyderabad,Pune,365.5,Cloudy,23.3,4.2,Medium,Highway,32.4,Express,2025-11-14 08:00:00,0.39,487.3,544.4,57.1,Slight Delay
570,Chennai,Pune,1221.3,Heavy Rain,15.8,64.8,Severe,Rural Road,36.1,Same-Day,2025-12-04 15:00:00,0.05,1628.4,1763.8,135.4,Moderate Delay
571,Jaipur,Bangalore,1108.8,Storm,31.7,54.8,High,Rural Road,41.9,Express,2025-03-28 06:00:00,0.13,1478.4,1634.9,156.5,Moderate Delay
572,Hyderabad,Chennai,212.8,Cloudy,20.6,3.2,Severe,Rural Road,17.8,Express,2025-03-10 16:00:00,0.56,283.7,410.9,127.2,Moderate Delay
573,Raipur,Ahmedabad,741.8,Heavy Rain,39.5,19.6,High,Rural Road,41.4,Express,2025-10-10 09:00:00,0.34,989.1,1142.2,153.1,Moderate Delay
574,Bangalore,Delhi,915.4,Rain,15.0,34.2,Medium,City Road,47.6,Express,2025-11-17 08:00:00,0.19,1220.5,1300.5,80.0,Moderate Delay
575,Delhi,Mumbai,636.8,Storm,37.4,38.2,Low,Mixed,24.5,Same-Day,2025-04-19 07:00:00,0.47,849.1,948.3,99.2,Moderate Delay
576,Ahmedabad,Kolkata,1058.0,Storm,33.5,25.2,Severe,City Road,14.2,Express,2025-07-20 13:00:00,0.56,1410.7,1650.7,240.0,Severe Delay
577,Jaipur,Kolkata,1028.8,Cloudy,29.1,1.8,Severe,Highway,4.5,Express,2025-07-06 22:00:00,0.12,1371.7,1467.0,95.3,Moderate Delay
578,Mumbai,Kolkata,1027.2,Storm,18.5,60.9,Medium,City Road,8.8,Express,2025-03-23 11:00:00,0.11,1369.6,1511.9,142.3,Moderate Delay
579,Jaipur,Bangalore,1652.5,Fog,24.6,0.0,Severe,Rural Road,4.1,Standard,2025-04-23 21:00:00,0.16,2203.3,2370.8,167.5,Moderate Delay
580,Chennai,Delhi,1843.1,Rain,43.9,45.5,High,City Road,23.2,Standard,2025-12-09 12:00:00,0.57,2457.5,2584.1,126.6,Moderate Delay
581,Ahmedabad,Hyderabad,921.8,Heavy Rain,30.4,31.8,Severe,Mixed,8.6,Standard,2025-01-21 16:00:00,0.3,1229.1,1439.1,210.0,Severe Delay
582,Delhi,Jaipur,1936.4,Fog,41.1,0.0,High,Rural Road,30.2,Same-Day,2025-10-06 11:00:00,0.32,2581.9,2711.3,129.4,Moderate Delay
583,Pune,Raipur,1490.4,Rain,19.8,47.4,Low,Rural Road,4.9,Express,2025-04-25 22:00:00,0.25,1987.2,2056.1,68.9,Moderate Delay
584,Pune,Hyderabad,1716.8,Rain,33.9,71.2,Severe,Mixed,10.6,Same-Day,2025-01-04 22:00:00,0.52,2289.1,2441.9,152.8,Moderate Delay
585,Bangalore,Ahmedabad,1882.6,Cloudy,11.7,1.8,Medium,Highway,42.9,Same-Day,2025-11-26 14:00:00,0.24,2510.1,2593.1,83.0,Moderate Delay
586,Chennai,Bangalore,941.2,Cloudy,12.0,1.3,Medium,Rural Road,22.1,Same-Day,2025-03-02 13:00:00,0.09,1254.9,1308.7,53.8,Slight Delay
587,Pune,Hyderabad,1883.7,Fog,40.9,0.0,Low,Mixed,26.0,Same-Day,2025-09-03 21:00:00,0.46,2511.6,2602.0,90.4,Moderate Delay
588,Chennai,Bangalore,1938.3,Fog,26.9,0.0,Severe,Highway,3.6,Standard,2025-01-23 10:00:00,0.33,2584.4,2807.3,222.9,Severe Delay
589,Jaipur,Bangalore,398.7,Cloudy,31.5,2.0,Low,City Road,2.5,Standard,2025-03-27 14:00:00,0.21,531.6,584.5,52.9,Slight Delay
590,Bangalore,Jaipur,159.7,Heavy Rain,42.7,62.5,Low,Rural Road,33.1,Standard,2025-04-21 20:00:00,0.49,212.9,306.5,93.6,Moderate Delay
591,Jaipur,Raipur,251.8,Heavy Rain,28.5,14.5,Medium,City Road,29.8,Express,2025-11-04 10:00:00,0.29,335.7,423.8,88.1,Moderate Delay
592,Jaipur,Bangalore,1435.1,Storm,31.1,27.4,High,City Road,20.8,Same-Day,2025-12-18 16:00:00,0.13,1913.5,2044.4,130.9,Moderate Delay
593,Raipur,Delhi,1565.3,Cloudy,17.0,0.4,Severe,Mixed,24.0,Standard,2025-02-25 06:00:00,0.01,2087.1,2239.0,151.9,Moderate Delay
594,Chennai,Jaipur,1570.0,Storm,39.6,64.9,Severe,City Road,25.7,Same-Day,2025-02-19 11:00:00,0.14,2093.3,2312.5,219.2,Severe Delay
595,Raipur,Mumbai,439.4,Storm,37.7,19.0,Low,Highway,3.8,Express,2025-12-04 10:00:00,0.6,585.9,688.7,102.8,Moderate Delay
596,Jaipur,Ahmedabad,1778.8,Clear,26.1,0.0,Severe,Mixed,30.5,Express,2025-01-23 22:00:00,0.11,2371.7,2505.2,133.5,Moderate Delay
597,Pune,Chennai,1127.1,Heavy Rain,27.6,15.8,Severe,Rural Road,22.4,Same-Day,2025-12-23 09:00:00,0.2,1502.8,1671.0,168.2,Moderate Delay
598,Pune,Bangalore,1514.8,Rain,43.4,23.0,Severe,City Road,16.5,Standard,2025-05-26 19:00:00,0.11,2019.7,2164.1,144.4,Moderate Delay
599,Kolkata,Chennai,785.2,Clear,24.7,0.0,Low,Highway,28.3,Same-Day,2025-01-04 18:00:00,0.0,1046.9,1048.0,1.1,On Time
600,Chennai,Pune,1146.5,Heavy Rain,40.9,75.6,High,Highway,37.1,Standard,2025-08-07 14:00:00,0.05,1528.7,1616.8,88.1,Moderate Delay
601,Kolkata,Jaipur,1585.2,Heavy Rain,25.9,27.6,High,Rural Road,19.5,Same-Day,2025-07-23 12:00:00,0.51,2113.6,2278.7,165.1,Moderate Delay
602,Pune,Jaipur,1200.9,Storm,22.8,65.5,Severe,City Road,26.4,Express,2025-10-14 21:00:00,0.07,1601.2,1807.2,206.0,Severe Delay
603,Kolkata,Hyderabad,1532.9,Storm,18.7,7.7,High,Mixed,5.5,Same-Day,2025-03-12 09:00:00,0.44,2043.9,2187.9,144.0,Moderate Delay
604,Chennai,Ahmedabad,1090.8,Fog,38.6,0.0,Medium,Highway,9.0,Standard,2025-09-18 18:00:00,0.48,1454.4,1516.2,61.8,Moderate Delay
605,Hyderabad,Jaipur,1338.2,Storm,28.4,53.0,Low,City Road,17.2,Express,2025-11-22 06:00:00,0.54,1784.3,1957.6,173.3,Moderate Delay
606,Delhi,Chennai,550.0,Heavy Rain,24.4,72.4,Severe,Highway,44.9,Standard,2025-05-15 13:00:00,0.41,733.3,873.8,140.5,Moderate Delay
607,Hyderabad,Delhi,494.0,Storm,24.6,23.8,Low,Mixed,16.4,Express,2025-11-11 22:00:00,0.08,658.7,741.9,83.2,Moderate Delay
608,Kolkata,Mumbai,677.4,Cloudy,36.1,0.8,Severe,Mixed,7.0,Standard,2025-04-14 22:00:00,0.21,903.2,1014.2,111.0,Moderate Delay
609,Kolkata,Chennai,1274.9,Clear,18.9,0.0,Medium,City Road,28.0,Same-Day,2025-01-19 17:00:00,0.32,1699.9,1776.5,76.6,Moderate Delay
610,Chennai,Mumbai,164.0,Cloudy,37.7,1.1,Low,Rural Road,34.0,Express,2025-06-30 18:00:00,0.48,218.7,255.0,36.3,Slight Delay
611,Pune,Chennai,603.5,Storm,30.0,60.9,Low,Highway,19.3,Standard,2025-10-09 15:00:00,0.18,804.7,905.8,101.1,Moderate Delay
612,Ahmedabad,Hyderabad,1651.0,Rain,40.0,36.1,High,City Road,4.9,Same-Day,2025-04-10 20:00:00,0.26,2201.3,2296.2,94.9,Moderate Delay
613,Pune,Mumbai,866.8,Rain,30.9,11.7,Medium,Mixed,17.2,Same-Day,2025-02-24 08:00:00,0.05,1155.7,1205.8,50.1,Slight Delay
614,Ahmedabad,Kolkata,1135.1,Rain,43.0,5.3,Low,Rural Road,12.3,Same-Day,2025-10-22 14:00:00,0.56,1513.5,1594.4,80.9,Moderate Delay
615,Raipur,Pune,1989.2,Storm,33.8,10.6,Severe,City Road,49.6,Express,2025-08-23 20:00:00,0.24,2652.3,2851.6,199.3,Severe Delay
616,Jaipur,Mumbai,1153.2,Heavy Rain,45.0,26.5,Low,Rural Road,14.4,Standard,2025-07-15 13:00:00,0.1,1537.6,1630.6,93.0,Moderate Delay
617,Chennai,Pune,479.9,Heavy Rain,40.8,29.6,High,Highway,6.1,Same-Day,2025-05-15 13:00:00,0.52,639.9,759.3,119.4,Moderate Delay
618,Kolkata,Delhi,128.4,Heavy Rain,22.4,41.1,High,Highway,25.4,Same-Day,2025-04-02 21:00:00,0.19,171.2,279.9,108.7,Moderate Delay
619,Hyderabad,Pune,1110.1,Cloudy,38.9,1.5,High,City Road,20.2,Same-Day,2025-12-16 12:00:00,0.19,1480.1,1553.4,73.3,Moderate Delay
620,Raipur,Chennai,238.9,Cloudy,17.7,2.3,Medium,Rural Road,21.9,Standard,2025-04-28 12:00:00,0.48,318.5,393.1,74.6,Moderate Delay
621,Chennai,Pune,123.1,Cloudy,10.4,4.0,Low,Highway,24.1,Standard,2025-12-13 21:00:00,0.08,164.1,180.5,16.4,Slight Delay
622,Jaipur,Mumbai,1932.2,Storm,17.5,65.8,Low,Mixed,10.3,Express,2025-11-14 16:00:00,0.13,2576.3,2692.1,115.8,Moderate Delay
623,Raipur,Kolkata,1838.7,Heavy Rain,41.6,16.7,Medium,Rural Road,18.6,Express,2025-04-24 10:00:00,0.37,2451.6,2555.1,103.5,Moderate Delay
624,Mumbai,Jaipur,908.7,Heavy Rain,31.0,10.4,Severe,Highway,11.7,Same-Day,2025-06-27 18:00:00,0.56,1211.6,1391.1,179.5,Moderate Delay
625,Bangalore,Ahmedabad,564.9,Clear,41.8,0.0,Severe,Rural Road,31.9,Same-Day,2025-01-05 06:00:00,0.04,753.2,858.1,104.9,Moderate Delay
626,Chennai,Raipur,1164.6,Storm,43.5,42.7,Low,Rural Road,4.6,Express,2025-11-10 14:00:00,0.37,1552.8,1653.0,100.2,Moderate Delay
627,Bangalore,Jaipur,1542.2,Rain,19.3,62.5,Medium,Rural Road,10.7,Express,2025-11-10 16:00:00,0.19,2056.3,2140.7,84.4,Moderate Delay
628,Hyderabad,Bangalore,932.0,Heavy Rain,41.5,74.8,Severe,City Road,19.5,Express,2025-12-25 17:00:00,0.3,1242.7,1422.1,179.4,Moderate Delay
629,Hyderabad,Raipur,474.8,Rain,17.0,7.8,Severe,City Road,32.3,Same-Day,2025-03-09 13:00:00,0.16,633.1,754.1,121.0,Moderate Delay
630,Delhi,Hyderabad,417.1,Cloudy,17.5,1.5,Severe,Mixed,9.1,Standard,2025-03-16 10:00:00,0.23,556.1,676.3,120.2,Moderate Delay
631,Raipur,Mumbai,436.3,Cloudy,29.8,3.1,Severe,Mixed,2.5,Standard,2025-11-19 22:00:00,0.24,581.7,692.8,111.1,Moderate Delay
632,Ahmedabad,Hyderabad,1896.3,Heavy Rain,26.6,28.8,High,Rural Road,38.4,Same-Day,2025-10-18 07:00:00,0.3,2528.4,2676.4,148.0,Moderate Delay
633,Pune,Delhi,1141.3,Fog,36.7,0.0,Medium,Highway,7.3,Standard,2025-05-11 21:00:00,0.14,1521.7,1605.6,83.9,Moderate Delay
634,Delhi,Ahmedabad,1361.1,Fog,34.6,0.0,High,Rural Road,47.8,Express,2025-07-04 14:00:00,0.32,1814.8,1917.6,102.8,Moderate Delay
635,Hyderabad,Mumbai,1688.3,Heavy Rain,22.7,54.5,Low,Rural Road,23.8,Same-Day,2025-11-07 12:00:00,0.12,2251.1,2352.2,101.1,Moderate Delay
636,Jaipur,Ahmedabad,1547.1,Cloudy,11.4,1.0,High,Rural Road,27.1,Express,2025-12-11 22:00:00,0.56,2062.8,2192.0,129.2,Moderate Delay
637,Raipur,Ahmedabad,331.6,Clear,11.1,0.0,Severe,Rural Road,47.4,Express,2025-11-20 10:00:00,0.14,442.1,530.4,88.3,Moderate Delay
638,Bangalore,Pune,1250.6,Heavy Rain,11.4,19.0,Severe,Highway,41.6,Standard,2025-03-24 16:00:00,0.46,1667.5,1822.2,154.7,Moderate Delay
639,Chennai,Pune,432.3,Rain,18.8,65.4,High,Rural Road,14.3,Same-Day,2025-11-27 18:00:00,0.11,576.4,661.9,85.5,Moderate Delay
640,Kolkata,Ahmedabad,1637.3,Rain,43.6,64.4,Severe,Mixed,30.4,Standard,2025-04-05 06:00:00,0.3,2183.1,2368.7,185.6,Severe Delay
641,Bangalore,Kolkata,582.9,Fog,30.5,0.0,High,Highway,29.5,Standard,2025-03-27 18:00:00,0.27,777.2,873.6,96.4,Moderate Delay
642,Delhi,Bangalore,1299.2,Clear,15.3,0.0,Severe,Highway,46.7,Standard,2025-07-23 22:00:00,0.23,1732.3,1847.2,114.9,Moderate Delay
643,Delhi,Bangalore,1064.0,Rain,42.5,41.3,Medium,Highway,24.8,Same-Day,2025-07-19 15:00:00,0.07,1418.7,1501.3,82.6,Moderate Delay
644,Chennai,Kolkata,1561.5,Fog,14.6,0.0,High,Mixed,30.2,Same-Day,2025-03-06 10:00:00,0.02,2082.0,2172.2,90.2,Moderate Delay
645,Ahmedabad,Bangalore,1253.9,Clear,12.6,0.0,Low,Rural Road,25.4,Express,2025-09-01 20:00:00,0.11,1671.9,1715.2,43.3,Slight Delay
646,Ahmedabad,Kolkata,978.7,Storm,32.7,6.4,Severe,City Road,32.9,Same-Day,2025-10-04 11:00:00,0.37,1304.9,1501.4,196.5,Severe Delay
647,Jaipur,Raipur,271.7,Fog,22.5,0.0,Severe,Rural Road,29.8,Express,2025-09-04 13:00:00,0.5,362.3,489.9,127.6,Moderate Delay
648,Delhi,Ahmedabad,538.1,Rain,12.3,7.1,High,Mixed,12.6,Express,2025-03-21 15:00:00,0.53,717.5,825.6,108.1,Moderate Delay
649,Mumbai,Delhi,1043.9,Storm,41.8,65.3,Medium,Rural Road,3.8,Express,2025-08-29 06:00:00,0.42,1391.9,1541.4,149.5,Moderate Delay
650,Raipur,Ahmedabad,159.5,Rain,19.7,29.3,Low,Mixed,47.3,Express,2025-11-02 13:00:00,0.17,212.7,225.4,12.7,On Time
651,Mumbai,Jaipur,1736.4,Rain,31.9,55.2,Medium,Mixed,6.8,Same-Day,2025-08-12 18:00:00,0.57,2315.2,2430.5,115.3,Moderate Delay
652,Chennai,Bangalore,897.2,Fog,31.6,0.0,Severe,Mixed,38.6,Standard,2025-05-15 08:00:00,0.06,1196.3,1376.4,180.1,Severe Delay
653,Pune,Chennai,934.4,Storm,21.0,48.6,High,Rural Road,36.6,Same-Day,2025-09-30 14:00:00,0.25,1245.9,1386.9,141.0,Moderate Delay
654,Pune,Chennai,498.7,Clear,26.9,0.0,Medium,City Road,44.4,Express,2025-02-26 20:00:00,0.23,664.9,720.4,55.5,Slight Delay
655,Jaipur,Raipur,436.8,Rain,27.6,22.5,Severe,City Road,20.8,Express,2025-01-10 10:00:00,0.47,582.4,752.0,169.6,Moderate Delay
656,Mumbai,Jaipur,1128.6,Clear,27.0,0.0,Medium,Highway,25.5,Express,2025-05-18 10:00:00,0.11,1504.8,1553.7,48.9,Slight Delay
657,Raipur,Mumbai,1895.7,Cloudy,22.9,0.7,Low,City Road,26.2,Standard,2025-09-10 12:00:00,0.07,2527.6,2586.9,59.3,Slight Delay
658,Hyderabad,Raipur,358.1,Rain,19.4,43.2,Severe,Rural Road,7.8,Express,2025-12-23 07:00:00,0.37,477.5,659.0,181.5,Severe Delay
659,Hyderabad,Delhi,504.5,Cloudy,14.6,1.5,Low,Rural Road,44.8,Express,2025-02-06 21:00:00,0.58,672.7,713.9,41.2,Slight Delay
660,Bangalore,Kolkata,1096.9,Rain,21.8,40.5,Severe,Highway,30.9,Standard,2025-05-08 18:00:00,0.52,1462.5,1610.7,148.2,Moderate Delay
661,Raipur,Chennai,1073.2,Fog,20.0,0.0,Low,City Road,2.8,Express,2025-02-18 22:00:00,0.4,1430.9,1553.7,122.8,Moderate Delay
662,Chennai,Ahmedabad,654.9,Heavy Rain,29.3,8.8,High,Rural Road,2.7,Standard,2025-11-19 07:00:00,0.43,873.2,988.7,115.5,Moderate Delay
663,Ahmedabad,Jaipur,1615.7,Clear,12.8,0.0,High,Mixed,10.0,Same-Day,2025-06-02 12:00:00,0.23,2154.3,2252.2,97.9,Moderate Delay
664,Hyderabad,Mumbai,1752.5,Fog,20.6,0.0,Medium,Highway,5.2,Standard,2025-11-21 19:00:00,0.46,2336.7,2433.8,97.1,Moderate Delay
665,Hyderabad,Mumbai,431.5,Cloudy,27.6,2.7,High,Highway,14.5,Express,2025-05-05 06:00:00,0.57,575.3,660.4,85.1,Moderate Delay
666,Mumbai,Ahmedabad,741.0,Fog,32.4,0.0,Medium,Rural Road,6.9,Standard,2025-05-08 11:00:00,0.26,988.0,1072.7,84.7,Moderate Delay
667,Raipur,Delhi,609.2,Fog,37.6,0.0,High,Highway,2.0,Standard,2025-07-02 10:00:00,0.58,812.3,937.9,125.6,Moderate Delay
668,Ahmedabad,Delhi,896.6,Cloudy,43.2,1.2,Severe,City Road,26.8,Express,2025-10-13 17:00:00,0.29,1195.5,1302.9,107.4,Moderate Delay
669,Raipur,Chennai,394.5,Clear,30.1,0.0,Severe,Rural Road,11.2,Same-Day,2025-03-10 14:00:00,0.52,526.0,642.0,116.0,Moderate Delay
670,Mumbai,Ahmedabad,1076.6,Fog,43.0,0.0,Severe,Rural Road,20.1,Same-Day,2025-12-23 21:00:00,0.42,1435.5,1581.1,145.6,Moderate Delay
671,Chennai,Bangalore,1419.2,Storm,42.9,29.7,High,Rural Road,2.6,Same-Day,2025-08-28 14:00:00,0.3,1892.3,2074.7,182.4,Severe Delay
672,Jaipur,Ahmedabad,1414.9,Cloudy,25.9,2.7,Low,City Road,42.6,Express,2025-06-01 14:00:00,0.29,1886.5,1948.6,62.1,Moderate Delay
673,Ahmedabad,Hyderabad,1354.9,Heavy Rain,32.2,12.5,Low,Mixed,30.4,Same-Day,2025-04-05 06:00:00,0.07,1806.5,1859.0,52.5,Slight Delay
674,Jaipur,Hyderabad,1974.5,Storm,29.6,56.6,Medium,Rural Road,16.6,Same-Day,2025-02-02 18:00:00,0.06,2632.7,2784.7,152.0,Moderate Delay
675,Chennai,Jaipur,1624.3,Fog,28.8,0.0,Severe,City Road,14.3,Same-Day,2025-05-25 16:00:00,0.04,2165.7,2333.3,167.6,Moderate Delay
676,Pune,Hyderabad,820.9,Clear,22.7,0.0,Low,Highway,11.2,Standard,2025-03-08 11:00:00,0.4,1094.5,1150.1,55.6,Slight Delay
677,Mumbai,Kolkata,523.2,Clear,38.9,0.0,Severe,City Road,24.5,Standard,2025-01-17 18:00:00,0.33,697.6,794.8,97.2,Moderate Delay
678,Raipur,Jaipur,843.2,Storm,26.4,32.6,High,Highway,5.5,Express,2025-04-24 08:00:00,0.19,1124.3,1280.0,155.7,Moderate Delay
679,Mumbai,Kolkata,436.5,Fog,10.8,0.0,Severe,Highway,44.9,Express,2025-11-24 07:00:00,0.13,582.0,689.6,107.6,Moderate Delay
680,Hyderabad,Jaipur,692.5,Fog,34.8,0.0,Severe,Rural Road,28.1,Same-Day,2025-01-30 14:00:00,0.15,923.3,1033.7,110.4,Moderate Delay
681,Ahmedabad,Mumbai,1215.9,Fog,40.5,0.0,Low,Rural Road,49.9,Standard,2025-04-21 22:00:00,0.36,1621.2,1702.6,81.4,Moderate Delay
682,Delhi,Bangalore,759.4,Fog,23.4,0.0,Medium,Mixed,41.9,Standard,2025-04-09 22:00:00,0.39,1012.5,1117.4,104.9,Moderate Delay
683,Chennai,Bangalore,1035.2,Storm,23.9,42.3,Severe,Highway,33.5,Same-Day,2025-10-23 17:00:00,0.01,1380.3,1521.5,141.2,Moderate Delay
684,Raipur,Pune,1363.7,Clear,24.7,0.0,Medium,City Road,48.1,Same-Day,2025-07-25 22:00:00,0.36,1818.3,1883.5,65.2,Moderate Delay
685,Hyderabad,Bangalore,1725.0,Storm,12.7,10.4,Severe,Rural Road,42.6,Express,2025-10-09 16:00:00,0.13,2300.0,2505.1,205.1,Severe Delay
686,Hyderabad,Raipur,841.7,Fog,21.4,0.0,Severe,Rural Road,30.5,Same-Day,2025-05-04 12:00:00,0.56,1122.3,1311.3,189.0,Severe Delay
687,Pune,Jaipur,1644.7,Fog,20.0,0.0,High,Rural Road,12.3,Express,2025-08-18 18:00:00,0.47,2192.9,2343.6,150.7,Moderate Delay
688,Mumbai,Delhi,1179.0,Rain,29.2,53.0,Low,City Road,13.3,Express,2025-01-04 15:00:00,0.05,1572.0,1621.8,49.8,Slight Delay
689,Chennai,Kolkata,1582.3,Rain,22.3,35.3,Low,Rural Road,20.0,Same-Day,2025-09-19 10:00:00,0.12,2109.7,2151.7,42.0,Slight Delay
690,Delhi,Mumbai,1662.7,Heavy Rain,34.6,75.9,High,City Road,20.7,Standard,2025-05-16 17:00:00,0.4,2216.9,2378.7,161.8,Moderate Delay
691,Jaipur,Chennai,1066.6,Cloudy,38.4,3.7,High,Rural Road,33.4,Standard,2025-10-20 18:00:00,0.07,1422.1,1525.8,103.7,Moderate Delay
692,Jaipur,Chennai,313.2,Fog,36.1,0.0,Low,Rural Road,0.9,Express,2025-03-30 21:00:00,0.1,417.6,455.8,38.2,Slight Delay
693,Jaipur,Delhi,800.8,Storm,10.0,14.0,High,Highway,27.0,Same-Day,2025-10-23 18:00:00,0.41,1067.7,1201.0,133.3,Moderate Delay
694,Delhi,Mumbai,1791.6,Rain,14.1,79.3,High,Mixed,10.9,Express,2025-03-03 13:00:00,0.01,2388.8,2488.0,99.2,Moderate Delay
695,Jaipur,Mumbai,1810.0,Fog,21.2,0.0,Severe,Highway,33.7,Express,2025-09-26 07:00:00,0.11,2413.3,2544.5,131.2,Moderate Delay
696,Hyderabad,Jaipur,505.7,Storm,25.7,29.0,Medium,Rural Road,37.3,Same-Day,2025-12-24 13:00:00,0.58,674.3,822.0,147.7,Moderate Delay
697,Bangalore,Mumbai,1036.6,Fog,32.8,0.0,Severe,Mixed,44.5,Same-Day,2025-10-22 22:00:00,0.26,1382.1,1545.9,163.8,Moderate Delay
698,Delhi,Kolkata,1254.2,Heavy Rain,12.0,6.8,High,Mixed,22.8,Standard,2025-03-09 16:00:00,0.2,1672.3,1797.0,124.7,Moderate Delay
699,Delhi,Ahmedabad,416.3,Storm,21.2,49.4,Low,Mixed,4.1,Express,2025-02-13 18:00:00,0.09,555.1,627.9,72.8,Moderate Delay
700,Ahmedabad,Pune,1291.7,Fog,11.3,0.0,Medium,City Road,31.3,Express,2025-10-14 12:00:00,0.47,1722.3,1862.0,139.7,Moderate Delay
701,Raipur,Pune,1744.5,Fog,22.0,0.0,Medium,City Road,38.6,Standard,2025-02-06 14:00:00,0.34,2326.0,2484.7,158.7,Moderate Delay
702,Pune,Hyderabad,975.2,Fog,13.3,0.0,Low,Highway,38.5,Same-Day,2025-07-31 19:00:00,0.45,1300.3,1371.4,71.1,Moderate Delay
703,Hyderabad,Pune,528.2,Cloudy,30.8,4.7,High,Rural Road,34.1,Same-Day,2025-12-02 06:00:00,0.25,704.3,770.3,66.0,Moderate Delay
704,Kolkata,Bangalore,117.3,Rain,11.1,46.6,Severe,City Road,38.2,Express,2025-01-23 13:00:00,0.32,156.4,284.8,128.4,Moderate Delay
705,Chennai,Pune,163.3,Cloudy,43.4,1.1,Low,Highway,46.2,Same-Day,2025-01-28 13:00:00,0.26,217.7,233.7,16.0,Slight Delay
706,Jaipur,Bangalore,1868.7,Rain,29.0,44.6,Low,Rural Road,7.5,Same-Day,2025-02-26 15:00:00,0.0,2491.6,2565.7,74.1,Moderate Delay
707,Raipur,Ahmedabad,1337.2,Clear,12.8,0.0,High,City Road,30.4,Same-Day,2025-10-03 12:00:00,0.1,1782.9,1852.4,69.5,Moderate Delay
708,Chennai,Jaipur,1331.5,Storm,15.5,56.6,High,Mixed,6.8,Same-Day,2025-03-14 06:00:00,0.26,1775.3,1948.4,173.1,Moderate Delay
709,Pune,Jaipur,409.0,Clear,31.5,0.0,High,City Road,4.8,Standard,2025-05-26 12:00:00,0.23,545.3,632.2,86.9,Moderate Delay
710,Jaipur,Kolkata,1017.7,Clear,34.8,0.0,Severe,Highway,12.8,Standard,2025-07-18 14:00:00,0.19,1356.9,1451.1,94.2,Moderate Delay
711,Hyderabad,Delhi,1046.1,Clear,25.9,0.0,High,Mixed,2.0,Standard,2025-07-14 22:00:00,0.53,1394.8,1519.0,124.2,Moderate Delay
712,Delhi,Pune,1106.9,Heavy Rain,17.7,37.2,Low,City Road,32.8,Standard,2025-09-14 20:00:00,0.44,1475.9,1556.1,80.2,Moderate Delay
713,Ahmedabad,Mumbai,94.9,Clear,14.3,0.0,Medium,Rural Road,49.3,Express,2025-09-08 18:00:00,0.19,126.5,146.3,19.8,Slight Delay
714,Bangalore,Mumbai,1041.6,Rain,18.9,75.5,High,Rural Road,45.3,Same-Day,2025-06-04 13:00:00,0.34,1388.8,1489.6,100.8,Moderate Delay
715,Ahmedabad,Kolkata,1716.3,Clear,43.0,0.0,High,Mixed,17.1,Standard,2025-10-12 14:00:00,0.34,2288.4,2381.4,93.0,Moderate Delay
716,Chennai,Bangalore,1219.3,Rain,34.2,33.7,Severe,City Road,43.5,Standard,2025-07-15 22:00:00,0.34,1625.7,1766.6,140.9,Moderate Delay
717,Jaipur,Chennai,1667.7,Heavy Rain,27.3,13.9,Medium,City Road,1.2,Express,2025-06-09 16:00:00,0.18,2223.6,2333.0,109.4,Moderate Delay
718,Raipur,Jaipur,290.0,Cloudy,16.9,0.3,Medium,City Road,10.3,Same-Day,2025-10-05 12:00:00,0.01,386.7,420.9,34.2,Slight Delay
719,Bangalore,Hyderabad,728.5,Fog,10.3,0.0,Medium,Mixed,42.0,Standard,2025-12-02 11:00:00,0.02,971.3,1070.4,99.1,Moderate Delay
720,Hyderabad,Delhi,108.6,Storm,11.9,39.3,Low,City Road,27.7,Express,2025-03-16 06:00:00,0.53,144.8,225.5,80.7,Moderate Delay
721,Hyderabad,Raipur,812.3,Heavy Rain,15.3,42.8,High,Mixed,40.2,Same-Day,2025-11-23 14:00:00,0.26,1083.1,1207.3,124.2,Moderate Delay
722,Bangalore,Kolkata,457.9,Clear,19.4,0.0,Medium,City Road,40.3,Standard,2025-11-10 14:00:00,0.03,610.5,665.4,54.9,Slight Delay
723,Jaipur,Chennai,1763.7,Storm,24.5,45.3,Medium,City Road,2.9,Same-Day,2025-01-14 17:00:00,0.0,2351.6,2467.9,116.3,Moderate Delay
724,Delhi,Ahmedabad,373.3,Cloudy,12.8,4.7,Severe,Rural Road,13.4,Standard,2025-07-18 21:00:00,0.51,497.7,666.9,169.2,Moderate Delay
725,Raipur,Bangalore,1201.5,Cloudy,21.8,1.3,Medium,City Road,6.5,Standard,2025-07-29 06:00:00,0.31,1602.0,1672.6,70.6,Moderate Delay
726,Kolkata,Raipur,1257.4,Cloudy,35.5,4.7,Medium,City Road,14.3,Standard,2025-04-01 20:00:00,0.57,1676.5,1777.8,101.3,Moderate Delay
727,Jaipur,Raipur,1345.3,Fog,39.1,0.0,High,Mixed,7.9,Standard,2025-08-07 18:00:00,0.02,1793.7,1900.4,106.7,Moderate Delay
728,Mumbai,Raipur,1792.3,Fog,44.4,0.0,High,Mixed,32.0,Same-Day,2025-10-20 22:00:00,0.1,2389.7,2519.3,129.6,Moderate Delay
729,Mumbai,Jaipur,1468.8,Clear,34.8,0.0,Severe,Mixed,10.4,Standard,2025-05-06 22:00:00,0.13,1958.4,2096.6,138.2,Moderate Delay
730,Ahmedabad,Pune,1680.5,Fog,32.9,0.0,Low,Mixed,11.8,Same-Day,2025-11-19 07:00:00,0.16,2240.7,2296.7,56.0,Slight Delay
731,Chennai,Hyderabad,1818.7,Heavy Rain,13.7,59.0,Severe,Rural Road,34.5,Express,2025-08-25 11:00:00,0.06,2424.9,2621.1,196.2,Severe Delay
732,Pune,Kolkata,1682.0,Storm,25.7,52.8,Low,City Road,11.5,Express,2025-11-27 20:00:00,0.41,2242.7,2407.3,164.6,Moderate Delay
733,Delhi,Jaipur,1005.8,Clear,39.5,0.0,Medium,City Road,40.2,Express,2025-07-31 16:00:00,0.25,1341.1,1398.8,57.7,Slight Delay
734,Raipur,Mumbai,1291.6,Cloudy,18.6,0.5,Severe,City Road,39.8,Express,2025-02-16 14:00:00,0.06,1722.1,1891.2,169.1,Moderate Delay
735,Hyderabad,Bangalore,551.2,Fog,11.4,0.0,Low,Highway,35.4,Standard,2025-12-28 20:00:00,0.27,734.9,781.7,46.8,Slight Delay
736,Hyderabad,Delhi,1921.3,Storm,34.3,65.1,Severe,City Road,20.2,Express,2025-10-09 18:00:00,0.2,2561.7,2766.2,204.5,Severe Delay
737,Mumbai,Chennai,1898.3,Rain,15.9,77.4,Medium,City Road,1.2,Standard,2025-04-02 07:00:00,0.29,2531.1,2644.9,113.8,Moderate Delay
738,Pune,Kolkata,1669.9,Rain,18.7,50.7,Severe,Rural Road,29.5,Same-Day,2025-04-03 09:00:00,0.22,2226.5,2362.3,135.8,Moderate Delay
739,Bangalore,Kolkata,1372.5,Clear,33.1,0.0,High,Highway,47.6,Express,2025-09-12 21:00:00,0.44,1830.0,1929.1,99.1,Moderate Delay
740,Ahmedabad,Mumbai,1812.5,Storm,12.9,19.3,Severe,City Road,22.3,Standard,2025-10-29 21:00:00,0.35,2416.7,2673.6,256.9,Severe Delay
741,Raipur,Pune,1216.7,Heavy Rain,16.9,42.1,Low,Highway,37.2,Standard,2025-10-08 14:00:00,0.46,1622.3,1730.4,108.1,Moderate Delay
742,Jaipur,Ahmedabad,499.5,Cloudy,16.0,2.6,Low,City Road,14.9,Standard,2025-01-29 17:00:00,0.38,666.0,697.3,31.3,Slight Delay
743,Mumbai,Chennai,1868.6,Clear,40.4,0.0,High,Rural Road,12.1,Standard,2025-01-26 09:00:00,0.47,2491.5,2621.1,129.6,Moderate Delay
744,Pune,Bangalore,1087.2,Cloudy,20.1,0.6,High,City Road,35.3,Express,2025-10-24 17:00:00,0.39,1449.6,1564.1,114.5,Moderate Delay
745,Mumbai,Bangalore,655.5,Rain,18.8,45.1,High,Rural Road,41.3,Express,2025-02-04 19:00:00,0.06,874.0,986.1,112.1,Moderate Delay
746,Ahmedabad,Delhi,1926.3,Rain,14.4,36.5,Severe,City Road,24.3,Standard,2025-12-22 14:00:00,0.23,2568.4,2708.5,140.1,Moderate Delay
747,Hyderabad,Jaipur,1635.7,Heavy Rain,38.1,41.5,Medium,City Road,15.3,Same-Day,2025-01-30 09:00:00,0.38,2180.9,2269.1,88.2,Moderate Delay
748,Jaipur,Ahmedabad,497.2,Clear,42.8,0.0,Severe,Rural Road,26.2,Express,2025-11-08 16:00:00,0.22,662.9,760.4,97.5,Moderate Delay
749,Kolkata,Jaipur,647.0,Storm,33.7,26.7,High,City Road,29.1,Same-Day,2025-10-16 21:00:00,0.04,862.7,981.3,118.6,Moderate Delay
750,Ahmedabad,Raipur,135.9,Heavy Rain,20.7,16.8,Medium,City Road,9.1,Same-Day,2025-05-29 12:00:00,0.46,181.2,265.6,84.4,Moderate Delay
751,Mumbai,Bangalore,640.5,Clear,20.3,0.0,Severe,Highway,36.8,Same-Day,2025-04-17 19:00:00,0.52,854.0,939.5,85.5,Moderate Delay
752,Pune,Mumbai,1186.9,Rain,28.4,20.2,High,City Road,22.9,Standard,2025-11-24 12:00:00,0.48,1582.5,1716.9,134.4,Moderate Delay
753,Kolkata,Hyderabad,1265.7,Clear,15.3,0.0,High,Rural Road,35.7,Same-Day,2025-10-09 16:00:00,0.41,1687.6,1784.2,96.6,Moderate Delay
754,Mumbai,Bangalore,1599.6,Fog,42.3,0.0,High,Rural Road,48.9,Express,2025-10-19 06:00:00,0.01,2132.8,2242.9,110.1,Moderate Delay
755,Bangalore,Kolkata,1235.1,Rain,37.8,11.4,High,Mixed,9.6,Express,2025-01-19 10:00:00,0.46,1646.8,1778.7,131.9,Moderate Delay
756,Raipur,Bangalore,698.1,Fog,13.8,0.0,Severe,Rural Road,3.9,Express,2025-07-31 07:00:00,0.35,930.8,1103.4,172.6,Moderate Delay
757,Ahmedabad,Kolkata,72.4,Storm,21.7,78.2,High,Highway,43.7,Standard,2025-10-23 16:00:00,0.2,96.5,231.2,134.7,Moderate Delay
758,Hyderabad,Delhi,1392.6,Cloudy,12.5,0.9,High,Highway,38.7,Express,2025-07-12 11:00:00,0.5,1856.8,1976.4,119.6,Moderate Delay
759,Jaipur,Pune,532.9,Cloudy,34.8,1.1,Low,Rural Road,2.5,Same-Day,2025-06-11 07:00:00,0.12,710.5,721.0,10.5,On Time
760,Kolkata,Raipur,611.4,Clear,40.3,0.0,Severe,City Road,37.5,Express,2025-08-20 15:00:00,0.51,815.2,947.9,132.7,Moderate Delay
761,Chennai,Jaipur,148.7,Rain,38.9,14.4,Medium,Highway,45.2,Express,2025-01-20 12:00:00,0.52,198.3,261.1,62.8,Moderate Delay
762,Delhi,Ahmedabad,1883.1,Storm,27.0,39.7,Low,Mixed,39.4,Same-Day,2025-03-20 12:00:00,0.49,2510.8,2689.7,178.9,Moderate Delay
763,Hyderabad,Ahmedabad,1626.1,Fog,11.1,0.0,High,Rural Road,23.7,Standard,2025-02-20 22:00:00,0.39,2168.1,2290.3,122.2,Moderate Delay
764,Bangalore,Kolkata,1071.1,Fog,11.8,0.0,Low,Mixed,8.3,Express,2025-09-25 09:00:00,0.49,1428.1,1505.5,77.4,Moderate Delay
765,Mumbai,Hyderabad,905.7,Clear,37.6,0.0,Low,Rural Road,31.1,Express,2025-01-24 09:00:00,0.07,1207.6,1232.3,24.7,Slight Delay
766,Ahmedabad,Kolkata,469.1,Clear,30.1,0.0,High,City Road,21.5,Express,2025-04-13 12:00:00,0.31,625.5,710.3,84.8,Moderate Delay
767,Kolkata,Hyderabad,1951.5,Storm,21.7,49.6,High,Mixed,5.0,Same-Day,2025-03-02 14:00:00,0.36,2602.0,2771.1,169.1,Moderate Delay
768,Bangalore,Chennai,1719.6,Rain,43.5,42.4,Low,Highway,46.6,Same-Day,2025-10-14 22:00:00,0.35,2292.8,2358.1,65.3,Moderate Delay
769,Delhi,Kolkata,1029.3,Storm,23.3,38.6,High,Rural Road,49.0,Express,2025-03-14 15:00:00,0.21,1372.4,1511.4,139.0,Moderate Delay
770,Jaipur,Chennai,1152.2,Cloudy,18.9,1.1,Low,Rural Road,1.1,Same-Day,2025-06-23 20:00:00,0.08,1536.3,1576.2,39.9,Slight Delay
771,Mumbai,Chennai,414.2,Clear,30.6,0.0,Severe,Highway,3.7,Standard,2025-07-16 07:00:00,0.52,552.3,644.3,92.0,Moderate Delay
772,Delhi,Raipur,429.5,Heavy Rain,32.9,36.2,Medium,Mixed,9.4,Same-Day,2025-07-02 15:00:00,0.41,572.7,669.4,96.7,Moderate Delay
773,Hyderabad,Chennai,247.7,Fog,34.3,0.0,Low,Mixed,22.4,Same-Day,2025-03-09 08:00:00,0.57,330.3,397.1,66.8,Moderate Delay
774,Raipur,Delhi,1991.3,Heavy Rain,18.8,37.8,High,Mixed,26.2,Express,2025-04-29 13:00:00,0.18,2655.1,2762.5,107.4,Moderate Delay
775,Bangalore,Hyderabad,1749.0,Rain,34.7,11.4,Severe,City Road,32.7,Same-Day,2025-12-07 16:00:00,0.39,2332.0,2513.4,181.4,Severe Delay
776,Hyderabad,Ahmedabad,201.1,Heavy Rain,28.0,22.4,Low,Highway,9.5,Express,2025-02-27 17:00:00,0.49,268.1,352.2,84.1,Moderate Delay
777,Raipur,Ahmedabad,1988.7,Cloudy,29.4,0.9,High,Rural Road,16.1,Same-Day,2025-10-22 10:00:00,0.25,2651.6,2742.1,90.5,Moderate Delay
778,Ahmedabad,Delhi,387.3,Heavy Rain,32.8,58.4,Low,Rural Road,34.6,Same-Day,2025-11-29 08:00:00,0.19,516.4,590.9,74.5,Moderate Delay
779,Kolkata,Jaipur,915.6,Heavy Rain,24.9,16.8,Severe,Mixed,21.6,Standard,2025-11-14 13:00:00,0.32,1220.8,1399.7,178.9,Moderate Delay
780,Ahmedabad,Bangalore,1091.8,Heavy Rain,21.3,15.2,Severe,Highway,44.4,Express,2025-04-17 19:00:00,0.28,1455.7,1640.8,185.1,Severe Delay
781,Pune,Hyderabad,808.1,Storm,28.0,65.2,Medium,City Road,19.0,Same-Day,2025-12-09 08:00:00,0.23,1077.5,1202.3,124.8,Moderate Delay
782,Jaipur,Raipur,152.8,Clear,30.8,0.0,Severe,Rural Road,38.7,Same-Day,2025-02-19 20:00:00,0.5,203.7,334.1,130.4,Moderate Delay
783,Bangalore,Hyderabad,1093.2,Heavy Rain,42.2,72.5,Low,Highway,22.7,Same-Day,2025-11-02 18:00:00,0.16,1457.6,1521.6,64.0,Moderate Delay
784,Hyderabad,Ahmedabad,362.2,Fog,22.1,0.0,Low,Highway,3.5,Standard,2025-03-13 06:00:00,0.16,482.9,529.1,46.2,Slight Delay
785,Bangalore,Chennai,1749.7,Heavy Rain,36.7,43.5,High,Mixed,33.7,Same-Day,2025-10-23 20:00:00,0.51,2332.9,2458.8,125.9,Moderate Delay
786,Chennai,Kolkata,1050.6,Fog,32.9,0.0,High,Rural Road,21.2,Same-Day,2025-12-14 15:00:00,0.43,1400.8,1527.4,126.6,Moderate Delay
787,Pune,Hyderabad,514.7,Clear,32.4,0.0,Low,Mixed,43.9,Standard,2025-05-31 07:00:00,0.25,686.3,735.3,49.0,Slight Delay
788,Hyderabad,Jaipur,60.4,Clear,31.2,0.0,Low,Rural Road,14.2,Standard,2025-05-25 06:00:00,0.52,80.5,114.7,34.2,Slight Delay
789,Chennai,Raipur,830.3,Fog,20.1,0.0,Severe,Rural Road,40.5,Same-Day,2025-07-15 18:00:00,0.48,1107.1,1266.6,159.5,Moderate Delay
790,Pune,Raipur,1081.7,Storm,25.7,38.0,Medium,City Road,5.0,Express,2025-03-13 12:00:00,0.43,1442.3,1561.1,118.8,Moderate Delay
791,Ahmedabad,Pune,755.5,Rain,25.7,45.3,Severe,City Road,10.6,Express,2025-12-10 10:00:00,0.09,1007.3,1156.0,148.7,Moderate Delay
792,Bangalore,Mumbai,1419.9,Clear,16.2,0.0,Low,City Road,13.0,Same-Day,2025-09-07 19:00:00,0.49,1893.2,1958.3,65.1,Moderate Delay
793,Bangalore,Delhi,664.5,Cloudy,15.0,3.5,Severe,Mixed,26.9,Same-Day,2025-11-06 19:00:00,0.09,886.0,984.4,98.4,Moderate Delay
794,Jaipur,Bangalore,192.1,Heavy Rain,17.8,19.1,Severe,Mixed,21.7,Express,2025-07-01 13:00:00,0.39,256.1,402.9,146.8,Moderate Delay
795,Bangalore,Raipur,1187.2,Storm,26.5,48.0,Low,Mixed,46.4,Same-Day,2025-05-02 22:00:00,0.5,1582.9,1697.6,114.7,Moderate Delay
796,Kolkata,Raipur,1452.7,Storm,38.2,26.7,High,Highway,33.4,Standard,2025-10-18 21:00:00,0.26,1936.9,2127.8,190.9,Severe Delay
797,Hyderabad,Delhi,1001.5,Storm,21.0,61.5,Severe,Highway,11.4,Standard,2025-09-27 14:00:00,0.23,1335.3,1529.2,193.9,Severe Delay
798,Raipur,Jaipur,1491.8,Clear,18.8,0.0,Low,City Road,23.0,Express,2025-11-19 08:00:00,0.23,1989.1,2026.2,37.1,Slight Delay
799,Ahmedabad,Kolkata,1206.7,Storm,24.7,37.4,Low,Rural Road,3.2,Same-Day,2025-01-06 21:00:00,0.31,1608.9,1694.3,85.4,Moderate Delay
800,Raipur,Jaipur,517.8,Heavy Rain,16.1,76.8,High,Mixed,42.8,Express,2025-05-31 15:00:00,0.14,690.4,788.5,98.1,Moderate Delay
801,Bangalore,Mumbai,1055.9,Fog,41.5,0.0,High,Rural Road,8.6,Standard,2025-11-19 21:00:00,0.48,1407.9,1528.1,120.2,Moderate Delay
802,Jaipur,Bangalore,834.6,Storm,43.2,14.5,Low,Rural Road,48.7,Same-Day,2025-11-16 06:00:00,0.14,1112.8,1209.0,96.2,Moderate Delay
803,Kolkata,Ahmedabad,1324.5,Clear,29.8,0.0,Medium,Highway,23.9,Express,2025-05-10 10:00:00,0.3,1766.0,1823.6,57.6,Slight Delay
804,Jaipur,Kolkata,885.8,Rain,24.1,15.3,High,Highway,25.6,Same-Day,2025-02-27 11:00:00,0.08,1181.1,1254.5,73.4,Moderate Delay
805,Jaipur,Bangalore,1379.6,Fog,39.4,0.0,Severe,Rural Road,21.0,Standard,2025-05-14 13:00:00,0.46,1839.5,2010.4,170.9,Moderate Delay
806,Raipur,Bangalore,1424.4,Storm,30.5,31.8,Low,Rural Road,29.1,Standard,2025-03-16 10:00:00,0.21,1899.2,1984.2,85.0,Moderate Delay
807,Raipur,Pune,617.6,Heavy Rain,32.8,29.7,Medium,Mixed,19.9,Same-Day,2025-11-23 11:00:00,0.16,823.5,906.2,82.7,Moderate Delay
808,Chennai,Pune,1176.8,Clear,42.2,0.0,High,Highway,2.9,Standard,2025-03-27 20:00:00,0.34,1569.1,1634.4,65.3,Moderate Delay
809,Pune,Ahmedabad,1867.6,Rain,33.0,37.9,Severe,City Road,2.7,Express,2025-12-16 18:00:00,0.55,2490.1,2660.8,170.7,Moderate Delay
810,Raipur,Kolkata,1021.4,Cloudy,38.6,4.3,Severe,Highway,31.0,Express,2025-08-18 18:00:00,0.01,1361.9,1474.2,112.3,Moderate Delay
811,Hyderabad,Jaipur,1835.9,Fog,14.7,0.0,Low,Highway,33.7,Same-Day,2025-11-23 17:00:00,0.0,2447.9,2510.2,62.3,Moderate Delay
812,Pune,Kolkata,897.0,Rain,11.2,29.0,High,Rural Road,40.6,Standard,2025-05-11 18:00:00,0.41,1196.0,1292.7,96.7,Moderate Delay
813,Raipur,Chennai,1666.9,Fog,44.3,0.0,Medium,Rural Road,24.9,Same-Day,2025-12-20 11:00:00,0.01,2222.5,2292.3,69.8,Moderate Delay
814,Hyderabad,Jaipur,1565.4,Clear,36.4,0.0,Low,Highway,30.5,Standard,2025-07-30 09:00:00,0.38,2087.2,2159.5,72.3,Moderate Delay
815,Ahmedabad,Delhi,1558.4,Fog,40.5,0.0,Severe,Rural Road,11.2,Standard,2025-05-26 14:00:00,0.05,2077.9,2233.3,155.4,Moderate Delay
816,Chennai,Mumbai,1238.1,Clear,39.0,0.0,Low,Highway,8.3,Same-Day,2025-12-03 12:00:00,0.36,1650.8,1697.1,46.3,Slight Delay
817,Jaipur,Delhi,470.3,Fog,16.0,0.0,Low,Highway,33.5,Same-Day,2025-03-08 18:00:00,0.37,627.1,653.2,26.1,Slight Delay
818,Jaipur,Bangalore,1729.9,Clear,42.5,0.0,Medium,Rural Road,15.5,Express,2025-08-28 08:00:00,0.52,2306.5,2386.7,80.2,Moderate Delay
819,Raipur,Kolkata,1651.7,Heavy Rain,10.2,47.4,High,Rural Road,17.3,Standard,2025-02-07 14:00:00,0.19,2202.3,2341.2,138.9,Moderate Delay
820,Mumbai,Raipur,43.1,Heavy Rain,29.5,54.6,High,Highway,29.8,Express,2025-05-16 11:00:00,0.44,57.5,161.4,103.9,Moderate Delay
821,Raipur,Delhi,177.7,Heavy Rain,25.0,46.6,Medium,Mixed,16.8,Standard,2025-11-27 21:00:00,0.43,236.9,341.6,104.7,Moderate Delay
822,Delhi,Chennai,1399.1,Storm,23.2,75.7,Severe,City Road,41.0,Same-Day,2025-11-26 09:00:00,0.35,1865.5,2043.3,177.8,Moderate Delay
823,Raipur,Kolkata,1039.6,Clear,15.8,0.0,Low,Highway,48.9,Standard,2025-10-20 14:00:00,0.06,1386.1,1400.3,14.2,On Time
824,Raipur,Mumbai,616.3,Heavy Rain,30.2,42.4,Medium,Highway,29.2,Standard,2025-12-07 18:00:00,0.17,821.7,901.4,79.7,Moderate Delay
825,Kolkata,Bangalore,225.5,Fog,38.5,0.0,High,Mixed,2.4,Same-Day,2025-01-02 22:00:00,0.4,300.7,414.5,113.8,Moderate Delay
826,Raipur,Ahmedabad,246.8,Heavy Rain,44.9,36.9,Severe,Highway,17.7,Same-Day,2025-04-26 06:00:00,0.43,329.1,458.0,128.9,Moderate Delay
827,Pune,Ahmedabad,1695.3,Clear,35.8,0.0,High,Rural Road,11.0,Same-Day,2025-06-05 18:00:00,0.09,2260.4,2363.3,102.9,Moderate Delay
828,Mumbai,Bangalore,1907.2,Rain,28.1,66.4,High,Highway,27.6,Express,2025-05-29 12:00:00,0.02,2542.9,2630.9,88.0,Moderate Delay
829,Bangalore,Jaipur,455.8,Clear,17.0,0.0,Severe,City Road,46.2,Express,2025-12-23 18:00:00,0.51,607.7,724.4,116.7,Moderate Delay
830,Delhi,Pune,281.0,Heavy Rain,41.0,61.4,Low,Mixed,21.4,Same-Day,2025-04-08 10:00:00,0.31,374.7,447.8,73.1,Moderate Delay
831,Mumbai,Kolkata,424.9,Clear,21.8,0.0,Medium,Mixed,23.8,Express,2025-02-02 15:00:00,0.2,566.5,613.7,47.2,Slight Delay
832,Raipur,Jaipur,877.3,Heavy Rain,12.5,41.6,Low,Highway,35.3,Express,2025-01-29 16:00:00,0.31,1169.7,1247.9,78.2,Moderate Delay
833,Mumbai,Raipur,1161.3,Clear,37.7,0.0,Medium,Mixed,16.6,Same-Day,2025-10-02 10:00:00,0.43,1548.4,1610.5,62.1,Moderate Delay
834,Jaipur,Chennai,1065.0,Clear,28.9,0.0,Low,City Road,23.3,Express,2025-12-01 06:00:00,0.2,1420.0,1488.8,68.8,Moderate Delay
835,Raipur,Mumbai,1780.5,Cloudy,26.4,3.3,Medium,Highway,44.8,Standard,2025-11-20 07:00:00,0.24,2374.0,2466.7,92.7,Moderate Delay
836,Kolkata,Delhi,1051.2,Heavy Rain,19.4,63.2,Medium,Highway,27.8,Standard,2025-02-28 21:00:00,0.4,1401.6,1484.0,82.4,Moderate Delay
837,Jaipur,Chennai,1924.0,Clear,27.9,0.0,Medium,Mixed,36.8,Express,2025-12-14 18:00:00,0.25,2565.3,2628.5,63.2,Moderate Delay
838,Hyderabad,Delhi,1002.2,Fog,15.9,0.0,Medium,Rural Road,6.7,Standard,2025-01-24 11:00:00,0.56,1336.3,1465.1,128.8,Moderate Delay
839,Hyderabad,Delhi,1543.0,Clear,22.9,0.0,High,City Road,48.0,Express,2025-03-28 17:00:00,0.49,2057.3,2146.7,89.4,Moderate Delay
840,Ahmedabad,Bangalore,415.7,Heavy Rain,18.1,64.8,Medium,Highway,28.4,Standard,2025-02-21 18:00:00,0.0,554.3,617.8,63.5,Moderate Delay
841,Bangalore,Mumbai,1447.4,Heavy Rain,35.5,5.0,Low,Highway,47.7,Standard,2025-04-02 08:00:00,0.49,1929.9,2065.5,135.6,Moderate Delay
842,Jaipur,Kolkata,1920.6,Heavy Rain,33.7,47.8,Severe,City Road,47.3,Standard,2025-03-15 14:00:00,0.27,2560.8,2746.7,185.9,Severe Delay
843,Ahmedabad,Raipur,1380.2,Heavy Rain,37.7,48.7,Medium,City Road,45.5,Same-Day,2025-12-21 07:00:00,0.57,1840.3,1959.0,118.7,Moderate Delay
844,Jaipur,Bangalore,547.4,Fog,41.5,0.0,Severe,Highway,46.4,Same-Day,2025-06-04 17:00:00,0.24,729.9,875.3,145.4,Moderate Delay
845,Pune,Mumbai,1857.3,Storm,25.9,60.1,Medium,City Road,18.7,Standard,2025-09-29 09:00:00,0.01,2476.4,2609.3,132.9,Moderate Delay
846,Jaipur,Hyderabad,995.2,Storm,42.0,41.7,Medium,Mixed,22.8,Same-Day,2025-12-04 12:00:00,0.12,1326.9,1431.7,104.8,Moderate Delay
847,Kolkata,Mumbai,1546.2,Cloudy,21.5,1.2,Low,City Road,8.9,Same-Day,2025-08-31 21:00:00,0.46,2061.6,2133.1,71.5,Moderate Delay
848,Bangalore,Chennai,309.1,Fog,20.1,0.0,Low,Highway,15.8,Same-Day,2025-07-06 15:00:00,0.31,412.1,445.2,33.1,Slight Delay
849,Chennai,Raipur,1091.6,Rain,10.8,11.0,High,Mixed,21.2,Standard,2025-02-23 07:00:00,0.57,1455.5,1581.6,126.1,Moderate Delay
850,Ahmedabad,Bangalore,458.6,Cloudy,27.9,2.7,Low,Mixed,27.1,Same-Day,2025-03-01 08:00:00,0.34,611.5,673.6,62.1,Moderate Delay
851,Chennai,Ahmedabad,215.0,Storm,19.3,42.1,High,Mixed,42.4,Standard,2025-12-13 16:00:00,0.3,286.7,411.3,124.6,Moderate Delay
852,Chennai,Delhi,712.7,Rain,34.8,32.6,Medium,Highway,28.0,Standard,2025-07-31 12:00:00,0.06,950.3,999.6,49.3,Slight Delay
853,Pune,Chennai,1771.7,Clear,31.6,0.0,Severe,Mixed,21.7,Standard,2025-08-12 10:00:00,0.11,2362.3,2511.5,149.2,Moderate Delay
854,Chennai,Ahmedabad,893.6,Cloudy,35.1,1.9,Severe,Rural Road,11.0,Standard,2025-08-23 12:00:00,0.38,1191.5,1335.9,144.4,Moderate Delay
855,Hyderabad,Kolkata,1690.0,Cloudy,36.7,0.3,High,City Road,49.9,Standard,2025-12-21 07:00:00,0.45,2253.3,2368.4,115.1,Moderate Delay
856,Kolkata,Bangalore,174.9,Clear,37.6,0.0,Severe,Mixed,41.9,Express,2025-03-29 16:00:00,0.1,233.2,340.6,107.4,Moderate Delay
857,Chennai,Hyderabad,404.1,Storm,20.0,42.9,Medium,City Road,26.8,Same-Day,2025-10-11 13:00:00,0.48,538.8,679.7,140.9,Moderate Delay
858,Delhi,Raipur,830.7,Storm,40.7,27.3,Severe,City Road,1.1,Same-Day,2025-08-31 20:00:00,0.18,1107.6,1292.9,185.3,Severe Delay
859,Kolkata,Mumbai,546.6,Fog,26.2,0.0,Severe,City Road,27.7,Standard,2025-06-17 19:00:00,0.57,728.8,884.6,155.8,Moderate Delay
860,Jaipur,Chennai,986.9,Storm,10.8,56.5,Medium,Highway,15.1,Express,2025-01-23 07:00:00,0.34,1315.9,1417.6,101.7,Moderate Delay
861,Raipur,Jaipur,413.7,Clear,27.8,0.0,Severe,Mixed,8.3,Express,2025-12-23 09:00:00,0.4,551.6,650.8,99.2,Moderate Delay
862,Raipur,Ahmedabad,1044.6,Cloudy,42.4,2.7,Low,Highway,29.4,Same-Day,2025-07-28 12:00:00,0.24,1392.8,1413.5,20.7,Slight Delay
863,Bangalore,Pune,1660.8,Rain,38.8,19.2,Medium,Highway,35.2,Standard,2025-09-03 15:00:00,0.17,2214.4,2266.3,51.9,Slight Delay
864,Bangalore,Ahmedabad,226.9,Storm,18.3,33.5,Low,Mixed,24.1,Express,2025-03-12 18:00:00,0.03,302.5,407.0,104.5,Moderate Delay
865,Bangalore,Pune,1260.0,Fog,15.1,0.0,Severe,Highway,9.9,Same-Day,2025-02-06 18:00:00,0.52,1680.0,1824.5,144.5,Moderate Delay
866,Hyderabad,Jaipur,1630.1,Clear,43.4,0.0,High,Mixed,46.3,Express,2025-12-24 12:00:00,0.55,2173.5,2316.7,143.2,Moderate Delay
867,Delhi,Pune,429.8,Fog,42.1,0.0,Low,Rural Road,40.9,Standard,2025-02-26 18:00:00,0.59,573.1,667.0,93.9,Moderate Delay
868,Hyderabad,Ahmedabad,1800.5,Storm,31.8,5.4,Low,Rural Road,9.7,Express,2025-03-31 08:00:00,0.06,2400.7,2508.5,107.8,Moderate Delay
869,Ahmedabad,Chennai,1301.2,Cloudy,26.2,2.5,High,City Road,21.7,Same-Day,2025-02-28 21:00:00,0.57,1734.9,1862.0,127.1,Moderate Delay
870,Jaipur,Chennai,195.3,Fog,31.3,0.0,Medium,Rural Road,14.8,Express,2025-05-17 22:00:00,0.1,260.4,301.7,41.3,Slight Delay
871,Pune,Kolkata,394.3,Clear,26.4,0.0,Low,Rural Road,36.2,Express,2025-08-20 21:00:00,0.32,525.7,569.8,44.1,Slight Delay
872,Ahmedabad,Jaipur,1783.8,Clear,13.3,0.0,Severe,Rural Road,49.4,Express,2025-11-14 17:00:00,0.57,2378.4,2559.4,181.0,Severe Delay
873,Delhi,Kolkata,892.9,Heavy Rain,32.2,63.1,Low,Highway,2.2,Express,2025-04-02 15:00:00,0.36,1190.5,1257.0,66.5,Moderate Delay
874,Delhi,Bangalore,1909.8,Cloudy,14.0,4.7,High,Highway,36.8,Same-Day,2025-03-17 21:00:00,0.38,2546.4,2650.2,103.8,Moderate Delay
875,Bangalore,Kolkata,1181.9,Storm,39.1,10.4,Low,Rural Road,34.7,Express,2025-12-16 10:00:00,0.32,1575.9,1700.3,124.4,Moderate Delay
876,Raipur,Hyderabad,222.7,Heavy Rain,12.2,8.9,Severe,Highway,19.3,Express,2025-04-07 08:00:00,0.2,296.9,458.9,162.0,Moderate Delay
877,Mumbai,Kolkata,1104.3,Storm,15.1,15.0,High,Mixed,47.2,Same-Day,2025-06-25 16:00:00,0.48,1472.4,1627.3,154.9,Moderate Delay
878,Raipur,Jaipur,805.8,Storm,19.2,33.2,Severe,Mixed,25.1,Express,2025-10-18 10:00:00,0.21,1074.4,1233.9,159.5,Moderate Delay
879,Kolkata,Bangalore,106.9,Rain,32.9,63.0,Medium,Mixed,40.8,Express,2025-05-28 07:00:00,0.3,142.5,213.4,70.9,Moderate Delay
880,Bangalore,Pune,1878.7,Rain,35.3,19.3,Severe,City Road,22.4,Same-Day,2025-03-24 15:00:00,0.04,2504.9,2665.7,160.8,Moderate Delay
881,Bangalore,Chennai,1747.0,Fog,11.7,0.0,Medium,City Road,19.6,Standard,2025-03-01 07:00:00,0.09,2329.3,2423.7,94.4,Moderate Delay
882,Hyderabad,Bangalore,977.5,Heavy Rain,27.5,29.1,High,Rural Road,7.0,Standard,2025-04-16 07:00:00,0.23,1303.3,1445.5,142.2,Moderate Delay
883,Hyderabad,Pune,588.9,Cloudy,15.7,1.2,High,Mixed,11.6,Same-Day,2025-03-25 15:00:00,0.31,785.2,861.1,75.9,Moderate Delay
884,Delhi,Mumbai,539.8,Heavy Rain,11.4,27.9,Severe,City Road,37.4,Express,2025-06-13 10:00:00,0.03,719.7,881.8,162.1,Moderate Delay
885,Mumbai,Jaipur,788.1,Storm,15.6,34.9,High,Rural Road,29.2,Express,2025-05-29 10:00:00,0.57,1050.8,1194.6,143.8,Moderate Delay
886,Jaipur,Raipur,1116.8,Rain,25.8,26.4,Low,Mixed,15.3,Standard,2025-03-13 09:00:00,0.23,1489.1,1555.8,66.7,Moderate Delay
887,Kolkata,Mumbai,865.3,Heavy Rain,29.3,22.3,Medium,Mixed,37.3,Express,2025-02-17 16:00:00,0.32,1153.7,1263.6,109.9,Moderate Delay
888,Mumbai,Kolkata,25.2,Storm,25.8,31.4,Medium,Rural Road,28.0,Standard,2025-01-12 08:00:00,0.11,33.6,146.3,112.7,Moderate Delay
889,Ahmedabad,Raipur,445.9,Fog,19.5,0.0,Low,Mixed,8.9,Standard,2025-09-09 16:00:00,0.43,594.5,662.5,68.0,Moderate Delay
890,Jaipur,Ahmedabad,268.8,Clear,14.8,0.0,High,Mixed,37.5,Standard,2025-08-07 17:00:00,0.28,358.4,424.7,66.3,Moderate Delay
891,Pune,Hyderabad,637.3,Clear,32.3,0.0,High,Rural Road,1.0,Express,2025-06-07 20:00:00,0.02,849.7,916.7,67.0,Moderate Delay
892,Ahmedabad,Delhi,230.8,Cloudy,27.2,3.8,Severe,Mixed,11.5,Express,2025-05-28 11:00:00,0.16,307.7,442.8,135.1,Moderate Delay
893,Pune,Raipur,310.9,Cloudy,44.0,4.7,Low,City Road,44.3,Standard,2025-06-05 21:00:00,0.13,414.5,449.7,35.2,Slight Delay
894,Ahmedabad,Hyderabad,854.3,Clear,37.8,0.0,Severe,Highway,23.5,Standard,2025-07-29 14:00:00,0.32,1139.1,1241.1,102.0,Moderate Delay
895,Pune,Bangalore,1397.4,Storm,42.8,45.7,Severe,City Road,38.5,Standard,2025-04-06 18:00:00,0.05,1863.2,2066.6,203.4,Severe Delay
896,Kolkata,Jaipur,1853.0,Heavy Rain,32.6,36.1,Low,Rural Road,46.6,Same-Day,2025-06-05 21:00:00,0.47,2470.7,2595.0,124.3,Moderate Delay
897,Ahmedabad,Raipur,1482.8,Cloudy,31.9,4.9,Low,Highway,26.9,Standard,2025-05-15 15:00:00,0.07,1977.1,2021.8,44.7,Slight Delay
898,Raipur,Delhi,741.5,Fog,22.4,0.0,High,Mixed,32.0,Standard,2025-09-09 13:00:00,0.45,988.7,1133.3,144.6,Moderate Delay
899,Mumbai,Bangalore,1082.5,Rain,37.0,54.6,Severe,Highway,20.8,Same-Day,2025-07-05 21:00:00,0.54,1443.3,1617.4,174.1,Moderate Delay
900,Jaipur,Pune,1625.8,Rain,40.1,79.4,Severe,Highway,15.1,Express,2025-09-20 06:00:00,0.43,2167.7,2300.9,133.2,Moderate Delay
901,Kolkata,Bangalore,1017.5,Storm,32.6,78.0,Low,City Road,3.3,Express,2025-08-25 10:00:00,0.34,1356.7,1492.4,135.7,Moderate Delay
902,Hyderabad,Bangalore,1052.8,Clear,42.7,0.0,High,Rural Road,40.4,Express,2025-11-22 17:00:00,0.42,1403.7,1494.0,90.3,Moderate Delay
903,Mumbai,Hyderabad,586.4,Rain,28.1,24.8,Low,City Road,10.9,Same-Day,2025-04-04 09:00:00,0.36,781.9,858.9,77.0,Moderate Delay
904,Jaipur,Bangalore,743.6,Storm,42.8,9.1,High,Rural Road,33.8,Same-Day,2025-06-04 14:00:00,0.53,991.5,1127.3,135.8,Moderate Delay
905,Hyderabad,Delhi,1627.5,Storm,35.2,59.7,High,City Road,5.5,Standard,2025-03-12 22:00:00,0.43,2170.0,2351.5,181.5,Severe Delay
906,Kolkata,Pune,1836.4,Heavy Rain,23.7,68.4,Severe,Rural Road,0.5,Standard,2025-02-22 12:00:00,0.1,2448.5,2588.3,139.8,Moderate Delay
907,Bangalore,Jaipur,914.0,Cloudy,42.8,0.6,Medium,Highway,11.0,Express,2025-08-24 08:00:00,0.02,1218.7,1244.1,25.4,Slight Delay
908,Delhi,Chennai,901.1,Clear,45.0,0.0,Severe,Rural Road,41.8,Express,2025-12-20 17:00:00,0.54,1201.5,1305.8,104.3,Moderate Delay
909,Bangalore,Ahmedabad,235.0,Storm,26.5,55.8,High,City Road,43.8,Same-Day,2025-06-05 06:00:00,0.45,313.3,453.8,140.5,Moderate Delay
910,Delhi,Kolkata,554.2,Cloudy,27.9,2.2,Medium,City Road,25.9,Express,2025-03-06 12:00:00,0.4,738.9,794.7,55.8,Slight Delay
911,Bangalore,Delhi,1518.3,Heavy Rain,33.3,22.6,Low,Highway,29.6,Standard,2025-09-05 19:00:00,0.34,2024.4,2129.1,104.7,Moderate Delay
912,Mumbai,Kolkata,289.1,Clear,12.3,0.0,Low,Highway,48.8,Express,2025-03-02 14:00:00,0.57,385.5,427.0,41.5,Slight Delay
913,Mumbai,Bangalore,1902.2,Rain,32.2,31.5,Low,Highway,30.4,Standard,2025-11-05 12:00:00,0.19,2536.3,2582.3,46.0,Slight Delay
914,Jaipur,Chennai,952.8,Cloudy,38.7,0.6,High,Highway,43.0,Standard,2025-03-16 14:00:00,0.54,1270.4,1352.4,82.0,Moderate Delay
915,Jaipur,Hyderabad,368.8,Rain,31.3,40.7,Medium,City Road,43.4,Same-Day,2025-10-19 08:00:00,0.02,491.7,553.5,61.8,Moderate Delay
916,Delhi,Mumbai,1016.4,Storm,10.5,5.5,Medium,City Road,12.4,Express,2025-03-29 06:00:00,0.06,1355.2,1472.5,117.3,Moderate Delay
917,Delhi,Kolkata,1477.4,Storm,15.3,73.4,Severe,Rural Road,44.7,Same-Day,2025-10-29 11:00:00,0.39,1969.9,2173.5,203.6,Severe Delay
918,Raipur,Delhi,1789.4,Cloudy,20.2,2.8,High,Mixed,5.4,Express,2025-04-20 22:00:00,0.55,2385.9,2523.6,137.7,Moderate Delay
919,Chennai,Raipur,479.6,Clear,10.0,0.0,High,Highway,38.0,Express,2025-02-26 22:00:00,0.59,639.5,691.6,52.1,Slight Delay
920,Bangalore,Ahmedabad,1554.9,Rain,28.4,28.8,High,Highway,13.3,Standard,2025-06-17 21:00:00,0.02,2073.2,2153.2,80.0,Moderate Delay
921,Delhi,Raipur,1509.3,Rain,27.6,72.1,Severe,Rural Road,46.8,Same-Day,2025-08-16 13:00:00,0.48,2012.4,2150.9,138.5,Moderate Delay
922,Ahmedabad,Pune,1957.4,Rain,30.6,46.8,Severe,City Road,33.0,Standard,2025-09-01 17:00:00,0.3,2609.9,2789.9,180.0,Moderate Delay
923,Bangalore,Mumbai,469.5,Fog,17.7,0.0,Severe,Highway,8.5,Express,2025-08-13 22:00:00,0.22,626.0,772.8,146.8,Moderate Delay
924,Delhi,Bangalore,1944.8,Cloudy,31.6,4.9,Severe,Mixed,17.2,Same-Day,2025-10-30 09:00:00,0.42,2593.1,2709.5,116.4,Moderate Delay
925,Bangalore,Delhi,540.5,Rain,11.3,57.8,Medium,Rural Road,24.9,Standard,2025-11-01 18:00:00,0.06,720.7,778.4,57.7,Slight Delay
926,Delhi,Kolkata,164.5,Heavy Rain,38.7,42.0,Severe,Rural Road,42.4,Same-Day,2025-10-25 14:00:00,0.36,219.3,405.7,186.4,Severe Delay
927,Pune,Hyderabad,98.1,Heavy Rain,10.5,13.9,Severe,Mixed,32.6,Same-Day,2025-05-23 10:00:00,0.34,130.8,268.5,137.7,Moderate Delay
928,Raipur,Delhi,1572.2,Clear,28.2,0.0,High,Mixed,43.0,Express,2025-04-29 10:00:00,0.23,2096.3,2174.7,78.4,Moderate Delay
929,Mumbai,Bangalore,845.8,Fog,18.0,0.0,Low,Highway,12.0,Express,2025-12-14 06:00:00,0.54,1127.7,1186.0,58.3,Slight Delay
930,Bangalore,Raipur,1006.3,Storm,26.0,43.9,High,City Road,7.4,Express,2025-11-15 09:00:00,0.31,1341.7,1476.2,134.5,Moderate Delay
931,Delhi,Jaipur,1260.8,Heavy Rain,35.5,55.9,Severe,City Road,23.8,Express,2025-12-05 21:00:00,0.23,1681.1,1875.4,194.3,Severe Delay
932,Raipur,Jaipur,1268.2,Rain,20.5,6.4,High,Highway,44.5,Standard,2025-08-09 09:00:00,0.14,1690.9,1783.4,92.5,Moderate Delay
933,Pune,Ahmedabad,1052.1,Rain,16.0,27.9,Severe,Mixed,16.4,Express,2025-01-19 07:00:00,0.1,1402.8,1535.8,133.0,Moderate Delay
934,Bangalore,Jaipur,1814.6,Fog,37.4,0.0,High,City Road,31.3,Express,2025-08-09 10:00:00,0.19,2419.5,2548.8,129.3,Moderate Delay
935,Kolkata,Raipur,535.6,Heavy Rain,10.6,45.9,Low,Mixed,35.5,Same-Day,2025-10-11 21:00:00,0.47,714.1,812.4,98.3,Moderate Delay
936,Raipur,Jaipur,1169.6,Cloudy,37.1,1.7,Low,Mixed,41.7,Express,2025-09-11 18:00:00,0.16,1559.5,1594.7,35.2,Slight Delay
937,Jaipur,Hyderabad,1934.6,Rain,15.6,64.0,High,Highway,49.2,Standard,2025-10-30 07:00:00,0.01,2579.5,2672.1,92.6,Moderate Delay
938,Bangalore,Pune,1012.8,Rain,40.6,11.3,Low,Rural Road,34.2,Express,2025-02-19 19:00:00,0.41,1350.4,1418.5,68.1,Moderate Delay
939,Hyderabad,Pune,807.9,Heavy Rain,20.9,38.9,High,Highway,19.5,Same-Day,2025-05-06 13:00:00,0.26,1077.2,1184.1,106.9,Moderate Delay
940,Chennai,Hyderabad,872.2,Storm,24.3,33.1,Low,Highway,46.3,Express,2025-02-28 16:00:00,0.5,1162.9,1266.1,103.2,Moderate Delay
941,Bangalore,Mumbai,304.5,Storm,28.3,5.5,High,Highway,16.2,Express,2025-12-03 19:00:00,0.41,406.0,538.4,132.4,Moderate Delay
942,Jaipur,Ahmedabad,1995.9,Heavy Rain,19.1,59.3,High,Highway,45.4,Same-Day,2025-08-29 06:00:00,0.14,2661.2,2787.8,126.6,Moderate Delay
943,Hyderabad,Raipur,126.0,Storm,34.8,44.9,Severe,Rural Road,24.2,Same-Day,2025-02-20 21:00:00,0.13,168.0,325.6,157.6,Moderate Delay
944,Delhi,Kolkata,480.8,Rain,27.2,70.4,Severe,Rural Road,35.7,Standard,2025-11-11 15:00:00,0.35,641.1,770.8,129.7,Moderate Delay
945,Hyderabad,Raipur,845.8,Cloudy,22.3,4.3,Severe,Highway,6.8,Same-Day,2025-04-20 15:00:00,0.34,1127.7,1247.8,120.1,Moderate Delay
946,Kolkata,Mumbai,985.4,Rain,30.2,56.7,Severe,City Road,5.8,Same-Day,2025-02-17 09:00:00,0.49,1313.9,1448.8,134.9,Moderate Delay
947,Jaipur,Hyderabad,1274.9,Rain,40.8,71.6,Low,Mixed,47.9,Express,2025-04-18 17:00:00,0.52,1699.9,1761.1,61.2,Moderate Delay
948,Delhi,Hyderabad,1810.9,Storm,27.6,39.9,High,Mixed,49.9,Same-Day,2025-10-04 16:00:00,0.3,2414.5,2595.4,180.9,Severe Delay
949,Chennai,Raipur,1421.9,Heavy Rain,18.9,69.7,High,Mixed,44.7,Same-Day,2025-10-08 11:00:00,0.12,1895.9,2055.1,159.2,Moderate Delay
950,Mumbai,Jaipur,1099.8,Cloudy,11.8,3.7,Severe,City Road,25.5,Same-Day,2025-08-28 14:00:00,0.39,1466.4,1595.6,129.2,Moderate Delay
951,Ahmedabad,Pune,407.4,Storm,44.1,16.5,Low,City Road,13.8,Express,2025-08-25 10:00:00,0.35,543.2,665.3,122.1,Moderate Delay
952,Chennai,Bangalore,1654.8,Fog,34.4,0.0,High,Mixed,4.6,Express,2025-06-13 08:00:00,0.25,2206.4,2322.1,115.7,Moderate Delay
953,Chennai,Raipur,1566.3,Rain,39.4,29.3,High,City Road,42.0,Express,2025-12-18 13:00:00,0.06,2088.4,2190.9,102.5,Moderate Delay
954,Pune,Chennai,588.6,Clear,27.5,0.0,Medium,City Road,23.1,Standard,2025-05-06 15:00:00,0.21,784.8,860.7,75.9,Moderate Delay
955,Raipur,Ahmedabad,1437.9,Storm,23.8,55.8,Severe,Mixed,24.1,Same-Day,2025-01-19 12:00:00,0.6,1917.2,2171.9,254.7,Severe Delay
956,Bangalore,Hyderabad,753.2,Cloudy,10.7,2.6,Low,Rural Road,25.5,Express,2025-12-04 11:00:00,0.32,1004.3,1045.8,41.5,Slight Delay
957,Mumbai,Ahmedabad,733.9,Clear,37.9,0.0,Low,Highway,26.4,Express,2025-11-05 15:00:00,0.34,978.5,1008.5,30.0,Slight Delay
958,Delhi,Raipur,984.8,Rain,22.4,23.9,Low,Mixed,34.9,Same-Day,2025-03-13 13:00:00,0.46,1313.1,1381.0,67.9,Moderate Delay
959,Delhi,Jaipur,1262.7,Clear,21.3,0.0,High,Mixed,12.7,Standard,2025-05-02 09:00:00,0.01,1683.6,1726.5,42.9,Slight Delay
960,Hyderabad,Pune,89.4,Storm,11.3,7.0,Severe,City Road,37.1,Express,2025-04-22 10:00:00,0.19,119.2,315.8,196.6,Severe Delay
961,Delhi,Chennai,561.5,Cloudy,14.3,2.8,High,Mixed,16.7,Express,2025-05-11 07:00:00,0.27,748.7,834.6,85.9,Moderate Delay
962,Raipur,Jaipur,1364.2,Rain,40.6,37.4,Low,Rural Road,20.9,Same-Day,2025-08-05 21:00:00,0.46,1818.9,1915.8,96.9,Moderate Delay
963,Chennai,Hyderabad,1522.4,Cloudy,43.4,0.3,High,Mixed,30.0,Same-Day,2025-07-08 15:00:00,0.26,2029.9,2118.7,88.8,Moderate Delay
964,Mumbai,Delhi,1539.2,Fog,41.7,0.0,Low,City Road,20.8,Express,2025-10-10 18:00:00,0.57,2052.3,2166.3,114.0,Moderate Delay
965,Kolkata,Pune,1159.9,Fog,30.4,0.0,Low,City Road,37.6,Express,2025-07-18 06:00:00,0.31,1546.5,1635.6,89.1,Moderate Delay
966,Pune,Kolkata,879.5,Rain,42.5,49.3,Low,City Road,31.7,Express,2025-04-18 11:00:00,0.51,1172.7,1284.6,111.9,Moderate Delay
967,Raipur,Hyderabad,1805.6,Fog,14.5,0.0,Severe,Highway,41.3,Express,2025-02-11 21:00:00,0.25,2407.5,2565.8,158.3,Moderate Delay
968,Raipur,Pune,1558.0,Rain,31.9,35.7,Severe,Highway,13.1,Standard,2025-12-24 14:00:00,0.52,2077.3,2234.0,156.7,Moderate Delay
969,Ahmedabad,Delhi,403.5,Rain,17.3,54.6,Severe,Rural Road,45.6,Express,2025-12-22 06:00:00,0.24,538.0,701.0,163.0,Moderate Delay
970,Mumbai,Chennai,297.3,Fog,22.2,0.0,Severe,City Road,19.8,Standard,2025-07-25 12:00:00,0.31,396.4,570.0,173.6,Moderate Delay
971,Kolkata,Pune,595.7,Storm,31.5,72.7,Low,Highway,48.1,Standard,2025-05-08 22:00:00,0.39,794.3,907.1,112.8,Moderate Delay
972,Bangalore,Raipur,749.3,Rain,22.7,77.0,Severe,Mixed,22.5,Same-Day,2025-03-10 14:00:00,0.45,999.1,1145.7,146.6,Moderate Delay
973,Bangalore,Pune,1891.3,Rain,17.5,10.6,Medium,Highway,44.6,Express,2025-07-08 11:00:00,0.51,2521.7,2630.9,109.2,Moderate Delay
974,Pune,Raipur,1870.4,Storm,25.1,45.4,Medium,Highway,22.6,Standard,2025-10-13 13:00:00,0.34,2493.9,2642.7,148.8,Moderate Delay
975,Delhi,Ahmedabad,295.6,Cloudy,10.1,1.2,High,City Road,35.4,Standard,2025-07-25 19:00:00,0.06,394.1,460.3,66.2,Moderate Delay
976,Jaipur,Kolkata,1236.0,Cloudy,16.6,1.4,Low,Rural Road,24.1,Standard,2025-10-18 09:00:00,0.57,1648.0,1722.4,74.4,Moderate Delay
977,Mumbai,Jaipur,161.0,Heavy Rain,38.0,23.2,Severe,Mixed,36.4,Standard,2025-04-25 12:00:00,0.04,214.7,374.9,160.2,Moderate Delay
978,Chennai,Hyderabad,754.0,Rain,16.5,38.2,Severe,Mixed,8.7,Standard,2025-08-09 12:00:00,0.59,1005.3,1170.6,165.3,Moderate Delay
979,Jaipur,Chennai,250.0,Rain,29.4,26.5,Medium,Mixed,47.0,Standard,2025-07-29 10:00:00,0.46,333.3,403.9,70.6,Moderate Delay
980,Mumbai,Hyderabad,477.6,Rain,27.8,71.6,Medium,Mixed,34.8,Standard,2025-07-09 20:00:00,0.24,636.8,690.0,53.2,Slight Delay
981,Delhi,Mumbai,1707.7,Heavy Rain,36.5,50.8,Medium,Rural Road,18.5,Same-Day,2025-07-23 12:00:00,0.13,2276.9,2368.6,91.7,Moderate Delay
982,Pune,Raipur,1062.8,Fog,25.8,0.0,High,Highway,29.2,Standard,2025-10-13 07:00:00,0.53,1417.1,1554.6,137.5,Moderate Delay
983,Mumbai,Pune,1124.4,Cloudy,32.8,0.8,Severe,Rural Road,32.5,Same-Day,2025-12-10 07:00:00,0.11,1499.2,1592.6,93.4,Moderate Delay
984,Mumbai,Hyderabad,1594.7,Storm,32.1,49.1,Severe,Rural Road,18.0,Express,2025-12-10 17:00:00,0.29,2126.3,2340.3,214.0,Severe Delay
985,Bangalore,Jaipur,443.6,Clear,10.2,0.0,Medium,Rural Road,15.4,Standard,2025-09-15 21:00:00,0.45,591.5,680.4,88.9,Moderate Delay
986,Hyderabad,Ahmedabad,188.4,Cloudy,17.7,0.0,Low,Rural Road,35.9,Same-Day,2025-09-29 19:00:00,0.21,251.2,285.4,34.2,Slight Delay
987,Bangalore,Hyderabad,694.9,Clear,24.3,0.0,High,Highway,17.8,Standard,2025-09-13 14:00:00,0.46,926.5,1001.8,75.3,Moderate Delay
988,Hyderabad,Raipur,1557.3,Rain,30.9,53.3,High,Rural Road,38.0,Same-Day,2025-06-10 19:00:00,0.07,2076.4,2184.9,108.5,Moderate Delay
989,Bangalore,Pune,419.4,Fog,25.0,0.0,Severe,City Road,25.0,Same-Day,2025-12-03 20:00:00,0.03,559.2,665.8,106.6,Moderate Delay
990,Mumbai,Kolkata,260.8,Cloudy,22.7,1.3,Low,City Road,25.6,Standard,2025-01-19 21:00:00,0.58,347.7,428.4,80.7,Moderate Delay
991,Kolkata,Bangalore,953.3,Fog,40.4,0.0,Severe,Mixed,14.9,Standard,2025-09-11 07:00:00,0.08,1271.1,1410.6,139.5,Moderate Delay
992,Raipur,Hyderabad,1259.2,Fog,37.8,0.0,Severe,Mixed,14.4,Express,2025-02-27 10:00:00,0.33,1678.9,1838.7,159.8,Moderate Delay
993,Delhi,Pune,692.3,Clear,13.8,0.0,Medium,Rural Road,25.6,Standard,2025-03-28 22:00:00,0.05,923.1,969.8,46.7,Slight Delay
994,Kolkata,Chennai,1178.7,Storm,19.8,73.3,Low,City Road,15.6,Express,2025-02-09 13:00:00,0.27,1571.6,1687.5,115.9,Moderate Delay
995,Raipur,Delhi,786.8,Rain,31.0,43.5,Low,Rural Road,34.9,Same-Day,2025-12-15 09:00:00,0.03,1049.1,1085.8,36.7,Slight Delay
996,Pune,Hyderabad,1232.2,Storm,15.4,10.0,Low,Rural Road,11.2,Standard,2025-01-15 08:00:00,0.08,1642.9,1768.6,125.7,Moderate Delay
997,Raipur,Ahmedabad,1225.3,Heavy Rain,24.4,40.5,High,Highway,21.0,Express,2025-01-23 20:00:00,0.51,1633.7,1754.2,120.5,Moderate Delay
998,Hyderabad,Bangalore,1226.3,Cloudy,19.6,3.6,Low,Rural Road,29.9,Express,2025-01-29 08:00:00,0.19,1635.1,1679.5,44.4,Slight Delay
999,Ahmedabad,Pune,1162.6,Clear,40.6,0.0,Severe,Rural Road,43.2,Standard,2025-05-03 18:00:00,0.22,1550.1,1692.8,142.7,Moderate Delay
1000,Delhi,Mumbai,1330.1,Cloudy,20.9,1.6,Medium,Mixed,17.3,Express,2025-05-26 10:00:00,0.41,1773.5,1853.9,80.4,Moderate Delay
1001,Delhi,Hyderabad,1547.7,Heavy Rain,17.8,11.1,Severe,Rural Road,43.8,Same-Day,2025-11-05 10:00:00,0.52,2063.6,2250.7,187.1,Severe Delay
1002,Hyderabad,Delhi,720.7,Rain,41.2,17.4,Medium,Mixed,7.9,Express,2025-07-18 21:00:00,0.35,960.9,1064.8,103.9,Moderate Delay
1003,Kolkata,Raipur,1343.4,Clear,35.9,0.0,Severe,Rural Road,22.7,Same-Day,2025-04-06 19:00:00,0.56,1791.2,1940.3,149.1,Moderate Delay
1004,Pune,Delhi,613.8,Clear,17.5,0.0,High,Mixed,2.4,Same-Day,2025-04-25 10:00:00,0.03,818.4,888.4,70.0,Moderate Delay
1005,Raipur,Jaipur,970.9,Fog,40.5,0.0,Low,Rural Road,18.3,Express,2025-08-12 08:00:00,0.56,1294.5,1363.3,68.8,Moderate Delay
1006,Raipur,Kolkata,123.7,Cloudy,43.2,3.2,Medium,Rural Road,43.9,Standard,2025-09-25 19:00:00,0.41,164.9,231.6,66.7,Moderate Delay
1007,Kolkata,Mumbai,1752.5,Storm,42.3,55.3,Low,Highway,46.6,Same-Day,2025-02-25 22:00:00,0.24,2336.7,2502.7,166.0,Moderate Delay
1008,Pune,Raipur,315.8,Clear,26.4,0.0,Severe,Rural Road,41.6,Express,2025-05-11 08:00:00,0.01,421.1,481.0,59.9,Slight Delay
1009,Ahmedabad,Mumbai,1891.5,Clear,31.3,0.0,Severe,City Road,13.1,Standard,2025-07-21 07:00:00,0.55,2522.0,2736.0,214.0,Severe Delay
1010,Delhi,Raipur,99.8,Fog,23.5,0.0,High,Rural Road,20.6,Same-Day,2025-08-21 20:00:00,0.1,133.1,194.9,61.8,Moderate Delay
1011,Jaipur,Kolkata,705.8,Rain,31.0,75.3,Medium,City Road,8.8,Standard,2025-02-10 14:00:00,0.43,941.1,1033.3,92.2,Moderate Delay
1012,Delhi,Raipur,1074.0,Storm,19.4,73.4,Low,Highway,18.7,Express,2025-03-01 06:00:00,0.03,1432.0,1485.4,53.4,Slight Delay
1013,Bangalore,Ahmedabad,1641.9,Heavy Rain,44.9,29.7,Severe,Mixed,19.4,Express,2025-11-13 17:00:00,0.37,2189.2,2382.5,193.3,Severe Delay
1014,Pune,Kolkata,1593.2,Clear,11.4,0.0,Medium,City Road,16.9,Standard,2025-04-08 09:00:00,0.28,2124.3,2230.6,106.3,Moderate Delay
1015,Mumbai,Kolkata,559.6,Clear,40.6,0.0,Medium,Mixed,38.4,Same-Day,2025-03-16 13:00:00,0.22,746.1,793.8,47.7,Slight Delay
1016,Pune,Jaipur,434.8,Cloudy,11.1,2.2,Low,Rural Road,28.7,Express,2025-03-17 21:00:00,0.53,579.7,659.8,80.1,Moderate Delay
1017,Pune,Mumbai,425.5,Clear,23.0,0.0,Medium,City Road,31.9,Same-Day,2025-12-26 20:00:00,0.01,567.3,595.6,28.3,Slight Delay
1018,Raipur,Ahmedabad,661.5,Clear,33.8,0.0,Severe,City Road,28.4,Standard,2025-05-31 18:00:00,0.1,882.0,1040.3,158.3,Moderate Delay
1019,Mumbai,Pune,1885.1,Clear,17.6,0.0,Low,Mixed,38.7,Express,2025-09-11 15:00:00,0.01,2513.5,2570.4,56.9,Slight Delay
1020,Mumbai,Ahmedabad,748.3,Heavy Rain,24.5,67.4,Severe,Mixed,15.8,Standard,2025-02-01 22:00:00,0.57,997.7,1169.6,171.9,Moderate Delay
1021,Mumbai,Raipur,1672.9,Storm,36.7,29.7,High,Highway,26.9,Express,2025-11-28 19:00:00,0.04,2230.5,2372.2,141.7,Moderate Delay
1022,Raipur,Delhi,1882.0,Heavy Rain,29.4,50.0,High,Mixed,48.9,Same-Day,2025-08-12 06:00:00,0.39,2509.3,2666.9,157.6,Moderate Delay
1023,Bangalore,Hyderabad,1349.2,Fog,44.7,0.0,Medium,Mixed,5.0,Express,2025-08-13 13:00:00,0.4,1798.9,1872.1,73.2,Moderate Delay
1024,Ahmedabad,Chennai,545.1,Storm,39.2,29.5,High,Mixed,24.7,Standard,2025-05-31 18:00:00,0.56,726.8,897.2,170.4,Moderate Delay
1025,Pune,Hyderabad,1832.6,Heavy Rain,37.2,22.1,Medium,City Road,1.7,Express,2025-12-20 08:00:00,0.23,2443.5,2546.8,103.3,Moderate Delay
1026,Raipur,Bangalore,1342.5,Cloudy,25.0,2.2,Medium,City Road,3.7,Same-Day,2025-09-09 09:00:00,0.24,1790.0,1850.0,60.0,Slight Delay
1027,Pune,Ahmedabad,1886.7,Rain,19.3,38.0,Medium,City Road,39.9,Same-Day,2025-01-25 06:00:00,0.37,2515.6,2613.2,97.6,Moderate Delay
1028,Hyderabad,Kolkata,573.3,Rain,18.1,70.6,Medium,City Road,9.0,Same-Day,2025-01-17 08:00:00,0.26,764.4,841.5,77.1,Moderate Delay
1029,Hyderabad,Raipur,1707.4,Clear,29.4,0.0,Medium,Highway,36.0,Same-Day,2025-04-25 21:00:00,0.54,2276.5,2323.3,46.8,Slight Delay
1030,Kolkata,Pune,560.7,Rain,20.6,50.9,Low,Rural Road,22.2,Standard,2025-12-20 22:00:00,0.44,747.6,826.2,78.6,Moderate Delay
1031,Jaipur,Delhi,316.8,Fog,13.1,0.0,Low,Mixed,28.4,Express,2025-02-26 09:00:00,0.07,422.4,454.2,31.8,Slight Delay
1032,Jaipur,Delhi,505.7,Storm,43.8,5.6,Low,Highway,44.0,Standard,2025-11-19 09:00:00,0.12,674.3,791.9,117.6,Moderate Delay
1033,Chennai,Pune,649.5,Cloudy,29.4,3.7,High,Mixed,2.6,Same-Day,2025-09-13 09:00:00,0.01,866.0,915.1,49.1,Slight Delay
1034,Bangalore,Pune,249.8,Rain,10.8,8.8,Medium,Highway,47.7,Standard,2025-08-13 19:00:00,0.09,333.1,363.1,30.0,Slight Delay
1035,Mumbai,Kolkata,1904.1,Heavy Rain,43.1,63.5,High,Rural Road,30.3,Same-Day,2025-03-29 08:00:00,0.27,2538.8,2683.8,145.0,Moderate Delay
1036,Kolkata,Pune,247.0,Fog,39.3,0.0,Severe,Rural Road,1.9,Same-Day,2025-12-07 13:00:00,0.5,329.3,475.2,145.9,Moderate Delay
1037,Bangalore,Jaipur,639.1,Heavy Rain,16.2,69.4,Medium,City Road,20.5,Express,2025-07-31 19:00:00,0.24,852.1,956.1,104.0,Moderate Delay
1038,Raipur,Jaipur,797.7,Fog,10.2,0.0,High,Highway,14.1,Express,2025-03-16 06:00:00,0.36,1063.6,1172.6,109.0,Moderate Delay
1039,Ahmedabad,Delhi,1187.8,Clear,36.9,0.0,High,Rural Road,21.7,Express,2025-03-26 19:00:00,0.46,1583.7,1698.6,114.9,Moderate Delay
1040,Mumbai,Raipur,1867.3,Clear,18.5,0.0,Medium,Highway,40.0,Same-Day,2025-12-05 22:00:00,0.26,2489.7,2539.5,49.8,Slight Delay
1041,Kolkata,Raipur,414.7,Heavy Rain,24.9,61.7,High,Rural Road,30.5,Express,2025-01-05 14:00:00,0.41,552.9,683.8,130.9,Moderate Delay
1042,Ahmedabad,Bangalore,356.2,Fog,32.8,0.0,Severe,Mixed,30.8,Same-Day,2025-04-16 20:00:00,0.47,474.9,629.3,154.4,Moderate Delay
1043,Hyderabad,Raipur,311.6,Cloudy,25.8,4.4,High,Highway,21.3,Standard,2025-10-03 16:00:00,0.5,415.5,484.5,69.0,Moderate Delay
1044,Pune,Bangalore,164.1,Storm,13.5,36.2,High,City Road,15.6,Standard,2025-09-19 15:00:00,0.56,218.8,369.9,151.1,Moderate Delay
1045,Ahmedabad,Hyderabad,1885.0,Fog,28.6,0.0,Medium,Highway,41.7,Standard,2025-10-04 14:00:00,0.22,2513.3,2600.3,87.0,Moderate Delay
1046,Chennai,Hyderabad,939.5,Fog,38.6,0.0,Severe,Highway,25.6,Same-Day,2025-01-31 17:00:00,0.3,1252.7,1413.4,160.7,Moderate Delay
1047,Kolkata,Jaipur,463.3,Rain,25.5,41.3,Low,Highway,41.7,Same-Day,2025-03-05 20:00:00,0.54,617.7,668.6,50.9,Slight Delay
1048,Kolkata,Mumbai,1972.2,Heavy Rain,13.5,36.8,High,City Road,15.7,Same-Day,2025-10-25 13:00:00,0.54,2629.6,2791.5,161.9,Moderate Delay
1049,Hyderabad,Kolkata,1350.7,Rain,11.1,15.0,Medium,Mixed,34.5,Same-Day,2025-05-07 09:00:00,0.13,1800.9,1873.3,72.4,Moderate Delay
1050,Hyderabad,Jaipur,1227.5,Storm,35.4,28.6,Medium,Rural Road,41.5,Express,2025-02-20 10:00:00,0.36,1636.7,1769.8,133.1,Moderate Delay
1051,Pune,Raipur,700.0,Clear,24.0,0.0,Low,Highway,38.2,Express,2025-03-08 21:00:00,0.29,933.3,958.0,24.7,Slight Delay
1052,Chennai,Ahmedabad,809.2,Clear,19.5,0.0,High,Mixed,50.0,Same-Day,2025-10-14 22:00:00,0.19,1078.9,1155.0,76.1,Moderate Delay
1053,Pune,Kolkata,1769.1,Storm,15.6,30.5,Severe,Mixed,17.1,Express,2025-12-19 21:00:00,0.03,2358.8,2570.2,211.4,Severe Delay
1054,Pune,Bangalore,1424.5,Cloudy,39.9,3.4,Medium,Mixed,1.4,Same-Day,2025-08-23 10:00:00,0.13,1899.3,1944.6,45.3,Slight Delay
1055,Ahmedabad,Jaipur,1119.9,Clear,34.1,0.0,Medium,Mixed,48.6,Express,2025-01-17 11:00:00,0.05,1493.2,1569.5,76.3,Moderate Delay
1056,Ahmedabad,Hyderabad,1422.1,Clear,39.1,0.0,Severe,Highway,6.5,Standard,2025-07-09 15:00:00,0.49,1896.1,2046.7,150.6,Moderate Delay
1057,Mumbai,Jaipur,1105.4,Cloudy,43.4,0.9,Low,Rural Road,36.3,Express,2025-07-11 15:00:00,0.49,1473.9,1543.7,69.8,Moderate Delay
1058,Kolkata,Ahmedabad,1742.1,Clear,25.1,0.0,Medium,City Road,40.5,Same-Day,2025-08-04 07:00:00,0.16,2322.8,2388.8,66.0,Moderate Delay
1059,Kolkata,Hyderabad,898.4,Cloudy,13.0,1.4,Medium,Mixed,39.2,Standard,2025-03-04 17:00:00,0.09,1197.9,1264.5,66.6,Moderate Delay
1060,Delhi,Mumbai,1435.9,Heavy Rain,32.4,54.8,Severe,Rural Road,21.0,Same-Day,2025-08-20 16:00:00,0.03,1914.5,2099.4,184.9,Severe Delay
1061,Pune,Ahmedabad,602.8,Fog,40.5,0.0,Medium,City Road,40.0,Same-Day,2025-11-22 20:00:00,0.31,803.7,899.5,95.8,Moderate Delay
1062,Raipur,Ahmedabad,715.9,Cloudy,15.8,0.2,High,Highway,19.6,Same-Day,2025-12-07 19:00:00,0.54,954.5,1025.5,71.0,Moderate Delay
1063,Pune,Chennai,656.3,Heavy Rain,11.3,73.8,High,Highway,7.4,Same-Day,2025-08-15 14:00:00,0.33,875.1,952.1,77.0,Moderate Delay
1064,Delhi,Chennai,698.9,Fog,24.6,0.0,Low,Rural Road,46.5,Same-Day,2025-11-27 09:00:00,0.55,931.9,1034.3,102.4,Moderate Delay
1065,Ahmedabad,Delhi,1254.8,Cloudy,26.9,2.0,Low,City Road,49.3,Express,2025-09-15 06:00:00,0.49,1673.1,1728.0,54.9,Slight Delay
1066,Delhi,Jaipur,1633.3,Cloudy,22.6,2.9,Low,Rural Road,4.2,Standard,2025-05-06 20:00:00,0.1,2177.7,2256.6,78.9,Moderate Delay
1067,Delhi,Jaipur,611.6,Storm,40.0,79.9,High,Mixed,31.7,Same-Day,2025-01-24 21:00:00,0.48,815.5,980.7,165.2,Moderate Delay
1068,Mumbai,Pune,1812.9,Heavy Rain,11.3,21.5,Medium,Mixed,15.8,Standard,2025-09-28 16:00:00,0.37,2417.2,2527.1,109.9,Moderate Delay
1069,Pune,Kolkata,556.9,Clear,43.2,0.0,Low,Highway,23.5,Same-Day,2025-03-28 15:00:00,0.04,742.5,742.5,0.0,On Time
1070,Bangalore,Chennai,939.2,Rain,42.5,72.6,Low,City Road,4.9,Express,2025-07-28 11:00:00,0.08,1252.3,1290.9,38.6,Slight Delay
1071,Mumbai,Pune,1900.0,Cloudy,44.9,1.9,Low,Highway,30.2,Express,2025-07-19 09:00:00,0.51,2533.3,2588.8,55.5,Slight Delay
1072,Hyderabad,Bangalore,520.4,Heavy Rain,20.9,14.1,High,Rural Road,43.3,Express,2025-03-03 07:00:00,0.3,693.9,816.6,122.7,Moderate Delay
1073,Chennai,Kolkata,271.6,Storm,13.6,58.3,Medium,Mixed,10.8,Same-Day,2025-09-16 18:00:00,0.18,362.1,455.3,93.2,Moderate Delay
1074,Delhi,Hyderabad,658.2,Clear,25.3,0.0,High,Mixed,15.7,Same-Day,2025-07-28 08:00:00,0.59,877.6,950.4,72.8,Moderate Delay
1075,Raipur,Mumbai,246.3,Heavy Rain,28.7,69.3,Medium,Highway,37.0,Express,2025-10-11 09:00:00,0.13,328.4,417.8,89.4,Moderate Delay
1076,Chennai,Jaipur,241.4,Fog,29.8,0.0,Medium,Rural Road,12.8,Same-Day,2025-07-28 20:00:00,0.26,321.9,379.6,57.7,Slight Delay
1077,Delhi,Jaipur,36.5,Cloudy,13.9,1.2,Medium,Rural Road,11.5,Same-Day,2025-03-28 13:00:00,0.59,48.7,118.2,69.5,Moderate Delay
1078,Ahmedabad,Pune,1435.4,Storm,35.5,55.0,Severe,Highway,43.6,Standard,2025-08-26 15:00:00,0.52,1913.9,2099.8,185.9,Severe Delay
1079,Bangalore,Mumbai,1984.2,Clear,16.4,0.0,Severe,Rural Road,23.8,Same-Day,2025-05-09 18:00:00,0.52,2645.6,2769.3,123.7,Moderate Delay
1080,Hyderabad,Chennai,1986.5,Storm,44.8,13.6,High,Highway,36.4,Standard,2025-10-01 08:00:00,0.03,2648.7,2773.4,124.7,Moderate Delay
1081,Kolkata,Delhi,340.1,Heavy Rain,18.4,43.7,Low,City Road,28.7,Same-Day,2025-10-12 14:00:00,0.13,453.5,541.4,87.9,Moderate Delay
1082,Pune,Chennai,595.2,Storm,21.9,75.2,High,Rural Road,8.7,Same-Day,2025-05-14 20:00:00,0.03,793.6,940.3,146.7,Moderate Delay
1083,Kolkata,Chennai,218.1,Fog,30.6,0.0,High,Rural Road,39.0,Standard,2025-08-24 16:00:00,0.06,290.8,375.4,84.6,Moderate Delay
1084,Mumbai,Chennai,1763.9,Fog,36.5,0.0,Low,Mixed,28.4,Standard,2025-01-05 11:00:00,0.07,2351.9,2441.2,89.3,Moderate Delay
1085,Pune,Jaipur,49.4,Fog,38.3,0.0,Severe,Mixed,47.0,Same-Day,2025-02-11 08:00:00,0.47,65.9,179.0,113.1,Moderate Delay
1086,Ahmedabad,Mumbai,677.2,Fog,31.9,0.0,Severe,Highway,41.4,Express,2025-07-12 17:00:00,0.56,902.9,1062.9,160.0,Moderate Delay
1087,Pune,Bangalore,449.0,Fog,15.9,0.0,Low,Highway,0.5,Express,2025-07-09 12:00:00,0.43,598.7,645.4,46.7,Slight Delay
1088,Raipur,Mumbai,265.4,Cloudy,27.5,1.7,Low,Rural Road,15.1,Same-Day,2025-12-30 17:00:00,0.04,353.9,369.8,15.9,Slight Delay
1089,Chennai,Delhi,1368.7,Storm,24.6,57.6,High,City Road,37.9,Standard,2025-09-10 17:00:00,0.47,1824.9,2023.0,198.1,Severe Delay
1090,Mumbai,Hyderabad,1649.6,Heavy Rain,18.1,12.4,Medium,Highway,49.0,Standard,2025-11-23 18:00:00,0.18,2199.5,2300.1,100.6,Moderate Delay
1091,Delhi,Hyderabad,1385.9,Storm,29.8,10.8,Severe,City Road,8.6,Same-Day,2025-04-10 11:00:00,0.23,1847.9,2043.3,195.4,Severe Delay
1092,Delhi,Chennai,1850.7,Fog,38.9,0.0,Low,City Road,17.0,Express,2025-10-19 13:00:00,0.16,2467.6,2544.0,76.4,Moderate Delay
1093,Ahmedabad,Kolkata,1394.8,Cloudy,39.1,4.2,Low,Rural Road,34.1,Same-Day,2025-10-14 20:00:00,0.57,1859.7,1941.4,81.7,Moderate Delay
1094,Mumbai,Raipur,917.0,Fog,40.7,0.0,Low,Rural Road,5.5,Express,2025-07-28 14:00:00,0.15,1222.7,1278.2,55.5,Slight Delay
1095,Delhi,Jaipur,333.1,Heavy Rain,40.1,38.6,Severe,Rural Road,45.9,Same-Day,2025-01-23 13:00:00,0.28,444.1,577.8,133.7,Moderate Delay
1096,Mumbai,Hyderabad,565.9,Heavy Rain,16.1,63.1,Severe,Rural Road,47.4,Standard,2025-07-20 12:00:00,0.06,754.5,904.3,149.8,Moderate Delay
1097,Hyderabad,Delhi,1749.9,Storm,20.8,75.4,Low,City Road,16.2,Same-Day,2025-08-05 08:00:00,0.39,2333.2,2478.7,145.5,Moderate Delay
1098,Chennai,Kolkata,908.9,Cloudy,44.3,4.8,High,Rural Road,16.8,Standard,2025-11-17 09:00:00,0.53,1211.9,1318.0,106.1,Moderate Delay
1099,Mumbai,Ahmedabad,365.6,Heavy Rain,12.5,35.0,Low,Rural Road,29.1,Express,2025-05-07 09:00:00,0.51,487.5,574.5,87.0,Moderate Delay
1100,Raipur,Chennai,1014.7,Rain,21.9,61.8,Low,Rural Road,27.4,Same-Day,2025-05-02 08:00:00,0.53,1352.9,1420.4,67.5,Moderate Delay
1101,Jaipur,Raipur,1254.5,Clear,22.5,0.0,Severe,Highway,42.3,Standard,2025-02-01 07:00:00,0.27,1672.7,1786.7,114.0,Moderate Delay
1102,Pune,Hyderabad,673.0,Fog,32.8,0.0,Low,City Road,38.0,Standard,2025-08-15 07:00:00,0.45,897.3,976.2,78.9,Moderate Delay
1103,Kolkata,Raipur,1905.6,Clear,37.8,0.0,Low,Highway,29.1,Same-Day,2025-01-27 15:00:00,0.39,2540.8,2615.0,74.2,Moderate Delay
1104,Pune,Raipur,841.9,Clear,15.2,0.0,Severe,City Road,47.9,Same-Day,2025-12-04 06:00:00,0.24,1122.5,1205.4,82.9,Moderate Delay
1105,Raipur,Pune,1170.2,Heavy Rain,31.9,8.9,Severe,Highway,10.9,Express,2025-11-30 06:00:00,0.04,1560.3,1700.0,139.7,Moderate Delay
1106,Raipur,Jaipur,291.4,Rain,39.7,51.2,Medium,Highway,9.7,Standard,2025-01-07 08:00:00,0.11,388.5,432.3,43.8,Slight Delay
1107,Jaipur,Chennai,1959.3,Storm,37.9,27.6,Medium,Rural Road,42.5,Express,2025-08-04 21:00:00,0.46,2612.4,2760.9,148.5,Moderate Delay
1108,Jaipur,Raipur,1991.3,Cloudy,12.7,2.4,Medium,City Road,40.2,Standard,2025-01-31 10:00:00,0.47,2655.1,2773.5,118.4,Moderate Delay
1109,Kolkata,Raipur,668.5,Storm,42.3,25.2,High,Rural Road,49.5,Same-Day,2025-10-05 10:00:00,0.4,891.3,1027.3,136.0,Moderate Delay
1110,Bangalore,Ahmedabad,1530.5,Rain,31.3,12.7,High,Rural Road,42.7,Express,2025-01-05 22:00:00,0.36,2040.7,2164.0,123.3,Moderate Delay
1111,Jaipur,Bangalore,76.0,Clear,10.5,0.0,Medium,Highway,6.9,Express,2025-06-26 12:00:00,0.15,101.3,121.0,19.7,Slight Delay
1112,Chennai,Kolkata,324.9,Clear,23.2,0.0,High,City Road,31.6,Same-Day,2025-09-01 20:00:00,0.33,433.2,507.3,74.1,Moderate Delay
1113,Jaipur,Hyderabad,1115.7,Storm,22.7,32.4,High,Rural Road,44.0,Express,2025-06-18 11:00:00,0.02,1487.6,1637.3,149.7,Moderate Delay
1114,Delhi,Ahmedabad,570.3,Clear,41.2,0.0,Severe,City Road,27.7,Standard,2025-11-24 13:00:00,0.25,760.4,900.6,140.2,Moderate Delay
1115,Chennai,Ahmedabad,878.9,Storm,30.8,22.5,Medium,City Road,47.1,Express,2025-06-19 18:00:00,0.35,1171.9,1283.8,111.9,Moderate Delay
1116,Chennai,Raipur,1589.2,Cloudy,14.6,3.8,Low,Rural Road,3.9,Standard,2025-02-07 17:00:00,0.01,2118.9,2174.1,55.2,Slight Delay
1117,Mumbai,Jaipur,1027.8,Clear,44.7,0.0,Medium,Rural Road,49.2,Express,2025-04-10 17:00:00,0.38,1370.4,1427.5,57.1,Slight Delay
1118,Mumbai,Delhi,1573.9,Cloudy,27.0,1.7,Medium,Rural Road,4.6,Standard,2025-04-23 14:00:00,0.33,2098.5,2157.4,58.9,Slight Delay
1119,Bangalore,Pune,956.7,Storm,43.9,62.9,Medium,City Road,45.0,Standard,2025-01-12 11:00:00,0.2,1275.6,1446.6,171.0,Moderate Delay
1120,Kolkata,Delhi,1556.8,Clear,28.7,0.0,Medium,Mixed,40.0,Same-Day,2025-02-26 16:00:00,0.36,2075.7,2171.4,95.7,Moderate Delay
1121,Chennai,Hyderabad,833.9,Heavy Rain,36.7,12.5,Medium,Rural Road,39.0,Express,2025-12-05 11:00:00,0.22,1111.9,1188.3,76.4,Moderate Delay
1122,Ahmedabad,Pune,793.7,Fog,35.9,0.0,Low,Highway,30.3,Standard,2025-03-08 12:00:00,0.4,1058.3,1131.9,73.6,Moderate Delay
1123,Chennai,Jaipur,597.8,Heavy Rain,36.8,62.3,High,Rural Road,15.0,Same-Day,2025-08-08 13:00:00,0.05,797.1,896.9,99.8,Moderate Delay
1124,Mumbai,Kolkata,992.3,Storm,31.0,12.2,High,City Road,19.5,Express,2025-05-07 07:00:00,0.57,1323.1,1501.1,178.0,Moderate Delay
1125,Kolkata,Bangalore,1020.1,Storm,43.6,17.9,Severe,City Road,36.1,Same-Day,2025-02-11 21:00:00,0.37,1360.1,1545.5,185.4,Severe Delay
1126,Jaipur,Delhi,36.4,Cloudy,44.0,2.2,Severe,Rural Road,48.5,Express,2025-09-23 20:00:00,0.08,48.5,132.6,84.1,Moderate Delay
1127,Bangalore,Pune,1825.9,Fog,16.8,0.0,High,Mixed,30.8,Same-Day,2025-09-11 21:00:00,0.59,2434.5,2582.5,148.0,Moderate Delay
1128,Kolkata,Raipur,317.3,Fog,33.1,0.0,Low,City Road,16.5,Standard,2025-04-14 20:00:00,0.2,423.1,499.4,76.3,Moderate Delay
1129,Chennai,Raipur,147.2,Cloudy,16.8,3.3,High,Mixed,42.8,Express,2025-10-20 11:00:00,0.15,196.3,259.1,62.8,Moderate Delay
1130,Hyderabad,Kolkata,1554.2,Storm,21.8,52.5,Low,City Road,3.0,Standard,2025-06-01 20:00:00,0.37,2072.3,2188.5,116.2,Moderate Delay
1131,Ahmedabad,Hyderabad,119.3,Cloudy,23.9,1.9,Low,Mixed,14.6,Same-Day,2025-11-15 16:00:00,0.55,159.1,221.9,62.8,Moderate Delay
1132,Pune,Ahmedabad,1011.5,Heavy Rain,27.1,39.2,Severe,Mixed,10.7,Express,2025-09-12 16:00:00,0.45,1348.7,1543.0,194.3,Severe Delay
1133,Kolkata,Raipur,1333.6,Clear,40.5,0.0,Medium,Mixed,41.5,Standard,2025-05-16 08:00:00,0.22,1778.1,1811.4,33.3,Slight Delay
1134,Hyderabad,Delhi,552.2,Rain,45.0,10.4,Low,Rural Road,2.7,Standard,2025-02-20 09:00:00,0.13,736.3,807.0,70.7,Moderate Delay
1135,Delhi,Pune,1944.6,Clear,15.0,0.0,Medium,Rural Road,5.5,Standard,2025-12-12 16:00:00,0.07,2592.8,2684.4,91.6,Moderate Delay
1136,Kolkata,Hyderabad,1364.5,Fog,39.1,0.0,High,City Road,23.2,Same-Day,2025-11-06 10:00:00,0.36,1819.3,1937.5,118.2,Moderate Delay
1137,Ahmedabad,Kolkata,1133.3,Clear,18.8,0.0,High,Rural Road,47.8,Express,2025-07-26 18:00:00,0.29,1511.1,1599.4,88.3,Moderate Delay
1138,Jaipur,Mumbai,259.9,Heavy Rain,10.2,43.1,Medium,Mixed,49.9,Standard,2025-04-27 12:00:00,0.42,346.5,454.3,107.8,Moderate Delay
1139,Raipur,Chennai,615.0,Storm,15.2,22.0,Severe,Mixed,23.7,Express,2025-02-13 16:00:00,0.25,820.0,979.3,159.3,Moderate Delay
1140,Chennai,Raipur,451.0,Fog,14.8,0.0,Severe,City Road,27.8,Express,2025-08-19 06:00:00,0.36,601.3,761.0,159.7,Moderate Delay
1141,Hyderabad,Bangalore,711.9,Storm,17.4,33.1,Medium,Rural Road,14.0,Same-Day,2025-01-05 21:00:00,0.05,949.2,1060.6,111.4,Moderate Delay
1142,Hyderabad,Pune,147.0,Cloudy,17.9,4.0,Severe,Mixed,40.3,Same-Day,2025-07-26 15:00:00,0.12,196.0,260.0,64.0,Moderate Delay
1143,Hyderabad,Mumbai,1093.4,Storm,36.8,68.0,Low,City Road,40.4,Standard,2025-06-19 18:00:00,0.01,1457.9,1562.3,104.4,Moderate Delay
1144,Pune,Chennai,1979.3,Heavy Rain,15.5,43.7,Low,Mixed,39.7,Standard,2025-09-01 09:00:00,0.26,2639.1,2753.4,114.3,Moderate Delay
1145,Hyderabad,Ahmedabad,1687.6,Fog,32.7,0.0,High,Highway,20.5,Standard,2025-02-23 11:00:00,0.01,2250.1,2353.6,103.5,Moderate Delay
1146,Mumbai,Ahmedabad,126.3,Clear,21.0,0.0,Medium,City Road,7.9,Standard,2025-07-17 15:00:00,0.35,168.4,205.1,36.7,Slight Delay
1147,Chennai,Kolkata,863.8,Rain,43.1,21.3,Low,Mixed,13.2,Standard,2025-07-08 22:00:00,0.06,1151.7,1206.8,55.1,Slight Delay
1148,Mumbai,Chennai,1331.6,Rain,31.5,44.8,Severe,Mixed,34.3,Standard,2025-02-26 10:00:00,0.38,1775.5,1935.5,160.0,Moderate Delay
1149,Ahmedabad,Pune,1806.3,Heavy Rain,23.5,63.4,Low,Mixed,36.4,Standard,2025-03-08 12:00:00,0.04,2408.4,2519.7,111.3,Moderate Delay
1150,Kolkata,Raipur,702.9,Fog,11.2,0.0,Severe,City Road,27.3,Same-Day,2025-10-22 15:00:00,0.23,937.2,1095.7,158.5,Moderate Delay
1151,Jaipur,Chennai,448.7,Storm,19.2,20.6,Severe,Rural Road,38.4,Standard,2025-01-04 10:00:00,0.57,598.3,825.9,227.6,Severe Delay
1152,Raipur,Delhi,1113.4,Heavy Rain,29.5,25.8,Medium,Rural Road,24.1,Same-Day,2025-09-09 20:00:00,0.28,1484.5,1615.0,130.5,Moderate Delay
1153,Raipur,Mumbai,1735.1,Fog,41.2,0.0,Low,Rural Road,13.9,Same-Day,2025-08-22 17:00:00,0.02,2313.5,2402.2,88.7,Moderate Delay
1154,Kolkata,Raipur,1722.1,Storm,42.9,20.1,Medium,Mixed,15.8,Standard,2025-04-02 19:00:00,0.14,2296.1,2447.9,151.8,Moderate Delay
1155,Raipur,Pune,77.1,Fog,12.2,0.0,Medium,Highway,27.1,Express,2025-12-24 07:00:00,0.43,102.8,190.0,87.2,Moderate Delay
1156,Chennai,Bangalore,1532.7,Rain,44.7,30.9,High,Highway,20.8,Same-Day,2025-04-22 21:00:00,0.1,2043.6,2117.2,73.6,Moderate Delay
1157,Pune,Jaipur,584.5,Clear,25.9,0.0,High,Highway,14.9,Standard,2025-09-16 16:00:00,0.14,779.3,845.5,66.2,Moderate Delay
1158,Pune,Ahmedabad,1316.9,Cloudy,25.6,1.7,High,City Road,41.9,Same-Day,2025-01-23 20:00:00,0.46,1755.9,1851.3,95.4,Moderate Delay
1159,Mumbai,Bangalore,122.3,Fog,21.8,0.0,Severe,Mixed,37.8,Express,2025-07-24 12:00:00,0.18,163.1,296.4,133.3,Moderate Delay
1160,Pune,Mumbai,1052.1,Clear,42.2,0.0,High,Highway,32.2,Same-Day,2025-03-11 16:00:00,0.1,1402.8,1458.5,55.7,Slight Delay
1161,Raipur,Ahmedabad,1631.7,Heavy Rain,35.3,51.1,Low,Highway,8.0,Same-Day,2025-12-03 13:00:00,0.5,2175.6,2277.8,102.2,Moderate Delay
1162,Raipur,Bangalore,1756.5,Heavy Rain,16.3,64.8,High,City Road,23.1,Standard,2025-01-10 09:00:00,0.2,2342.0,2480.4,138.4,Moderate Delay
1163,Bangalore,Hyderabad,243.1,Clear,12.5,0.0,Severe,City Road,37.3,Standard,2025-12-10 06:00:00,0.43,324.1,469.6,145.5,Moderate Delay
1164,Kolkata,Bangalore,1626.7,Heavy Rain,39.0,47.7,High,City Road,15.6,Standard,2025-01-18 12:00:00,0.13,2168.9,2302.7,133.8,Moderate Delay
1165,Raipur,Mumbai,481.4,Fog,30.6,0.0,Low,Mixed,46.2,Same-Day,2025-06-07 20:00:00,0.45,641.9,715.6,73.7,Moderate Delay
1166,Mumbai,Delhi,1505.0,Clear,16.1,0.0,Severe,City Road,18.9,Standard,2025-07-11 13:00:00,0.02,2006.7,2120.0,113.3,Moderate Delay
1167,Chennai,Delhi,759.2,Clear,40.6,0.0,Severe,Highway,11.1,Standard,2025-06-22 12:00:00,0.2,1012.3,1151.6,139.3,Moderate Delay
1168,Delhi,Kolkata,1871.8,Clear,20.5,0.0,Medium,City Road,18.3,Standard,2025-08-01 22:00:00,0.43,2495.7,2594.0,98.3,Moderate Delay
1169,Delhi,Pune,373.0,Rain,42.4,62.2,Medium,City Road,24.3,Same-Day,2025-07-22 19:00:00,0.41,497.3,559.5,62.2,Moderate Delay
1170,Delhi,Kolkata,599.6,Cloudy,16.1,4.0,Low,Rural Road,47.8,Express,2025-03-30 06:00:00,0.25,799.5,837.1,37.6,Slight Delay
1171,Pune,Hyderabad,1126.3,Clear,12.0,0.0,Severe,City Road,35.0,Express,2025-04-23 08:00:00,0.03,1501.7,1613.6,111.9,Moderate Delay
1172,Kolkata,Pune,1193.1,Clear,20.4,0.0,Low,City Road,3.2,Express,2025-06-04 21:00:00,0.0,1590.8,1640.7,49.9,Slight Delay
1173,Delhi,Jaipur,310.8,Storm,29.3,15.8,Medium,Rural Road,30.8,Standard,2025-11-04 16:00:00,0.56,414.4,515.2,100.8,Moderate Delay
1174,Pune,Bangalore,759.1,Rain,24.6,27.5,Medium,Rural Road,33.0,Same-Day,2025-09-04 08:00:00,0.55,1012.1,1097.2,85.1,Moderate Delay
1175,Hyderabad,Mumbai,920.9,Storm,15.2,38.7,Severe,Mixed,14.3,Same-Day,2025-11-24 13:00:00,0.57,1227.9,1419.4,191.5,Severe Delay
1176,Ahmedabad,Mumbai,681.7,Cloudy,17.3,4.0,Low,Highway,31.4,Express,2025-05-02 19:00:00,0.28,908.9,947.6,38.7,Slight Delay
1177,Chennai,Delhi,1052.4,Clear,37.3,0.0,Medium,Rural Road,17.3,Express,2025-06-01 12:00:00,0.11,1403.2,1486.4,83.2,Moderate Delay
1178,Bangalore,Raipur,1339.3,Cloudy,29.1,1.0,Low,City Road,37.9,Same-Day,2025-11-03 20:00:00,0.48,1785.7,1825.5,39.8,Slight Delay
1179,Hyderabad,Bangalore,635.5,Rain,43.4,63.8,High,Highway,33.2,Same-Day,2025-08-01 15:00:00,0.31,847.3,945.5,98.2,Moderate Delay
1180,Mumbai,Kolkata,1630.0,Fog,37.5,0.0,High,Rural Road,44.6,Standard,2025-04-16 07:00:00,0.33,2173.3,2357.8,184.5,Severe Delay
1181,Chennai,Kolkata,787.4,Storm,31.5,9.2,Severe,Rural Road,25.6,Standard,2025-08-15 06:00:00,0.52,1049.9,1253.7,203.8,Severe Delay
1182,Delhi,Ahmedabad,1271.3,Clear,38.0,0.0,Medium,Highway,22.9,Same-Day,2025-03-14 12:00:00,0.49,1695.1,1733.3,38.2,Slight Delay
1183,Bangalore,Delhi,132.1,Cloudy,15.9,1.4,Medium,City Road,14.5,Same-Day,2025-02-10 19:00:00,0.4,176.1,234.4,58.3,Slight Delay
1184,Raipur,Kolkata,189.0,Cloudy,25.6,4.2,Medium,City Road,31.0,Express,2025-04-01 13:00:00,0.18,252.0,306.1,54.1,Slight Delay
1185,Kolkata,Hyderabad,1996.4,Storm,10.1,7.1,Severe,City Road,41.3,Express,2025-09-04 08:00:00,0.12,2661.9,2852.4,190.5,Severe Delay
1186,Hyderabad,Raipur,1853.9,Heavy Rain,38.5,29.2,Medium,Mixed,49.1,Express,2025-08-05 22:00:00,0.43,2471.9,2566.0,94.1,Moderate Delay
1187,Jaipur,Pune,1032.7,Cloudy,13.3,4.6,Severe,Highway,17.5,Express,2025-08-07 08:00:00,0.54,1376.9,1483.0,106.1,Moderate Delay
1188,Kolkata,Jaipur,238.3,Cloudy,23.4,4.7,Medium,Rural Road,34.8,Express,2025-08-26 15:00:00,0.52,317.7,395.4,77.7,Moderate Delay
1189,Raipur,Kolkata,750.0,Heavy Rain,10.4,56.7,Severe,Highway,49.0,Express,2025-03-11 21:00:00,0.58,1000.0,1165.8,165.8,Moderate Delay
1190,Chennai,Bangalore,1089.3,Cloudy,24.5,4.9,Low,Highway,29.3,Same-Day,2025-07-11 21:00:00,0.52,1452.4,1480.6,28.2,Slight Delay
1191,Pune,Raipur,417.7,Heavy Rain,16.5,24.1,High,Mixed,15.6,Express,2025-06-07 08:00:00,0.22,556.9,676.4,119.5,Moderate Delay
1192,Pune,Mumbai,1658.8,Clear,25.0,0.0,Severe,City Road,32.2,Standard,2025-08-12 14:00:00,0.57,2211.7,2360.1,148.4,Moderate Delay
1193,Hyderabad,Jaipur,1963.0,Fog,28.1,0.0,Severe,Rural Road,46.4,Same-Day,2025-01-30 18:00:00,0.24,2617.3,2803.5,186.2,Severe Delay
1194,Pune,Chennai,590.7,Cloudy,16.8,4.9,Severe,Highway,18.4,Express,2025-11-20 06:00:00,0.36,787.6,897.7,110.1,Moderate Delay
1195,Bangalore,Hyderabad,1727.5,Storm,16.3,45.8,Severe,City Road,47.6,Express,2025-05-07 11:00:00,0.38,2303.3,2560.0,256.7,Severe Delay
1196,Mumbai,Bangalore,1409.7,Clear,18.0,0.0,Severe,Mixed,0.7,Same-Day,2025-10-28 08:00:00,0.21,1879.6,1985.8,106.2,Moderate Delay
1197,Ahmedabad,Chennai,356.3,Heavy Rain,13.7,73.0,Medium,Mixed,49.9,Express,2025-12-21 15:00:00,0.1,475.1,542.3,67.2,Moderate Delay
1198,Ahmedabad,Jaipur,1430.9,Fog,32.2,0.0,Severe,Rural Road,19.7,Same-Day,2025-07-30 08:00:00,0.55,1907.9,2055.3,147.4,Moderate Delay
1199,Delhi,Pune,884.2,Cloudy,30.4,2.6,High,City Road,16.9,Same-Day,2025-07-23 15:00:00,0.33,1178.9,1241.5,62.6,Moderate Delay
1200,Mumbai,Chennai,64.2,Heavy Rain,16.0,47.4,Low,Highway,35.3,Standard,2025-12-23 19:00:00,0.12,85.6,145.9,60.3,Moderate Delay
1201,Ahmedabad,Pune,1990.2,Fog,42.8,0.0,High,Mixed,0.7,Standard,2025-04-01 17:00:00,0.53,2653.6,2792.6,139.0,Moderate Delay
1202,Bangalore,Chennai,1889.8,Cloudy,31.4,3.6,Severe,City Road,38.2,Same-Day,2025-02-26 20:00:00,0.16,2519.7,2615.4,95.7,Moderate Delay
1203,Jaipur,Chennai,375.5,Cloudy,14.4,4.6,Medium,Highway,7.4,Same-Day,2025-04-04 12:00:00,0.32,500.7,515.8,15.1,Slight Delay
1204,Kolkata,Raipur,1132.0,Heavy Rain,34.2,44.9,Low,City Road,22.0,Standard,2025-05-31 08:00:00,0.23,1509.3,1623.4,114.1,Moderate Delay
1205,Pune,Delhi,608.7,Rain,26.5,12.0,Low,Rural Road,2.8,Standard,2025-10-27 13:00:00,0.07,811.6,856.8,45.2,Slight Delay
1206,Raipur,Ahmedabad,163.9,Fog,29.9,0.0,Low,Highway,28.2,Standard,2025-05-17 06:00:00,0.51,218.5,285.6,67.1,Moderate Delay
1207,Jaipur,Mumbai,1028.0,Clear,29.4,0.0,Medium,Highway,41.3,Express,2025-11-05 22:00:00,0.3,1370.7,1410.0,39.3,Slight Delay
1208,Kolkata,Ahmedabad,395.7,Heavy Rain,42.4,7.4,High,Mixed,23.4,Express,2025-07-09 16:00:00,0.19,527.6,658.7,131.1,Moderate Delay
1209,Hyderabad,Chennai,1572.2,Rain,41.4,37.9,Severe,Mixed,12.1,Same-Day,2025-01-30 17:00:00,0.25,2096.3,2214.8,118.5,Moderate Delay
1210,Hyderabad,Delhi,489.1,Clear,34.3,0.0,Severe,Mixed,48.8,Same-Day,2025-03-13 06:00:00,0.58,652.1,767.2,115.1,Moderate Delay
1211,Jaipur,Delhi,1355.0,Storm,21.8,17.7,High,City Road,29.2,Express,2025-08-20 21:00:00,0.29,1806.7,1967.4,160.7,Moderate Delay
1212,Ahmedabad,Pune,706.8,Fog,11.3,0.0,Medium,Highway,9.7,Same-Day,2025-06-14 06:00:00,0.45,942.4,1027.9,85.5,Moderate Delay
1213,Hyderabad,Mumbai,62.5,Fog,35.9,0.0,High,Mixed,48.0,Standard,2025-11-07 21:00:00,0.52,83.3,194.6,111.3,Moderate Delay
1214,Pune,Delhi,1388.0,Rain,24.7,69.1,Severe,Mixed,38.7,Same-Day,2025-12-25 09:00:00,0.04,1850.7,1964.2,113.5,Moderate Delay
1215,Pune,Kolkata,820.9,Storm,20.2,22.6,Medium,City Road,26.9,Same-Day,2025-10-20 22:00:00,0.07,1094.5,1194.4,99.9,Moderate Delay
1216,Mumbai,Chennai,203.8,Heavy Rain,28.1,21.0,Low,Rural Road,27.1,Same-Day,2025-10-08 20:00:00,0.5,271.7,387.0,115.3,Moderate Delay
1217,Bangalore,Ahmedabad,1035.2,Clear,20.7,0.0,Severe,City Road,23.2,Standard,2025-04-19 11:00:00,0.11,1380.3,1498.1,117.8,Moderate Delay
1218,Delhi,Bangalore,1369.4,Heavy Rain,21.9,47.9,Low,City Road,22.6,Express,2025-07-16 14:00:00,0.4,1825.9,1938.7,112.8,Moderate Delay
1219,Chennai,Hyderabad,381.7,Fog,20.9,0.0,Severe,Highway,25.7,Same-Day,2025-03-11 21:00:00,0.52,508.9,663.6,154.7,Moderate Delay
1220,Delhi,Pune,107.8,Cloudy,20.8,3.4,Low,Rural Road,28.5,Express,2025-07-15 19:00:00,0.26,143.7,177.7,34.0,Slight Delay
1221,Chennai,Kolkata,536.5,Rain,40.4,53.3,Low,Rural Road,1.5,Standard,2025-02-27 08:00:00,0.43,715.3,760.8,45.5,Slight Delay
1222,Hyderabad,Chennai,757.2,Fog,21.1,0.0,Low,Rural Road,31.2,Standard,2025-06-10 18:00:00,0.1,1009.6,1072.9,63.3,Moderate Delay
1223,Jaipur,Mumbai,54.8,Rain,31.7,39.3,Low,City Road,28.6,Express,2025-08-05 16:00:00,0.54,73.1,134.2,61.1,Moderate Delay
1224,Hyderabad,Bangalore,903.0,Storm,20.8,50.6,Medium,Highway,9.7,Express,2025-01-05 20:00:00,0.38,1204.0,1327.5,123.5,Moderate Delay
1225,Hyderabad,Bangalore,128.8,Rain,16.2,46.2,Medium,Mixed,24.3,Same-Day,2025-08-22 10:00:00,0.03,171.7,201.7,30.0,Slight Delay
1226,Jaipur,Kolkata,1305.1,Cloudy,40.9,0.9,Low,Rural Road,42.1,Express,2025-09-15 09:00:00,0.07,1740.1,1779.4,39.3,Slight Delay
1227,Kolkata,Ahmedabad,173.8,Fog,43.6,0.0,Medium,Mixed,44.0,Express,2025-12-27 18:00:00,0.45,231.7,324.3,92.6,Moderate Delay
1228,Mumbai,Pune,1553.3,Cloudy,19.2,1.6,Medium,City Road,5.8,Same-Day,2025-01-27 11:00:00,0.56,2071.1,2184.0,112.9,Moderate Delay
1229,Raipur,Pune,1561.5,Rain,39.9,37.7,Medium,Highway,19.2,Same-Day,2025-07-20 16:00:00,0.45,2082.0,2193.7,111.7,Moderate Delay
1230,Pune,Ahmedabad,393.0,Rain,37.5,49.7,Severe,Mixed,44.7,Standard,2025-09-28 15:00:00,0.1,524.0,662.7,138.7,Moderate Delay
1231,Kolkata,Chennai,575.2,Fog,44.1,0.0,Severe,Highway,9.5,Standard,2025-06-15 07:00:00,0.22,766.9,915.3,148.4,Moderate Delay
1232,Kolkata,Ahmedabad,327.8,Fog,30.9,0.0,Medium,City Road,12.9,Express,2025-12-23 21:00:00,0.2,437.1,491.1,54.0,Slight Delay
1233,Kolkata,Bangalore,1732.3,Cloudy,34.3,0.0,Medium,City Road,31.0,Same-Day,2025-11-30 06:00:00,0.06,2309.7,2400.2,90.5,Moderate Delay
1234,Hyderabad,Delhi,351.5,Fog,19.3,0.0,Medium,Mixed,22.5,Express,2025-12-14 11:00:00,0.43,468.7,553.2,84.5,Moderate Delay
1235,Mumbai,Bangalore,467.5,Rain,33.0,17.3,Severe,City Road,3.3,Standard,2025-03-02 22:00:00,0.07,623.3,773.7,150.4,Moderate Delay
1236,Hyderabad,Raipur,1500.2,Cloudy,35.6,0.2,Severe,City Road,27.7,Standard,2025-03-02 13:00:00,0.28,2000.3,2131.9,131.6,Moderate Delay
1237,Pune,Ahmedabad,275.8,Rain,40.0,46.9,Medium,Mixed,43.1,Same-Day,2025-12-10 08:00:00,0.5,367.7,417.2,49.5,Slight Delay
1238,Raipur,Pune,932.1,Rain,18.8,33.1,Severe,Rural Road,40.1,Standard,2025-03-03 09:00:00,0.5,1242.8,1400.8,158.0,Moderate Delay
1239,Delhi,Bangalore,454.0,Heavy Rain,33.7,48.7,Medium,Highway,27.9,Same-Day,2025-10-21 21:00:00,0.52,605.3,673.2,67.9,Moderate Delay
1240,Kolkata,Delhi,394.0,Storm,36.6,11.8,Medium,Mixed,26.0,Express,2025-11-27 19:00:00,0.04,525.3,632.6,107.3,Moderate Delay
1241,Kolkata,Bangalore,469.0,Clear,26.0,0.0,High,Highway,47.7,Same-Day,2025-10-03 11:00:00,0.51,625.3,678.5,53.2,Slight Delay
1242,Pune,Mumbai,974.2,Heavy Rain,43.9,55.4,Severe,Highway,8.1,Same-Day,2025-10-27 09:00:00,0.08,1298.9,1446.3,147.4,Moderate Delay
1243,Chennai,Delhi,356.0,Cloudy,10.3,1.2,Medium,Highway,12.1,Same-Day,2025-08-17 16:00:00,0.25,474.7,510.4,35.7,Slight Delay
1244,Delhi,Mumbai,993.4,Cloudy,10.6,0.7,Medium,City Road,19.2,Standard,2025-10-15 14:00:00,0.41,1324.5,1397.5,73.0,Moderate Delay
1245,Mumbai,Bangalore,284.4,Clear,27.1,0.0,High,Rural Road,37.5,Same-Day,2025-03-29 19:00:00,0.07,379.2,420.6,41.4,Slight Delay
1246,Mumbai,Kolkata,918.8,Rain,24.3,42.3,Low,Rural Road,2.5,Same-Day,2025-10-01 20:00:00,0.54,1225.1,1313.1,88.0,Moderate Delay
1247,Bangalore,Ahmedabad,1329.7,Fog,39.7,0.0,High,Rural Road,37.7,Same-Day,2025-10-03 22:00:00,0.27,1772.9,1919.2,146.3,Moderate Delay
1248,Chennai,Delhi,1233.5,Fog,35.2,0.0,Low,City Road,32.3,Standard,2025-04-07 10:00:00,0.31,1644.7,1735.0,90.3,Moderate Delay
1249,Kolkata,Chennai,1189.5,Cloudy,44.0,1.8,Medium,Rural Road,20.0,Express,2025-03-07 19:00:00,0.12,1586.0,1660.4,74.4,Moderate Delay
1250,Delhi,Jaipur,898.7,Rain,20.0,72.2,High,Mixed,43.1,Same-Day,2025-03-25 18:00:00,0.1,1198.3,1273.5,75.2,Moderate Delay
1251,Raipur,Delhi,759.1,Rain,41.1,39.0,Severe,City Road,16.1,Same-Day,2025-04-15 08:00:00,0.56,1012.1,1188.2,176.1,Moderate Delay
1252,Kolkata,Chennai,596.1,Fog,37.8,0.0,High,City Road,24.8,Express,2025-03-20 16:00:00,0.02,794.8,887.3,92.5,Moderate Delay
1253,Pune,Raipur,597.6,Clear,17.9,0.0,Medium,Highway,6.9,Express,2025-03-05 09:00:00,0.57,796.8,825.8,29.0,Slight Delay
1254,Ahmedabad,Pune,1954.7,Clear,37.9,0.0,High,Highway,20.9,Express,2025-06-20 14:00:00,0.09,2606.3,2669.5,63.2,Moderate Delay
1255,Bangalore,Kolkata,1578.4,Rain,21.0,11.4,Low,Highway,23.5,Express,2025-04-24 18:00:00,0.45,2104.5,2197.1,92.6,Moderate Delay
1256,Delhi,Bangalore,439.7,Cloudy,21.9,1.6,High,Mixed,47.8,Standard,2025-09-28 17:00:00,0.47,586.3,672.4,86.1,Moderate Delay
1257,Jaipur,Kolkata,1744.9,Storm,19.5,11.1,High,Highway,33.0,Standard,2025-03-29 16:00:00,0.39,2326.5,2475.6,149.1,Moderate Delay
1258,Pune,Bangalore,484.4,Rain,16.7,48.1,Severe,Mixed,16.7,Same-Day,2025-03-07 14:00:00,0.49,645.9,755.0,109.1,Moderate Delay
1259,Mumbai,Jaipur,1955.9,Fog,37.7,0.0,Medium,City Road,24.8,Standard,2025-07-13 14:00:00,0.05,2607.9,2725.8,117.9,Moderate Delay
1260,Mumbai,Pune,1761.1,Fog,42.8,0.0,Medium,Mixed,20.6,Same-Day,2025-08-23 11:00:00,0.34,2348.1,2444.7,96.6,Moderate Delay
1261,Raipur,Hyderabad,576.4,Heavy Rain,19.2,21.7,High,Rural Road,35.6,Express,2025-09-24 13:00:00,0.05,768.5,889.3,120.8,Moderate Delay
1262,Kolkata,Delhi,1707.2,Rain,43.8,48.6,Severe,Rural Road,45.5,Standard,2025-11-21 08:00:00,0.49,2276.3,2451.5,175.2,Moderate Delay
1263,Delhi,Kolkata,271.9,Clear,23.9,0.0,Medium,Highway,13.9,Standard,2025-05-27 21:00:00,0.17,362.5,376.4,13.9,On Time
1264,Mumbai,Raipur,532.8,Fog,27.1,0.0,Medium,Mixed,32.8,Express,2025-09-21 09:00:00,0.07,710.4,774.8,64.4,Moderate Delay
1265,Pune,Mumbai,498.3,Storm,27.2,10.6,Medium,Highway,2.2,Same-Day,2025-08-06 17:00:00,0.28,664.4,765.8,101.4,Moderate Delay
1266,Chennai,Jaipur,1666.4,Fog,26.2,0.0,Low,Mixed,37.0,Standard,2025-12-12 22:00:00,0.08,2221.9,2295.0,73.1,Moderate Delay
1267,Chennai,Bangalore,1404.0,Clear,26.0,0.0,High,City Road,26.8,Same-Day,2025-06-30 07:00:00,0.09,1872.0,1951.5,79.5,Moderate Delay
1268,Pune,Ahmedabad,828.4,Heavy Rain,20.8,27.3,Medium,Rural Road,15.6,Standard,2025-06-23 13:00:00,0.53,1104.5,1248.5,144.0,Moderate Delay
1269,Ahmedabad,Delhi,930.9,Rain,37.4,28.2,High,Mixed,32.3,Express,2025-05-16 12:00:00,0.53,1241.2,1347.5,106.3,Moderate Delay
1270,Mumbai,Raipur,943.1,Cloudy,32.9,0.5,High,Highway,13.0,Express,2025-11-13 21:00:00,0.55,1257.5,1356.8,99.3,Moderate Delay
1271,Mumbai,Pune,1682.9,Clear,20.2,0.0,Severe,Rural Road,46.6,Express,2025-07-01 09:00:00,0.33,2243.9,2404.3,160.4,Moderate Delay
1272,Mumbai,Pune,1244.8,Fog,39.3,0.0,Medium,Mixed,26.0,Express,2025-01-05 09:00:00,0.23,1659.7,1746.2,86.5,Moderate Delay
1273,Pune,Ahmedabad,295.6,Cloudy,30.3,4.4,Low,City Road,23.9,Express,2025-03-05 21:00:00,0.45,394.1,445.7,51.6,Slight Delay
1274,Mumbai,Chennai,386.2,Fog,11.4,0.0,High,City Road,2.3,Express,2025-07-22 17:00:00,0.5,514.9,640.4,125.5,Moderate Delay
1275,Kolkata,Pune,1240.3,Heavy Rain,16.4,55.9,Medium,Rural Road,38.3,Standard,2025-08-13 20:00:00,0.26,1653.7,1761.2,107.5,Moderate Delay
1276,Bangalore,Chennai,174.7,Rain,25.0,44.9,Severe,Highway,45.0,Express,2025-12-30 12:00:00,0.6,232.9,400.8,167.9,Moderate Delay
1277,Delhi,Kolkata,177.9,Rain,24.1,53.5,Low,City Road,17.9,Express,2025-08-04 16:00:00,0.16,237.2,285.0,47.8,Slight Delay
1278,Mumbai,Chennai,424.4,Fog,29.1,0.0,Medium,Mixed,38.4,Same-Day,2025-05-17 09:00:00,0.54,565.9,653.5,87.6,Moderate Delay
1279,Pune,Ahmedabad,416.4,Storm,14.0,68.2,Severe,City Road,13.3,Express,2025-07-24 22:00:00,0.17,555.2,728.1,172.9,Moderate Delay
1280,Pune,Bangalore,735.3,Clear,40.2,0.0,Low,Highway,21.5,Standard,2025-03-21 17:00:00,0.55,980.4,1012.1,31.7,Slight Delay
1281,Ahmedabad,Mumbai,1310.9,Fog,27.0,0.0,Medium,Highway,39.6,Same-Day,2025-06-25 19:00:00,0.55,1747.9,1862.4,114.5,Moderate Delay
1282,Jaipur,Mumbai,1549.6,Heavy Rain,19.3,20.7,Severe,Rural Road,47.2,Express,2025-09-06 08:00:00,0.01,2066.1,2227.8,161.7,Moderate Delay
1283,Pune,Chennai,449.2,Storm,30.5,31.1,Medium,City Road,33.0,Standard,2025-05-24 09:00:00,0.01,598.9,698.1,99.2,Moderate Delay
1284,Kolkata,Chennai,1541.4,Fog,20.1,0.0,Severe,City Road,20.7,Express,2025-12-28 09:00:00,0.31,2055.2,2176.9,121.7,Moderate Delay
1285,Ahmedabad,Bangalore,395.6,Cloudy,21.8,0.4,Medium,City Road,10.0,Standard,2025-03-09 18:00:00,0.55,527.5,616.7,89.2,Moderate Delay
1286,Mumbai,Hyderabad,994.0,Cloudy,38.8,2.0,Medium,Mixed,49.2,Standard,2025-11-12 12:00:00,0.46,1325.3,1415.4,90.1,Moderate Delay
1287,Delhi,Mumbai,1929.0,Heavy Rain,21.4,64.9,Severe,Rural Road,10.9,Same-Day,2025-11-21 13:00:00,0.33,2572.0,2727.6,155.6,Moderate Delay
1288,Chennai,Pune,665.4,Heavy Rain,29.7,19.0,Severe,Highway,40.1,Same-Day,2025-08-07 07:00:00,0.58,887.2,1025.6,138.4,Moderate Delay
1289,Kolkata,Delhi,59.4,Rain,28.9,76.7,High,Rural Road,19.9,Express,2025-12-31 19:00:00,0.25,79.2,191.4,112.2,Moderate Delay
1290,Chennai,Pune,1404.8,Clear,35.7,0.0,Medium,Highway,14.9,Standard,2025-01-27 16:00:00,0.18,1873.1,1924.7,51.6,Slight Delay
1291,Chennai,Hyderabad,238.8,Heavy Rain,39.0,50.2,High,Highway,9.8,Express,2025-04-05 14:00:00,0.33,318.4,421.0,102.6,Moderate Delay
1292,Raipur,Hyderabad,755.0,Rain,32.6,31.7,High,Highway,33.9,Standard,2025-12-09 06:00:00,0.44,1006.7,1083.7,77.0,Moderate Delay
1293,Ahmedabad,Bangalore,841.4,Rain,25.2,40.0,High,Rural Road,35.4,Same-Day,2025-10-29 22:00:00,0.19,1121.9,1206.8,84.9,Moderate Delay
1294,Jaipur,Hyderabad,949.1,Cloudy,27.9,3.2,High,City Road,33.2,Same-Day,2025-07-16 08:00:00,0.17,1265.5,1366.6,101.1,Moderate Delay
1295,Delhi,Chennai,355.6,Fog,36.5,0.0,Low,Highway,41.7,Same-Day,2025-12-02 12:00:00,0.53,474.1,515.6,41.5,Slight Delay
1296,Chennai,Ahmedabad,1002.8,Clear,26.5,0.0,Low,Rural Road,15.9,Express,2025-08-31 12:00:00,0.52,1337.1,1398.6,61.5,Moderate Delay
1297,Ahmedabad,Bangalore,1636.5,Clear,42.6,0.0,Medium,City Road,43.9,Express,2025-10-09 14:00:00,0.19,2182.0,2230.6,48.6,Slight Delay
1298,Ahmedabad,Hyderabad,1132.6,Rain,25.2,39.4,Severe,Highway,48.5,Express,2025-02-04 21:00:00,0.18,1510.1,1647.9,137.8,Moderate Delay
1299,Pune,Jaipur,215.5,Storm,12.4,16.5,Low,City Road,38.3,Same-Day,2025-05-21 10:00:00,0.43,287.3,419.1,131.8,Moderate Delay
1300,Kolkata,Mumbai,926.9,Storm,40.3,74.5,Low,City Road,1.7,Same-Day,2025-07-23 21:00:00,0.03,1235.9,1368.4,132.5,Moderate Delay
1301,Ahmedabad,Jaipur,179.3,Clear,15.5,0.0,Medium,Mixed,12.9,Same-Day,2025-07-16 18:00:00,0.29,239.1,292.4,53.3,Slight Delay
1302,Pune,Kolkata,37.4,Cloudy,10.1,0.5,Medium,Highway,5.5,Standard,2025-10-20 12:00:00,0.42,49.9,138.5,88.6,Moderate Delay
1303,Jaipur,Mumbai,558.3,Storm,27.8,18.2,Severe,Rural Road,40.4,Express,2025-04-23 15:00:00,0.53,744.4,937.6,193.2,Severe Delay
1304,Kolkata,Jaipur,1991.2,Clear,13.4,0.0,Medium,City Road,42.9,Standard,2025-10-01 13:00:00,0.29,2654.9,2770.1,115.2,Moderate Delay
1305,Kolkata,Mumbai,320.3,Fog,12.9,0.0,Medium,Rural Road,21.9,Standard,2025-05-19 07:00:00,0.5,427.1,539.7,112.6,Moderate Delay
1306,Chennai,Kolkata,856.3,Storm,16.0,31.9,Low,Highway,10.1,Same-Day,2025-06-27 17:00:00,0.12,1141.7,1197.5,55.8,Slight Delay
1307,Hyderabad,Delhi,1280.4,Fog,34.1,0.0,High,City Road,33.5,Express,2025-11-10 15:00:00,0.27,1707.2,1841.5,134.3,Moderate Delay
1308,Hyderabad,Mumbai,1631.0,Fog,10.2,0.0,Low,Rural Road,25.3,Standard,2025-05-24 11:00:00,0.42,2174.7,2264.3,89.6,Moderate Delay
1309,Kolkata,Mumbai,1314.1,Storm,15.1,18.9,Low,Mixed,10.6,Same-Day,2025-05-12 12:00:00,0.14,1752.1,1840.4,88.3,Moderate Delay
1310,Raipur,Chennai,116.7,Rain,40.7,11.0,High,City Road,7.8,Same-Day,2025-11-19 18:00:00,0.01,155.6,242.6,87.0,Moderate Delay
1311,Bangalore,Ahmedabad,755.7,Cloudy,20.4,0.8,Severe,Rural Road,7.3,Standard,2025-09-03 08:00:00,0.08,1007.6,1099.9,92.3,Moderate Delay
1312,Raipur,Bangalore,382.1,Heavy Rain,15.0,75.9,Medium,City Road,49.3,Standard,2025-10-19 21:00:00,0.03,509.5,578.6,69.1,Moderate Delay
1313,Bangalore,Hyderabad,923.9,Clear,19.5,0.0,High,City Road,17.9,Standard,2025-07-21 12:00:00,0.06,1231.9,1340.8,108.9,Moderate Delay
1314,Delhi,Chennai,169.8,Clear,26.2,0.0,Severe,City Road,49.5,Express,2025-11-27 18:00:00,0.46,226.4,382.3,155.9,Moderate Delay
1315,Delhi,Jaipur,1055.9,Cloudy,42.3,4.1,Low,Highway,42.3,Express,2025-07-16 06:00:00,0.4,1407.9,1452.1,44.2,Slight Delay
1316,Delhi,Mumbai,1676.3,Fog,38.5,0.0,Low,City Road,32.4,Standard,2025-02-12 14:00:00,0.22,2235.1,2317.4,82.3,Moderate Delay
1317,Bangalore,Mumbai,1018.1,Clear,28.4,0.0,Low,Rural Road,46.4,Same-Day,2025-02-13 12:00:00,0.02,1357.5,1379.5,22.0,Slight Delay
1318,Bangalore,Ahmedabad,77.5,Storm,11.4,51.0,Severe,City Road,40.4,Express,2025-06-19 21:00:00,0.26,103.3,319.5,216.2,Severe Delay
1319,Bangalore,Kolkata,1264.0,Clear,35.7,0.0,High,Highway,31.2,Standard,2025-01-23 09:00:00,0.58,1685.3,1799.9,114.6,Moderate Delay
1320,Ahmedabad,Kolkata,1419.7,Clear,11.4,0.0,Severe,City Road,27.6,Standard,2025-04-25 06:00:00,0.05,1892.9,2043.2,150.3,Moderate Delay
1321,Chennai,Raipur,720.0,Heavy Rain,35.2,38.2,Medium,Rural Road,32.9,Same-Day,2025-05-27 13:00:00,0.2,960.0,1054.5,94.5,Moderate Delay
1322,Pune,Delhi,1003.3,Heavy Rain,29.0,76.7,Medium,Highway,44.4,Standard,2025-02-22 15:00:00,0.1,1337.7,1420.6,82.9,Moderate Delay
1323,Hyderabad,Delhi,246.4,Storm,35.9,62.8,High,Highway,48.5,Express,2025-02-13 07:00:00,0.46,328.5,440.0,111.5,Moderate Delay
1324,Jaipur,Bangalore,445.4,Cloudy,41.1,5.0,Severe,Rural Road,4.8,Same-Day,2025-04-03 19:00:00,0.52,593.9,733.8,139.9,Moderate Delay
1325,Bangalore,Hyderabad,441.4,Storm,12.8,47.1,High,Rural Road,1.2,Standard,2025-05-19 21:00:00,0.25,588.5,719.8,131.3,Moderate Delay
1326,Hyderabad,Kolkata,1497.6,Fog,17.7,0.0,Low,Highway,4.1,Standard,2025-12-02 10:00:00,0.43,1996.8,2070.9,74.1,Moderate Delay
1327,Hyderabad,Bangalore,1502.1,Heavy Rain,41.6,8.7,Severe,Mixed,26.4,Standard,2025-02-27 19:00:00,0.02,2002.8,2196.7,193.9,Severe Delay
1328,Kolkata,Bangalore,800.5,Clear,16.0,0.0,High,City Road,25.0,Standard,2025-07-17 17:00:00,0.28,1067.3,1171.9,104.6,Moderate Delay
1329,Hyderabad,Ahmedabad,433.2,Heavy Rain,27.4,31.1,Severe,Mixed,20.3,Same-Day,2025-11-22 16:00:00,0.22,577.6,745.0,167.4,Moderate Delay
1330,Bangalore,Kolkata,319.3,Heavy Rain,31.4,23.0,Severe,Mixed,43.4,Same-Day,2025-10-01 21:00:00,0.2,425.7,564.2,138.5,Moderate Delay
1331,Ahmedabad,Jaipur,720.2,Cloudy,28.4,3.0,Severe,Highway,28.6,Same-Day,2025-08-04 22:00:00,0.39,960.3,1053.6,93.3,Moderate Delay
1332,Jaipur,Chennai,1076.0,Fog,33.1,0.0,Low,City Road,2.6,Express,2025-01-02 12:00:00,0.43,1434.7,1487.0,52.3,Slight Delay
1333,Mumbai,Pune,1970.4,Storm,41.1,62.8,Severe,City Road,20.9,Standard,2025-01-31 17:00:00,0.11,2627.2,2860.4,233.2,Severe Delay
1334,Hyderabad,Bangalore,298.6,Rain,17.7,41.1,Severe,City Road,2.6,Same-Day,2025-08-04 13:00:00,0.28,398.1,542.4,144.3,Moderate Delay
1335,Chennai,Kolkata,1190.2,Clear,13.1,0.0,Medium,Highway,36.8,Same-Day,2025-12-27 10:00:00,0.6,1586.9,1672.3,85.4,Moderate Delay
1336,Pune,Mumbai,558.0,Fog,36.9,0.0,Severe,Rural Road,42.7,Standard,2025-12-26 09:00:00,0.47,744.0,919.6,175.6,Moderate Delay
1337,Jaipur,Delhi,1360.8,Heavy Rain,34.4,45.2,Medium,Highway,44.3,Standard,2025-07-07 10:00:00,0.15,1814.4,1927.6,113.2,Moderate Delay
1338,Delhi,Kolkata,939.5,Clear,28.1,0.0,Low,Mixed,17.0,Standard,2025-04-04 21:00:00,0.17,1252.7,1293.2,40.5,Slight Delay
1339,Bangalore,Jaipur,1394.2,Fog,31.1,0.0,High,Mixed,9.6,Express,2025-06-22 20:00:00,0.16,1858.9,1985.1,126.2,Moderate Delay
1340,Mumbai,Hyderabad,1578.2,Clear,21.7,0.0,Medium,Highway,44.1,Same-Day,2025-01-17 11:00:00,0.37,2104.3,2175.7,71.4,Moderate Delay
1341,Ahmedabad,Bangalore,1401.0,Clear,26.7,0.0,Severe,Mixed,41.9,Same-Day,2025-08-21 14:00:00,0.41,1868.0,2010.9,142.9,Moderate Delay
1342,Jaipur,Ahmedabad,291.5,Rain,28.8,15.9,Medium,Mixed,27.9,Standard,2025-05-20 08:00:00,0.39,388.7,448.3,59.6,Slight Delay
1343,Ahmedabad,Pune,358.1,Cloudy,11.3,0.9,Medium,Mixed,38.4,Same-Day,2025-01-29 13:00:00,0.24,477.5,508.1,30.6,Slight Delay
1344,Pune,Bangalore,704.0,Fog,36.6,0.0,Low,Mixed,47.7,Express,2025-06-10 18:00:00,0.22,938.7,1011.6,72.9,Moderate Delay
1345,Pune,Bangalore,619.0,Clear,14.6,0.0,High,Mixed,19.5,Standard,2025-05-19 09:00:00,0.12,825.3,905.0,79.7,Moderate Delay
1346,Delhi,Bangalore,1096.5,Rain,26.5,25.2,High,Highway,3.3,Standard,2025-05-25 11:00:00,0.25,1462.0,1558.7,96.7,Moderate Delay
1347,Ahmedabad,Delhi,1866.6,Clear,41.3,0.0,Medium,Highway,9.9,Express,2025-04-07 12:00:00,0.21,2488.8,2543.6,54.8,Slight Delay
1348,Mumbai,Kolkata,1050.3,Rain,42.6,74.9,Low,Highway,48.5,Same-Day,2025-09-05 07:00:00,0.08,1400.4,1431.0,30.6,Slight Delay
1349,Mumbai,Pune,1778.4,Clear,40.4,0.0,High,Highway,18.2,Express,2025-05-25 18:00:00,0.53,2371.2,2486.8,115.6,Moderate Delay
1350,Ahmedabad,Chennai,229.1,Rain,44.7,23.3,Severe,Rural Road,10.3,Standard,2025-12-26 09:00:00,0.32,305.5,428.2,122.7,Moderate Delay
1351,Hyderabad,Raipur,1453.0,Fog,10.9,0.0,Low,City Road,28.7,Standard,2025-10-28 18:00:00,0.53,1937.3,2038.2,100.9,Moderate Delay
1352,Raipur,Mumbai,1038.1,Rain,39.3,60.4,Medium,City Road,13.6,Same-Day,2025-08-26 08:00:00,0.01,1384.1,1478.9,94.8,Moderate Delay
1353,Delhi,Kolkata,1168.5,Cloudy,25.6,3.9,Medium,City Road,37.1,Same-Day,2025-09-22 22:00:00,0.32,1558.0,1621.2,63.2,Moderate Delay
1354,Hyderabad,Ahmedabad,1677.1,Cloudy,20.1,0.9,High,Rural Road,20.6,Express,2025-11-16 19:00:00,0.44,2236.1,2346.9,110.8,Moderate Delay
1355,Mumbai,Raipur,1124.3,Cloudy,20.2,4.1,Medium,Highway,33.8,Standard,2025-10-18 21:00:00,0.58,1499.1,1554.1,55.0,Slight Delay
1356,Delhi,Mumbai,738.2,Cloudy,10.6,2.6,High,Highway,17.1,Express,2025-02-18 20:00:00,0.0,984.3,1007.9,23.6,Slight Delay
1357,Hyderabad,Bangalore,1391.0,Rain,32.1,65.3,Medium,Highway,22.9,Express,2025-10-23 17:00:00,0.31,1854.7,1924.2,69.5,Moderate Delay
1358,Hyderabad,Delhi,690.4,Clear,17.8,0.0,Medium,Mixed,18.3,Express,2025-08-31 14:00:00,0.14,920.5,974.7,54.2,Slight Delay
1359,Raipur,Bangalore,1195.8,Clear,24.0,0.0,Severe,Highway,41.9,Express,2025-05-27 18:00:00,0.44,1594.4,1722.1,127.7,Moderate Delay
1360,Pune,Bangalore,1687.9,Heavy Rain,20.0,48.2,High,Rural Road,6.6,Express,2025-02-12 19:00:00,0.41,2250.5,2405.7,155.2,Moderate Delay
1361,Ahmedabad,Raipur,851.4,Rain,16.8,36.2,Low,Highway,19.5,Same-Day,2025-05-06 06:00:00,0.44,1135.2,1207.7,72.5,Moderate Delay
1362,Bangalore,Delhi,943.9,Rain,24.7,71.7,Severe,City Road,22.1,Same-Day,2025-07-24 08:00:00,0.05,1258.5,1402.9,144.4,Moderate Delay
1363,Chennai,Raipur,1585.7,Heavy Rain,12.6,10.1,Low,Rural Road,27.1,Express,2025-08-28 20:00:00,0.1,2114.3,2183.8,69.5,Moderate Delay
1364,Delhi,Bangalore,1621.7,Cloudy,25.8,2.5,Low,Mixed,2.1,Express,2025-04-13 18:00:00,0.04,2162.3,2201.9,39.6,Slight Delay
1365,Hyderabad,Delhi,254.3,Rain,37.3,32.3,High,Mixed,36.9,Standard,2025-12-26 21:00:00,0.31,339.1,450.1,111.0,Moderate Delay
1366,Delhi,Hyderabad,926.7,Heavy Rain,14.5,37.5,Low,City Road,6.8,Express,2025-03-16 12:00:00,0.3,1235.6,1340.8,105.2,Moderate Delay
1367,Hyderabad,Mumbai,1681.0,Storm,22.8,62.1,Severe,Highway,24.5,Express,2025-08-09 21:00:00,0.12,2241.3,2400.1,158.8,Moderate Delay
1368,Chennai,Mumbai,615.3,Cloudy,30.0,0.7,Low,Mixed,39.3,Express,2025-05-10 11:00:00,0.2,820.4,841.4,21.0,Slight Delay
1369,Delhi,Chennai,789.0,Clear,27.6,0.0,High,Mixed,38.6,Standard,2025-06-02 20:00:00,0.53,1052.0,1159.4,107.4,Moderate Delay
1370,Pune,Jaipur,1999.6,Cloudy,27.3,1.0,High,City Road,8.6,Standard,2025-02-17 19:00:00,0.03,2666.1,2763.9,97.8,Moderate Delay
1371,Hyderabad,Kolkata,533.0,Cloudy,22.0,5.0,Medium,Rural Road,19.0,Express,2025-09-04 21:00:00,0.46,710.7,796.7,86.0,Moderate Delay
1372,Ahmedabad,Bangalore,490.2,Fog,24.0,0.0,Severe,Rural Road,38.0,Same-Day,2025-10-20 18:00:00,0.39,653.6,780.3,126.7,Moderate Delay
1373,Mumbai,Jaipur,1498.6,Storm,29.7,11.2,Medium,Highway,9.7,Same-Day,2025-12-08 10:00:00,0.13,1998.1,2100.0,101.9,Moderate Delay
1374,Hyderabad,Pune,1700.5,Clear,27.9,0.0,Medium,Mixed,35.5,Standard,2025-09-13 16:00:00,0.12,2267.3,2320.3,53.0,Slight Delay
1375,Delhi,Raipur,217.9,Rain,40.8,27.8,Low,Mixed,32.9,Standard,2025-11-21 20:00:00,0.29,290.5,360.9,70.4,Moderate Delay
1376,Jaipur,Delhi,780.1,Clear,26.5,0.0,Medium,City Road,43.5,Express,2025-12-23 11:00:00,0.25,1040.1,1102.1,62.0,Moderate Delay
1377,Jaipur,Pune,1173.5,Cloudy,15.0,2.2,High,City Road,18.1,Standard,2025-12-14 06:00:00,0.3,1564.7,1676.4,111.7,Moderate Delay
1378,Hyderabad,Pune,1348.0,Clear,18.3,0.0,High,Rural Road,22.2,Same-Day,2025-03-05 21:00:00,0.01,1797.3,1851.3,54.0,Slight Delay
1379,Raipur,Pune,77.5,Heavy Rain,31.6,15.6,High,Rural Road,47.3,Same-Day,2025-08-07 22:00:00,0.56,103.3,219.8,116.5,Moderate Delay
1380,Hyderabad,Delhi,172.2,Cloudy,23.8,3.3,Severe,Mixed,23.8,Express,2025-04-01 11:00:00,0.23,229.6,313.6,84.0,Moderate Delay
1381,Ahmedabad,Pune,1198.8,Heavy Rain,22.0,21.9,High,Mixed,32.2,Same-Day,2025-05-26 09:00:00,0.27,1598.4,1712.4,114.0,Moderate Delay
1382,Delhi,Bangalore,389.1,Clear,29.6,0.0,Low,Mixed,43.4,Standard,2025-09-12 09:00:00,0.53,518.8,574.0,55.2,Slight Delay
1383,Raipur,Jaipur,1493.6,Storm,41.6,5.6,Low,Rural Road,11.2,Express,2025-04-19 13:00:00,0.5,1991.5,2139.7,148.2,Moderate Delay
1384,Raipur,Jaipur,1226.9,Heavy Rain,16.7,25.5,Low,City Road,32.2,Express,2025-03-05 17:00:00,0.28,1635.9,1757.5,121.6,Moderate Delay
1385,Raipur,Pune,77.4,Fog,37.0,0.0,Severe,Highway,6.0,Express,2025-04-25 22:00:00,0.02,103.2,190.3,87.1,Moderate Delay
1386,Kolkata,Hyderabad,1403.9,Fog,45.0,0.0,High,Rural Road,35.7,Express,2025-12-11 13:00:00,0.46,1871.9,2047.0,175.1,Moderate Delay
1387,Mumbai,Raipur,437.7,Clear,27.6,0.0,Low,Highway,34.2,Standard,2025-07-11 22:00:00,0.15,583.6,597.1,13.5,On Time
1388,Jaipur,Hyderabad,611.2,Rain,15.6,8.6,Medium,Mixed,10.2,Standard,2025-10-12 18:00:00,0.35,814.9,860.3,45.4,Slight Delay
1389,Chennai,Raipur,1904.0,Clear,35.0,0.0,Severe,City Road,16.7,Same-Day,2025-07-19 11:00:00,0.17,2538.7,2639.8,101.1,Moderate Delay
1390,Pune,Hyderabad,1353.6,Storm,24.8,43.3,Medium,Mixed,11.1,Standard,2025-02-20 10:00:00,0.33,1804.8,1949.8,145.0,Moderate Delay
1391,Ahmedabad,Delhi,769.8,Fog,38.6,0.0,Severe,Rural Road,45.7,Same-Day,2025-03-23 16:00:00,0.12,1026.4,1143.1,116.7,Moderate Delay
1392,Chennai,Delhi,1595.2,Clear,36.7,0.0,Low,Mixed,7.1,Standard,2025-11-18 10:00:00,0.05,2126.9,2156.9,30.0,Slight Delay
1393,Mumbai,Jaipur,1088.1,Clear,40.1,0.0,Severe,Highway,5.3,Same-Day,2025-03-08 20:00:00,0.14,1450.8,1579.0,128.2,Moderate Delay
1394,Hyderabad,Bangalore,1663.2,Cloudy,41.2,0.9,Medium,Rural Road,31.2,Standard,2025-10-02 13:00:00,0.55,2217.6,2303.8,86.2,Moderate Delay
1395,Pune,Kolkata,888.5,Fog,10.6,0.0,Low,Rural Road,49.7,Standard,2025-03-15 06:00:00,0.33,1184.7,1272.3,87.6,Moderate Delay
1396,Jaipur,Delhi,557.6,Clear,11.2,0.0,Severe,Highway,26.1,Standard,2025-03-14 15:00:00,0.12,743.5,843.0,99.5,Moderate Delay
1397,Kolkata,Bangalore,1604.3,Clear,32.5,0.0,Low,Mixed,33.6,Express,2025-04-17 18:00:00,0.5,2139.1,2177.5,38.4,Slight Delay
1398,Delhi,Ahmedabad,178.2,Clear,10.0,0.0,Severe,Highway,30.6,Express,2025-11-17 08:00:00,0.22,237.6,330.9,93.3,Moderate Delay
1399,Chennai,Raipur,725.2,Heavy Rain,43.7,75.2,High,Mixed,42.5,Standard,2025-04-03 15:00:00,0.55,966.9,1136.3,169.4,Moderate Delay
1400,Mumbai,Chennai,1401.3,Fog,34.2,0.0,Low,Highway,16.6,Express,2025-06-27 21:00:00,0.47,1868.4,1963.0,94.6,Moderate Delay
1401,Jaipur,Ahmedabad,968.1,Clear,18.0,0.0,Medium,Rural Road,19.4,Standard,2025-04-09 06:00:00,0.39,1290.8,1368.5,77.7,Moderate Delay
1402,Ahmedabad,Mumbai,62.8,Storm,18.2,61.8,Medium,City Road,29.5,Express,2025-02-28 12:00:00,0.47,83.7,222.0,138.3,Moderate Delay
1403,Mumbai,Pune,1295.7,Cloudy,15.9,4.9,Medium,Highway,24.7,Same-Day,2025-12-21 10:00:00,0.03,1727.6,1760.6,33.0,Slight Delay
1404,Kolkata,Hyderabad,1417.7,Heavy Rain,23.8,25.5,Medium,Highway,0.7,Express,2025-12-29 15:00:00,0.43,1890.3,2002.4,112.1,Moderate Delay
1405,Raipur,Ahmedabad,44.0,Heavy Rain,27.1,53.3,Severe,City Road,46.0,Express,2025-03-30 12:00:00,0.23,58.7,226.3,167.6,Moderate Delay
1406,Kolkata,Raipur,28.0,Clear,24.1,0.0,High,City Road,9.7,Standard,2025-09-07 19:00:00,0.37,37.3,133.1,95.8,Moderate Delay
1407,Raipur,Pune,1446.2,Storm,39.0,20.0,High,Rural Road,44.5,Same-Day,2025-02-25 18:00:00,0.19,1928.3,2074.6,146.3,Moderate Delay
1408,Pune,Chennai,1797.7,Storm,15.2,66.9,High,Rural Road,14.9,Same-Day,2025-02-02 20:00:00,0.49,2396.9,2587.2,190.3,Severe Delay
1409,Bangalore,Mumbai,1375.2,Storm,31.8,16.5,High,Mixed,42.3,Express,2025-11-06 22:00:00,0.12,1833.6,2000.5,166.9,Moderate Delay
1410,Hyderabad,Raipur,1122.5,Clear,40.9,0.0,Low,City Road,15.7,Express,2025-08-08 11:00:00,0.42,1496.7,1545.8,49.1,Slight Delay
1411,Hyderabad,Chennai,657.8,Clear,34.0,0.0,Medium,Rural Road,11.2,Express,2025-03-16 16:00:00,0.43,877.1,954.4,77.3,Moderate Delay
1412,Delhi,Mumbai,1958.6,Rain,30.8,59.4,Low,Rural Road,22.5,Standard,2025-08-27 16:00:00,0.04,2611.5,2660.7,49.2,Slight Delay
1413,Chennai,Jaipur,332.1,Clear,28.0,0.0,Severe,Rural Road,30.1,Same-Day,2025-04-19 22:00:00,0.27,442.8,529.5,86.7,Moderate Delay
1414,Chennai,Delhi,1977.5,Storm,27.5,19.6,High,Highway,24.1,Same-Day,2025-11-27 19:00:00,0.52,2636.7,2792.4,155.7,Moderate Delay
1415,Pune,Hyderabad,750.4,Rain,20.3,67.1,Medium,City Road,32.1,Standard,2025-09-10 21:00:00,0.54,1000.5,1106.3,105.8,Moderate Delay
1416,Mumbai,Hyderabad,1027.0,Heavy Rain,12.9,60.2,Low,Highway,27.6,Express,2025-03-29 16:00:00,0.57,1369.3,1467.2,97.9,Moderate Delay
1417,Jaipur,Pune,1450.2,Cloudy,38.5,4.3,Low,Rural Road,4.3,Standard,2025-11-26 06:00:00,0.21,1933.6,2005.6,72.0,Moderate Delay
1418,Raipur,Kolkata,827.0,Cloudy,10.9,0.3,Severe,Highway,42.9,Same-Day,2025-09-28 07:00:00,0.58,1102.7,1233.4,130.7,Moderate Delay
1419,Hyderabad,Mumbai,1536.4,Clear,23.3,0.0,Severe,Highway,24.2,Express,2025-06-04 14:00:00,0.11,2048.5,2174.4,125.9,Moderate Delay
1420,Hyderabad,Pune,1226.1,Heavy Rain,10.2,79.2,Low,Rural Road,18.5,Express,2025-11-10 07:00:00,0.51,1634.8,1732.3,97.5,Moderate Delay
1421,Pune,Kolkata,1038.8,Fog,13.1,0.0,Severe,Mixed,33.0,Same-Day,2025-03-04 17:00:00,0.55,1385.1,1556.9,171.8,Moderate Delay
1422,Jaipur,Delhi,843.3,Clear,20.5,0.0,Medium,Highway,2.9,Standard,2025-03-13 09:00:00,0.45,1124.4,1176.1,51.7,Slight Delay
1423,Hyderabad,Raipur,1621.3,Cloudy,27.2,1.5,Medium,Highway,5.5,Standard,2025-07-08 06:00:00,0.04,2161.7,2233.3,71.6,Moderate Delay
1424,Mumbai,Hyderabad,454.4,Clear,37.9,0.0,Low,Highway,11.1,Express,2025-02-08 14:00:00,0.16,605.9,625.0,19.1,Slight Delay
1425,Hyderabad,Raipur,1750.3,Rain,30.0,70.9,Medium,City Road,10.2,Same-Day,2025-08-24 09:00:00,0.1,2333.7,2432.6,98.9,Moderate Delay
1426,Bangalore,Pune,428.6,Cloudy,29.3,0.6,Severe,Mixed,14.8,Same-Day,2025-03-04 22:00:00,0.12,571.5,658.7,87.2,Moderate Delay
1427,Ahmedabad,Chennai,1422.6,Storm,33.1,13.6,Severe,Mixed,14.9,Express,2025-06-14 21:00:00,0.08,1896.8,2120.2,223.4,Severe Delay
1428,Chennai,Delhi,543.9,Rain,17.4,63.8,High,Highway,34.5,Express,2025-10-13 13:00:00,0.41,725.2,815.8,90.6,Moderate Delay
1429,Chennai,Delhi,1745.8,Clear,20.8,0.0,Severe,Highway,27.5,Standard,2025-01-07 12:00:00,0.42,2327.7,2481.6,153.9,Moderate Delay
1430,Raipur,Pune,661.4,Cloudy,31.3,4.4,Severe,Highway,44.2,Express,2025-04-17 22:00:00,0.07,881.9,996.6,114.7,Moderate Delay
1431,Ahmedabad,Hyderabad,71.6,Rain,29.8,12.2,Severe,City Road,41.8,Same-Day,2025-02-24 10:00:00,0.45,95.5,222.9,127.4,Moderate Delay
1432,Chennai,Pune,303.7,Heavy Rain,10.9,22.8,Severe,City Road,38.8,Express,2025-04-07 08:00:00,0.14,404.9,558.3,153.4,Moderate Delay
1433,Kolkata,Raipur,765.2,Cloudy,20.5,0.5,High,Highway,24.7,Standard,2025-08-25 09:00:00,0.23,1020.3,1098.6,78.3,Moderate Delay
1434,Delhi,Kolkata,1376.4,Clear,16.9,0.0,Severe,City Road,41.1,Express,2025-01-15 21:00:00,0.55,1835.2,1982.3,147.1,Moderate Delay
1435,Ahmedabad,Raipur,1643.7,Rain,10.3,5.3,High,Highway,38.1,Same-Day,2025-02-13 17:00:00,0.46,2191.6,2323.6,132.0,Moderate Delay
1436,Pune,Chennai,1070.3,Cloudy,12.9,1.4,Severe,Mixed,26.3,Same-Day,2025-06-20 07:00:00,0.51,1427.1,1545.1,118.0,Moderate Delay
1437,Raipur,Kolkata,830.0,Rain,11.0,20.8,Low,Highway,21.9,Same-Day,2025-07-15 19:00:00,0.25,1106.7,1155.8,49.1,Slight Delay
1438,Chennai,Hyderabad,815.5,Cloudy,12.5,3.8,Severe,City Road,4.0,Same-Day,2025-05-22 22:00:00,0.55,1087.3,1213.1,125.8,Moderate Delay
1439,Jaipur,Raipur,1523.0,Storm,37.5,74.2,Severe,Highway,19.1,Same-Day,2025-01-26 13:00:00,0.3,2030.7,2211.5,180.8,Severe Delay
1440,Delhi,Kolkata,1837.2,Clear,33.3,0.0,Low,Highway,23.8,Same-Day,2025-05-17 13:00:00,0.47,2449.6,2479.1,29.5,Slight Delay
1441,Delhi,Jaipur,1655.2,Clear,21.0,0.0,High,City Road,19.5,Same-Day,2025-12-25 18:00:00,0.55,2206.9,2292.3,85.4,Moderate Delay
1442,Pune,Raipur,1112.5,Clear,12.2,0.0,Medium,Rural Road,7.2,Express,2025-04-16 11:00:00,0.11,1483.3,1526.2,42.9,Slight Delay
1443,Chennai,Pune,211.4,Fog,17.9,0.0,High,Rural Road,44.9,Same-Day,2025-01-02 09:00:00,0.59,281.9,429.0,147.1,Moderate Delay
1444,Bangalore,Jaipur,520.6,Fog,23.7,0.0,Severe,Rural Road,32.5,Same-Day,2025-05-03 11:00:00,0.26,694.1,824.2,130.1,Moderate Delay
1445,Hyderabad,Delhi,927.9,Cloudy,17.0,4.1,Medium,Rural Road,8.3,Express,2025-03-14 06:00:00,0.13,1237.2,1291.3,54.1,Slight Delay
1446,Raipur,Pune,914.2,Rain,25.2,13.4,Low,City Road,7.5,Express,2025-02-09 11:00:00,0.49,1218.9,1279.9,61.0,Moderate Delay
1447,Mumbai,Pune,1436.4,Heavy Rain,23.0,56.0,Low,Mixed,35.8,Standard,2025-08-30 09:00:00,0.56,1915.2,2030.5,115.3,Moderate Delay
1448,Mumbai,Delhi,561.2,Storm,20.4,47.1,High,City Road,13.3,Same-Day,2025-09-15 11:00:00,0.04,748.3,884.2,135.9,Moderate Delay
1449,Bangalore,Delhi,1139.8,Clear,41.6,0.0,High,Rural Road,25.0,Express,2025-09-09 17:00:00,0.56,1519.7,1624.4,104.7,Moderate Delay
1450,Ahmedabad,Kolkata,1449.4,Fog,37.1,0.0,Severe,Rural Road,7.9,Express,2025-08-23 06:00:00,0.27,1932.5,2098.5,166.0,Moderate Delay
1451,Hyderabad,Kolkata,597.0,Fog,39.8,0.0,High,Mixed,23.2,Standard,2025-05-19 22:00:00,0.01,796.0,874.5,78.5,Moderate Delay
1452,Mumbai,Chennai,1603.8,Heavy Rain,42.4,70.6,Medium,City Road,17.4,Express,2025-09-12 06:00:00,0.2,2138.4,2251.5,113.1,Moderate Delay
1453,Chennai,Raipur,352.4,Rain,10.3,10.5,Medium,Highway,11.6,Standard,2025-07-13 09:00:00,0.02,469.9,502.2,32.3,Slight Delay
1454,Kolkata,Jaipur,1033.4,Heavy Rain,42.7,7.8,Medium,Rural Road,25.3,Same-Day,2025-06-28 16:00:00,0.51,1377.9,1522.6,144.7,Moderate Delay
1455,Pune,Raipur,101.3,Rain,12.5,29.4,High,City Road,12.0,Standard,2025-10-24 22:00:00,0.16,135.1,202.6,67.5,Moderate Delay
1456,Hyderabad,Delhi,1867.4,Heavy Rain,36.4,64.2,Severe,Rural Road,5.7,Express,2025-02-26 06:00:00,0.5,2489.9,2691.9,202.0,Severe Delay
1457,Raipur,Bangalore,1782.2,Heavy Rain,42.5,22.9,Medium,Rural Road,21.5,Same-Day,2025-10-13 11:00:00,0.01,2376.3,2480.9,104.6,Moderate Delay
1458,Kolkata,Ahmedabad,1779.0,Rain,10.9,35.5,Low,Rural Road,2.1,Standard,2025-08-21 07:00:00,0.22,2372.0,2447.7,75.7,Moderate Delay
1459,Chennai,Hyderabad,1186.9,Storm,15.0,24.5,Low,Highway,27.5,Express,2025-06-06 06:00:00,0.14,1582.5,1682.1,99.6,Moderate Delay
1460,Pune,Hyderabad,319.3,Fog,38.4,0.0,Low,Highway,38.1,Express,2025-03-12 17:00:00,0.29,425.7,466.9,41.2,Slight Delay
1461,Kolkata,Jaipur,545.3,Fog,33.4,0.0,Medium,Highway,18.4,Same-Day,2025-05-19 10:00:00,0.33,727.1,786.1,59.0,Slight Delay
1462,Chennai,Raipur,1407.4,Storm,39.9,40.0,Low,Rural Road,41.8,Standard,2025-01-17 21:00:00,0.11,1876.5,2004.8,128.3,Moderate Delay
1463,Hyderabad,Chennai,1060.5,Fog,21.6,0.0,Severe,Mixed,49.0,Express,2025-02-20 14:00:00,0.19,1414.0,1578.1,164.1,Moderate Delay
1464,Kolkata,Hyderabad,35.0,Cloudy,30.0,3.6,Severe,Rural Road,37.4,Same-Day,2025-03-13 12:00:00,0.54,46.7,160.2,113.5,Moderate Delay
1465,Kolkata,Bangalore,459.7,Heavy Rain,26.5,9.6,Medium,Rural Road,26.3,Express,2025-02-13 15:00:00,0.23,612.9,694.5,81.6,Moderate Delay
1466,Jaipur,Raipur,1588.2,Storm,44.8,77.6,Medium,Mixed,24.7,Express,2025-02-19 10:00:00,0.42,2117.6,2255.1,137.5,Moderate Delay
1467,Ahmedabad,Raipur,1496.6,Fog,18.9,0.0,High,Rural Road,43.8,Express,2025-07-01 19:00:00,0.28,1995.5,2145.3,149.8,Moderate Delay
1468,Raipur,Pune,1177.3,Heavy Rain,23.7,13.2,Severe,Highway,44.8,Same-Day,2025-01-14 19:00:00,0.02,1569.7,1717.5,147.8,Moderate Delay
1469,Delhi,Chennai,1142.6,Storm,36.8,61.8,High,City Road,26.5,Same-Day,2025-09-20 17:00:00,0.37,1523.5,1714.4,190.9,Severe Delay
1470,Bangalore,Jaipur,738.0,Storm,14.5,14.1,High,Highway,14.4,Express,2025-03-06 18:00:00,0.03,984.0,1095.9,111.9,Moderate Delay
1471,Mumbai,Ahmedabad,550.1,Storm,30.0,77.4,Severe,Highway,43.8,Standard,2025-01-29 14:00:00,0.53,733.5,874.9,141.4,Moderate Delay
1472,Delhi,Pune,502.0,Storm,44.7,61.8,Low,Rural Road,41.9,Same-Day,2025-09-04 16:00:00,0.34,669.3,797.7,128.4,Moderate Delay
1473,Mumbai,Bangalore,1386.5,Fog,23.8,0.0,Low,City Road,44.0,Same-Day,2025-03-15 21:00:00,0.59,1848.7,1966.9,118.2,Moderate Delay
1474,Bangalore,Kolkata,54.3,Fog,37.2,0.0,Medium,Rural Road,16.8,Same-Day,2025-06-09 06:00:00,0.28,72.4,127.9,55.5,Slight Delay
1475,Raipur,Chennai,689.0,Clear,44.9,0.0,Low,Highway,41.4,Standard,2025-11-06 09:00:00,0.53,918.7,960.0,41.3,Slight Delay
1476,Ahmedabad,Delhi,766.4,Cloudy,27.7,2.6,Medium,Highway,44.5,Express,2025-01-13 22:00:00,0.23,1021.9,1086.5,64.6,Moderate Delay
1477,Raipur,Pune,132.8,Clear,17.2,0.0,Low,Rural Road,24.1,Express,2025-09-05 11:00:00,0.26,177.1,187.3,10.2,On Time
1478,Chennai,Jaipur,1574.9,Rain,34.4,31.6,Severe,Highway,44.4,Express,2025-03-16 06:00:00,0.59,2099.9,2265.7,165.8,Moderate Delay
1479,Bangalore,Chennai,618.3,Fog,12.4,0.0,Medium,City Road,13.0,Same-Day,2025-12-25 12:00:00,0.12,824.4,899.1,74.7,Moderate Delay
1480,Raipur,Ahmedabad,1975.8,Rain,25.4,53.7,High,Highway,3.0,Same-Day,2025-09-10 17:00:00,0.39,2634.4,2767.9,133.5,Moderate Delay
1481,Kolkata,Raipur,912.4,Heavy Rain,29.7,16.8,Low,Mixed,42.9,Express,2025-08-06 10:00:00,0.55,1216.5,1314.1,97.6,Moderate Delay
1482,Mumbai,Hyderabad,1298.5,Heavy Rain,29.6,8.4,Low,Mixed,46.6,Standard,2025-10-25 15:00:00,0.38,1731.3,1847.5,116.2,Moderate Delay
1483,Mumbai,Ahmedabad,1534.0,Clear,37.2,0.0,High,City Road,38.6,Express,2025-08-23 14:00:00,0.14,2045.3,2146.9,101.6,Moderate Delay
1484,Mumbai,Chennai,1936.2,Rain,13.6,42.3,Medium,Rural Road,21.7,Same-Day,2025-09-26 18:00:00,0.2,2581.6,2707.7,126.1,Moderate Delay
1485,Ahmedabad,Delhi,1722.8,Cloudy,22.6,1.6,Medium,Rural Road,26.1,Same-Day,2025-10-16 16:00:00,0.03,2297.1,2336.6,39.5,Slight Delay
1486,Raipur,Bangalore,1434.7,Rain,29.4,13.2,High,Mixed,46.6,Standard,2025-11-27 21:00:00,0.27,1912.9,2030.5,117.6,Moderate Delay
1487,Pune,Ahmedabad,1094.3,Storm,25.4,34.3,Medium,Rural Road,33.8,Standard,2025-12-24 16:00:00,0.41,1459.1,1565.1,106.0,Moderate Delay
1488,Jaipur,Hyderabad,60.1,Storm,35.2,37.9,Severe,Highway,39.4,Standard,2025-01-16 11:00:00,0.55,80.1,258.9,178.8,Moderate Delay
1489,Chennai,Delhi,1370.4,Fog,21.8,0.0,Low,Mixed,19.4,Same-Day,2025-09-01 16:00:00,0.44,1827.2,1890.8,63.6,Moderate Delay
1490,Chennai,Kolkata,1277.3,Clear,20.2,0.0,Medium,Mixed,39.7,Express,2025-02-02 07:00:00,0.48,1703.1,1792.9,89.8,Moderate Delay
1491,Jaipur,Kolkata,90.8,Clear,10.6,0.0,Low,Highway,16.4,Express,2025-07-11 06:00:00,0.12,121.1,123.0,1.9,On Time
1492,Bangalore,Pune,1319.2,Clear,24.5,0.0,Severe,Mixed,31.7,Standard,2025-11-23 12:00:00,0.23,1758.9,1894.8,135.9,Moderate Delay
1493,Chennai,Hyderabad,749.8,Heavy Rain,24.5,52.2,Severe,Rural Road,45.8,Standard,2025-04-14 11:00:00,0.02,999.7,1138.9,139.2,Moderate Delay
1494,Pune,Jaipur,1770.0,Cloudy,41.9,4.8,Low,Highway,38.8,Same-Day,2025-12-09 09:00:00,0.54,2360.0,2429.0,69.0,Moderate Delay
1495,Chennai,Mumbai,390.1,Cloudy,32.3,3.7,Low,Rural Road,46.4,Express,2025-10-18 08:00:00,0.39,520.1,572.2,52.1,Slight Delay
1496,Hyderabad,Bangalore,703.1,Fog,28.3,0.0,Severe,City Road,18.3,Standard,2025-10-20 21:00:00,0.01,937.5,1071.9,134.4,Moderate Delay
1497,Ahmedabad,Hyderabad,1918.8,Rain,28.0,78.7,Medium,Highway,3.4,Express,2025-08-07 18:00:00,0.35,2558.4,2646.6,88.2,Moderate Delay
1498,Delhi,Bangalore,792.8,Cloudy,32.9,1.3,High,Highway,21.9,Standard,2025-09-13 13:00:00,0.03,1057.1,1124.0,66.9,Moderate Delay
1499,Mumbai,Jaipur,419.8,Rain,15.4,41.1,Low,City Road,26.7,Express,2025-05-09 18:00:00,0.57,559.7,633.7,74.0,Moderate Delay
1500,Hyderabad,Delhi,54.8,Cloudy,18.8,1.5,High,Highway,31.0,Same-Day,2025-10-22 13:00:00,0.1,73.1,125.4,52.3,Slight Delay
1501,Ahmedabad,Jaipur,1902.9,Rain,30.4,64.7,Severe,Highway,21.8,Same-Day,2025-12-24 09:00:00,0.27,2537.2,2690.6,153.4,Moderate Delay
1502,Jaipur,Raipur,1311.0,Rain,34.8,63.4,Low,Highway,28.4,Express,2025-08-04 14:00:00,0.24,1748.0,1814.3,66.3,Moderate Delay
1503,Chennai,Pune,530.4,Clear,18.6,0.0,Medium,City Road,35.9,Same-Day,2025-06-18 07:00:00,0.31,707.2,772.0,64.8,Moderate Delay
1504,Chennai,Ahmedabad,1615.7,Clear,19.1,0.0,Low,Rural Road,15.4,Standard,2025-08-02 08:00:00,0.4,2154.3,2211.3,57.0,Slight Delay
1505,Ahmedabad,Raipur,524.5,Cloudy,15.5,3.5,High,Highway,5.1,Standard,2025-01-19 21:00:00,0.56,699.3,800.5,101.2,Moderate Delay
1506,Ahmedabad,Chennai,1354.3,Fog,11.5,0.0,High,Mixed,42.0,Express,2025-06-05 13:00:00,0.1,1805.7,1913.8,108.1,Moderate Delay
1507,Mumbai,Delhi,1464.3,Clear,18.3,0.0,Medium,Mixed,17.5,Same-Day,2025-12-17 06:00:00,0.34,1952.4,1992.0,39.6,Slight Delay
1508,Ahmedabad,Raipur,1094.5,Clear,23.0,0.0,Severe,Mixed,39.6,Same-Day,2025-03-06 19:00:00,0.02,1459.3,1549.7,90.4,Moderate Delay
1509,Pune,Jaipur,1974.0,Cloudy,20.6,0.2,Low,Mixed,8.7,Standard,2025-11-12 17:00:00,0.24,2632.0,2694.6,62.6,Moderate Delay
1510,Hyderabad,Chennai,618.1,Rain,35.0,50.9,Severe,Highway,21.6,Standard,2025-04-29 08:00:00,0.14,824.1,937.5,113.4,Moderate Delay
1511,Jaipur,Mumbai,1761.9,Cloudy,25.4,3.1,Severe,Highway,24.8,Standard,2025-05-08 07:00:00,0.52,2349.2,2500.6,151.4,Moderate Delay
1512,Delhi,Mumbai,1675.0,Cloudy,29.1,2.8,Severe,City Road,31.8,Express,2025-01-23 16:00:00,0.26,2233.3,2374.4,141.1,Moderate Delay
1513,Hyderabad,Chennai,646.3,Rain,15.6,35.7,Medium,Mixed,33.2,Express,2025-12-03 09:00:00,0.38,861.7,934.5,72.8,Moderate Delay
1514,Delhi,Bangalore,1309.9,Rain,28.1,79.4,Medium,Mixed,3.2,Same-Day,2025-07-02 13:00:00,0.29,1746.5,1831.3,84.8,Moderate Delay
1515,Raipur,Kolkata,1894.6,Rain,21.8,53.0,High,City Road,26.9,Same-Day,2025-05-17 16:00:00,0.49,2526.1,2689.7,163.6,Moderate Delay
1516,Ahmedabad,Jaipur,1993.1,Clear,20.5,0.0,Low,Rural Road,16.6,Express,2025-12-28 21:00:00,0.11,2657.5,2736.5,79.0,Moderate Delay
1517,Kolkata,Delhi,1704.0,Cloudy,11.7,2.5,Medium,City Road,35.1,Express,2025-10-11 12:00:00,0.33,2272.0,2354.6,82.6,Moderate Delay
1518,Delhi,Pune,1614.4,Fog,32.9,0.0,Medium,Highway,22.1,Standard,2025-12-24 20:00:00,0.39,2152.5,2238.2,85.7,Moderate Delay
1519,Raipur,Delhi,817.9,Clear,35.3,0.0,Severe,Highway,34.4,Express,2025-05-23 18:00:00,0.58,1090.5,1195.5,105.0,Moderate Delay
1520,Kolkata,Delhi,1061.3,Clear,18.1,0.0,High,Mixed,2.9,Express,2025-01-10 18:00:00,0.34,1415.1,1495.9,80.8,Moderate Delay
1521,Pune,Ahmedabad,1170.7,Clear,38.5,0.0,Medium,City Road,21.4,Express,2025-04-05 19:00:00,0.54,1560.9,1648.0,87.1,Moderate Delay
1522,Ahmedabad,Mumbai,1220.1,Fog,27.1,0.0,High,Highway,5.3,Same-Day,2025-06-28 06:00:00,0.24,1626.8,1730.2,103.4,Moderate Delay
1523,Jaipur,Hyderabad,1303.9,Rain,20.1,68.4,Medium,Highway,24.9,Express,2025-11-15 19:00:00,0.3,1738.5,1815.9,77.4,Moderate Delay
1524,Pune,Mumbai,1745.3,Clear,27.9,0.0,Severe,Rural Road,28.5,Same-Day,2025-08-26 19:00:00,0.0,2327.1,2412.7,85.6,Moderate Delay
1525,Jaipur,Ahmedabad,1293.8,Rain,18.0,16.8,Medium,Mixed,31.6,Express,2025-05-02 10:00:00,0.54,1725.1,1842.9,117.8,Moderate Delay
1526,Mumbai,Hyderabad,858.1,Fog,31.6,0.0,High,Highway,17.4,Standard,2025-10-05 15:00:00,0.02,1144.1,1248.3,104.2,Moderate Delay
1527,Hyderabad,Raipur,552.4,Clear,18.5,0.0,High,Rural Road,15.2,Express,2025-12-04 14:00:00,0.35,736.5,829.3,92.8,Moderate Delay
1528,Jaipur,Mumbai,1334.3,Clear,33.9,0.0,High,Rural Road,24.3,Express,2025-04-02 20:00:00,0.4,1779.1,1870.9,91.8,Moderate Delay
1529,Raipur,Mumbai,1484.0,Heavy Rain,12.7,74.1,Low,Mixed,48.7,Standard,2025-07-03 21:00:00,0.36,1978.7,2083.6,104.9,Moderate Delay
1530,Ahmedabad,Chennai,609.4,Heavy Rain,25.4,28.6,Low,Highway,19.0,Express,2025-11-09 16:00:00,0.37,812.5,870.6,58.1,Slight Delay
1531,Delhi,Ahmedabad,1583.0,Cloudy,28.7,2.9,High,Rural Road,3.1,Express,2025-09-11 10:00:00,0.15,2110.7,2221.0,110.3,Moderate Delay
1532,Chennai,Bangalore,1043.4,Cloudy,41.7,3.9,Low,City Road,45.5,Standard,2025-12-02 07:00:00,0.13,1391.2,1456.5,65.3,Moderate Delay
1533,Bangalore,Jaipur,1620.1,Heavy Rain,31.4,19.5,High,Highway,23.9,Same-Day,2025-04-27 07:00:00,0.41,2160.1,2295.9,135.8,Moderate Delay
1534,Kolkata,Hyderabad,1611.1,Clear,17.5,0.0,High,Highway,26.6,Same-Day,2025-05-01 17:00:00,0.14,2148.1,2221.1,73.0,Moderate Delay
1535,Delhi,Bangalore,1456.3,Storm,29.2,33.8,Severe,Highway,32.6,Same-Day,2025-02-09 13:00:00,0.54,1941.7,2074.5,132.8,Moderate Delay
1536,Chennai,Pune,1185.1,Storm,22.7,51.0,High,Mixed,44.0,Standard,2025-11-25 19:00:00,0.57,1580.1,1741.5,161.4,Moderate Delay
1537,Kolkata,Bangalore,311.4,Clear,15.0,0.0,High,Rural Road,8.8,Express,2025-07-28 17:00:00,0.03,415.2,484.7,69.5,Moderate Delay
1538,Raipur,Kolkata,1452.1,Storm,12.5,56.1,Low,City Road,34.5,Express,2025-01-23 15:00:00,0.54,1936.1,2051.5,115.4,Moderate Delay
1539,Bangalore,Mumbai,1053.3,Clear,38.6,0.0,Medium,Rural Road,10.7,Same-Day,2025-09-18 17:00:00,0.32,1404.4,1476.1,71.7,Moderate Delay
1540,Chennai,Raipur,77.4,Storm,30.1,67.9,Low,City Road,36.3,Express,2025-11-29 08:00:00,0.08,103.2,207.4,104.2,Moderate Delay
1541,Delhi,Kolkata,1703.9,Storm,38.9,60.9,Severe,Highway,31.9,Same-Day,2025-01-27 21:00:00,0.41,2271.9,2497.1,225.2,Severe Delay
1542,Ahmedabad,Jaipur,1987.9,Heavy Rain,34.1,7.6,High,Rural Road,41.4,Standard,2025-10-22 15:00:00,0.17,2650.5,2789.1,138.6,Moderate Delay
1543,Chennai,Pune,1274.0,Cloudy,38.5,1.5,High,City Road,11.1,Express,2025-06-11 09:00:00,0.4,1698.7,1814.3,115.6,Moderate Delay
1544,Chennai,Ahmedabad,876.6,Fog,18.0,0.0,Severe,Rural Road,13.1,Standard,2025-06-30 22:00:00,0.3,1168.8,1349.1,180.3,Severe Delay
1545,Delhi,Pune,1946.0,Fog,29.6,0.0,Severe,City Road,13.1,Express,2025-08-03 13:00:00,0.14,2594.7,2773.4,178.7,Moderate Delay
1546,Jaipur,Bangalore,736.9,Storm,42.7,69.7,Medium,Mixed,14.6,Same-Day,2025-10-27 10:00:00,0.09,982.5,1093.4,110.9,Moderate Delay
1547,Jaipur,Kolkata,143.2,Rain,41.4,7.8,High,Rural Road,47.7,Standard,2025-02-11 19:00:00,0.4,190.9,288.5,97.6,Moderate Delay
1548,Pune,Jaipur,1648.7,Cloudy,33.2,0.8,Severe,City Road,36.8,Standard,2025-08-21 06:00:00,0.44,2198.3,2358.5,160.2,Moderate Delay
1549,Bangalore,Delhi,1595.0,Heavy Rain,31.8,28.6,High,Mixed,8.6,Same-Day,2025-02-21 10:00:00,0.02,2126.7,2243.5,116.8,Moderate Delay
1550,Mumbai,Raipur,90.7,Clear,22.8,0.0,Medium,Highway,24.2,Standard,2025-09-21 22:00:00,0.11,120.9,147.0,26.1,Slight Delay
1551,Pune,Raipur,1917.4,Rain,12.9,53.3,Medium,Mixed,48.6,Same-Day,2025-10-13 13:00:00,0.59,2556.5,2703.4,146.9,Moderate Delay
1552,Kolkata,Delhi,1485.1,Rain,33.2,67.0,High,Highway,34.4,Same-Day,2025-01-24 08:00:00,0.32,1980.1,2087.0,106.9,Moderate Delay
1553,Hyderabad,Ahmedabad,1399.5,Heavy Rain,42.8,17.4,Severe,Mixed,32.6,Express,2025-09-02 10:00:00,0.15,1866.0,2021.9,155.9,Moderate Delay
1554,Bangalore,Jaipur,1782.1,Clear,43.8,0.0,Medium,Highway,4.0,Same-Day,2025-10-31 17:00:00,0.28,2376.1,2414.2,38.1,Slight Delay
1555,Raipur,Pune,1329.2,Rain,34.6,15.3,Severe,City Road,40.7,Same-Day,2025-10-29 14:00:00,0.41,1772.3,1955.0,182.7,Severe Delay
1556,Delhi,Kolkata,1436.0,Rain,42.5,64.8,Severe,Rural Road,30.7,Standard,2025-10-16 22:00:00,0.07,1914.7,2068.4,153.7,Moderate Delay
1557,Ahmedabad,Jaipur,1473.3,Heavy Rain,20.0,27.3,High,Rural Road,23.7,Express,2025-06-13 11:00:00,0.01,1964.4,2107.0,142.6,Moderate Delay
1558,Bangalore,Mumbai,900.8,Fog,21.9,0.0,Medium,Mixed,42.5,Same-Day,2025-05-23 16:00:00,0.29,1201.1,1271.6,70.5,Moderate Delay
1559,Delhi,Pune,1029.3,Rain,28.3,21.1,Medium,Highway,36.1,Express,2025-05-21 21:00:00,0.05,1372.4,1418.5,46.1,Slight Delay
1560,Raipur,Chennai,423.5,Cloudy,11.1,2.6,High,Rural Road,4.7,Same-Day,2025-02-24 13:00:00,0.28,564.7,644.8,80.1,Moderate Delay
1561,Kolkata,Bangalore,1791.5,Clear,11.2,0.0,Medium,City Road,40.7,Standard,2025-11-03 07:00:00,0.34,2388.7,2517.7,129.0,Moderate Delay
1562,Ahmedabad,Jaipur,656.7,Cloudy,30.0,1.2,Low,Mixed,7.6,Standard,2025-07-09 12:00:00,0.22,875.6,924.0,48.4,Slight Delay
1563,Kolkata,Raipur,1810.8,Fog,29.9,0.0,Severe,City Road,39.1,Express,2025-06-01 09:00:00,0.48,2414.4,2589.1,174.7,Moderate Delay
1564,Delhi,Ahmedabad,681.3,Heavy Rain,11.3,67.4,Severe,Rural Road,42.6,Standard,2025-03-12 14:00:00,0.38,908.4,1082.9,174.5,Moderate Delay
1565,Delhi,Pune,1466.5,Clear,39.0,0.0,Medium,Highway,37.4,Express,2025-03-22 22:00:00,0.38,1955.3,2012.3,57.0,Slight Delay
1566,Hyderabad,Kolkata,565.8,Heavy Rain,17.7,44.6,Low,Rural Road,8.9,Standard,2025-08-10 09:00:00,0.48,754.4,828.3,73.9,Moderate Delay
1567,Ahmedabad,Hyderabad,1620.3,Cloudy,37.0,1.1,Low,Highway,31.0,Standard,2025-03-12 18:00:00,0.15,2160.4,2227.1,66.7,Moderate Delay
1568,Chennai,Kolkata,1917.9,Rain,30.9,52.7,Severe,City Road,42.5,Express,2025-04-06 21:00:00,0.4,2557.2,2720.3,163.1,Moderate Delay
1569,Kolkata,Bangalore,922.3,Cloudy,44.9,3.1,Low,City Road,39.4,Standard,2025-08-11 08:00:00,0.2,1229.7,1297.1,67.4,Moderate Delay
1570,Raipur,Jaipur,1832.1,Storm,41.4,77.8,Medium,City Road,33.5,Standard,2025-08-03 14:00:00,0.58,2442.8,2621.2,178.4,Moderate Delay
1571,Jaipur,Pune,392.3,Fog,10.1,0.0,Medium,Rural Road,36.1,Express,2025-09-29 11:00:00,0.26,523.1,590.6,67.5,Moderate Delay
1572,Kolkata,Chennai,460.2,Rain,17.5,35.7,Severe,Mixed,49.6,Same-Day,2025-07-20 17:00:00,0.0,613.6,700.4,86.8,Moderate Delay
1573,Ahmedabad,Raipur,314.3,Rain,24.2,12.7,Low,City Road,26.9,Standard,2025-05-28 19:00:00,0.06,419.1,474.8,55.7,Slight Delay
1574,Raipur,Hyderabad,1038.7,Cloudy,26.4,3.7,Severe,Highway,41.7,Standard,2025-08-26 16:00:00,0.45,1384.9,1514.0,129.1,Moderate Delay
1575,Delhi,Pune,282.3,Fog,40.2,0.0,Severe,City Road,30.9,Express,2025-09-08 19:00:00,0.21,376.4,526.6,150.2,Moderate Delay
1576,Chennai,Mumbai,1600.3,Rain,28.4,11.8,High,City Road,29.4,Express,2025-02-01 16:00:00,0.37,2133.7,2263.3,129.6,Moderate Delay
1577,Kolkata,Pune,820.4,Heavy Rain,37.2,76.5,Severe,Mixed,4.4,Express,2025-07-24 14:00:00,0.32,1093.9,1239.7,145.8,Moderate Delay
1578,Mumbai,Hyderabad,1931.7,Heavy Rain,16.3,49.6,Medium,Rural Road,21.6,Same-Day,2025-01-24 15:00:00,0.2,2575.6,2718.4,142.8,Moderate Delay
1579,Raipur,Pune,1507.3,Cloudy,36.6,1.9,Medium,City Road,37.7,Same-Day,2025-02-26 16:00:00,0.23,2009.7,2075.8,66.1,Moderate Delay
1580,Bangalore,Jaipur,1715.6,Clear,28.3,0.0,Low,Mixed,18.4,Standard,2025-12-27 16:00:00,0.15,2287.5,2299.5,12.0,On Time
1581,Hyderabad,Jaipur,771.7,Clear,22.6,0.0,Low,City Road,19.9,Express,2025-10-02 12:00:00,0.48,1028.9,1070.9,42.0,Slight Delay
1582,Bangalore,Jaipur,1623.4,Heavy Rain,18.5,71.2,Medium,Rural Road,28.3,Standard,2025-07-11 16:00:00,0.37,2164.5,2333.3,168.8,Moderate Delay
1583,Pune,Chennai,1103.8,Storm,12.2,11.7,Medium,Highway,41.6,Standard,2025-01-11 22:00:00,0.04,1471.7,1579.2,107.5,Moderate Delay
1584,Delhi,Jaipur,1021.7,Heavy Rain,27.8,59.4,Severe,Highway,25.2,Standard,2025-05-25 15:00:00,0.37,1362.3,1533.1,170.8,Moderate Delay
1585,Mumbai,Kolkata,78.9,Fog,27.6,0.0,Medium,Highway,40.3,Express,2025-03-05 18:00:00,0.33,105.2,176.6,71.4,Moderate Delay
1586,Pune,Bangalore,1588.9,Fog,19.0,0.0,High,Highway,22.5,Standard,2025-02-07 22:00:00,0.4,2118.5,2253.3,134.8,Moderate Delay
1587,Pune,Mumbai,1446.9,Clear,33.0,0.0,Medium,Highway,8.2,Same-Day,2025-10-29 18:00:00,0.16,1929.2,1966.2,37.0,Slight Delay
1588,Chennai,Hyderabad,1837.8,Rain,16.7,64.6,Severe,Highway,48.4,Express,2025-05-21 20:00:00,0.44,2450.4,2609.7,159.3,Moderate Delay
1589,Chennai,Delhi,34.1,Rain,33.9,25.2,Severe,Mixed,40.9,Express,2025-08-08 08:00:00,0.22,45.5,188.5,143.0,Moderate Delay
1590,Chennai,Raipur,713.4,Storm,37.0,51.7,High,Mixed,24.1,Express,2025-12-26 22:00:00,0.47,951.2,1103.9,152.7,Moderate Delay
1591,Chennai,Raipur,827.9,Clear,44.4,0.0,Severe,Mixed,19.3,Express,2025-10-07 09:00:00,0.38,1103.9,1254.4,150.5,Moderate Delay
1592,Raipur,Chennai,1350.1,Storm,20.2,41.7,Low,Mixed,6.0,Standard,2025-08-17 17:00:00,0.28,1800.1,1903.9,103.8,Moderate Delay
1593,Raipur,Delhi,1841.4,Fog,28.6,0.0,High,Rural Road,20.1,Standard,2025-11-19 08:00:00,0.32,2455.2,2605.3,150.1,Moderate Delay
1594,Delhi,Jaipur,312.3,Cloudy,10.9,4.9,Medium,Mixed,14.3,Same-Day,2025-05-08 08:00:00,0.55,416.4,471.5,55.1,Slight Delay
1595,Bangalore,Raipur,824.2,Storm,31.2,37.9,Severe,City Road,46.7,Standard,2025-09-10 14:00:00,0.32,1098.9,1315.9,217.0,Severe Delay
1596,Pune,Kolkata,655.9,Fog,24.8,0.0,High,City Road,49.1,Standard,2025-06-14 19:00:00,0.09,874.5,963.3,88.8,Moderate Delay
1597,Mumbai,Hyderabad,794.6,Fog,12.3,0.0,Medium,Mixed,19.7,Same-Day,2025-09-13 16:00:00,0.09,1059.5,1116.2,56.7,Slight Delay
1598,Chennai,Pune,1971.3,Heavy Rain,22.8,63.4,Severe,Highway,16.6,Standard,2025-08-06 08:00:00,0.29,2628.4,2800.4,172.0,Moderate Delay
1599,Pune,Bangalore,1387.0,Clear,15.1,0.0,Medium,Highway,29.8,Standard,2025-04-12 20:00:00,0.54,1849.3,1926.1,76.8,Moderate Delay
1600,Delhi,Mumbai,1864.6,Heavy Rain,42.5,5.6,Severe,City Road,46.1,Same-Day,2025-09-26 21:00:00,0.03,2486.1,2659.1,173.0,Moderate Delay
1601,Bangalore,Jaipur,1870.1,Heavy Rain,18.4,25.6,Severe,Highway,46.1,Express,2025-03-02 19:00:00,0.05,2493.5,2664.7,171.2,Moderate Delay
1602,Kolkata,Hyderabad,1099.5,Storm,33.4,75.6,High,Rural Road,37.1,Same-Day,2025-11-29 11:00:00,0.32,1466.0,1639.1,173.1,Moderate Delay
1603,Bangalore,Hyderabad,1680.2,Storm,16.5,46.6,Medium,Rural Road,36.3,Same-Day,2025-11-06 14:00:00,0.54,2240.3,2412.2,171.9,Moderate Delay
1604,Raipur,Ahmedabad,1562.6,Cloudy,29.7,5.0,High,City Road,23.1,Standard,2025-09-26 21:00:00,0.43,2083.5,2187.4,103.9,Moderate Delay
1605,Mumbai,Pune,233.5,Heavy Rain,23.8,60.0,Medium,City Road,46.1,Express,2025-02-04 06:00:00,0.15,311.3,408.3,97.0,Moderate Delay
1606,Kolkata,Chennai,195.1,Cloudy,35.5,3.0,Low,Mixed,33.2,Express,2025-02-18 07:00:00,0.54,260.1,335.6,75.5,Moderate Delay
1607,Jaipur,Raipur,235.6,Storm,26.1,64.1,Medium,Highway,1.9,Express,2025-11-22 13:00:00,0.03,314.1,374.3,60.2,Moderate Delay
1608,Hyderabad,Mumbai,545.3,Cloudy,32.8,2.8,High,Rural Road,18.4,Express,2025-10-27 15:00:00,0.38,727.1,834.1,107.0,Moderate Delay
1609,Hyderabad,Raipur,1421.6,Rain,16.4,13.7,Medium,Highway,42.0,Same-Day,2025-03-20 09:00:00,0.47,1895.5,1956.1,60.6,Moderate Delay
1610,Chennai,Hyderabad,960.8,Cloudy,24.8,2.2,High,Highway,2.7,Standard,2025-09-25 18:00:00,0.22,1281.1,1350.8,69.7,Moderate Delay
1611,Hyderabad,Kolkata,1136.5,Fog,43.3,0.0,Severe,City Road,5.9,Standard,2025-01-02 13:00:00,0.02,1515.3,1706.0,190.7,Severe Delay
1612,Chennai,Delhi,1275.5,Storm,40.6,61.0,Medium,City Road,25.1,Standard,2025-09-01 06:00:00,0.28,1700.7,1855.3,154.6,Moderate Delay
1613,Hyderabad,Delhi,987.3,Clear,38.8,0.0,Medium,Mixed,14.3,Express,2025-12-07 21:00:00,0.31,1316.4,1364.1,47.7,Slight Delay
1614,Hyderabad,Kolkata,1989.8,Storm,20.6,22.9,Low,City Road,28.6,Same-Day,2025-07-21 18:00:00,0.5,2653.1,2801.8,148.7,Moderate Delay
1615,Pune,Ahmedabad,1830.2,Rain,27.2,38.6,High,Rural Road,48.7,Same-Day,2025-02-10 12:00:00,0.59,2440.3,2568.5,128.2,Moderate Delay
1616,Bangalore,Hyderabad,1428.2,Fog,34.9,0.0,Medium,Mixed,6.2,Same-Day,2025-08-15 21:00:00,0.34,1904.3,1998.3,94.0,Moderate Delay
1617,Kolkata,Delhi,1023.9,Storm,37.1,57.9,Severe,Rural Road,6.4,Standard,2025-01-13 17:00:00,0.35,1365.2,1578.2,213.0,Severe Delay
1618,Raipur,Hyderabad,1813.9,Fog,22.6,0.0,Severe,City Road,3.6,Same-Day,2025-10-14 12:00:00,0.36,2418.5,2615.2,196.7,Severe Delay
1619,Pune,Hyderabad,242.0,Cloudy,23.3,3.9,Low,City Road,21.2,Express,2025-07-04 22:00:00,0.58,322.7,379.5,56.8,Slight Delay
1620,Chennai,Mumbai,1082.0,Storm,20.1,31.3,High,Rural Road,17.5,Standard,2025-07-08 14:00:00,0.2,1442.7,1592.9,150.2,Moderate Delay
1621,Ahmedabad,Mumbai,1680.4,Storm,36.0,74.8,High,Highway,8.7,Same-Day,2025-05-21 21:00:00,0.09,2240.5,2406.8,166.3,Moderate Delay
1622,Pune,Mumbai,876.8,Fog,33.8,0.0,High,Rural Road,22.8,Same-Day,2025-01-30 06:00:00,0.2,1169.1,1268.0,98.9,Moderate Delay
1623,Raipur,Ahmedabad,722.2,Heavy Rain,11.6,79.0,Medium,Mixed,13.6,Same-Day,2025-11-28 09:00:00,0.08,962.9,1036.8,73.9,Moderate Delay
1624,Mumbai,Pune,1455.2,Clear,31.4,0.0,Medium,City Road,6.4,Standard,2025-02-12 19:00:00,0.1,1940.3,2004.5,64.2,Moderate Delay
1625,Delhi,Mumbai,636.5,Heavy Rain,10.7,62.6,Low,Rural Road,20.3,Standard,2025-10-06 14:00:00,0.49,848.7,972.4,123.7,Moderate Delay
1626,Chennai,Mumbai,46.0,Rain,22.4,60.7,High,City Road,4.4,Same-Day,2025-07-07 22:00:00,0.34,61.3,134.1,72.8,Moderate Delay
1627,Mumbai,Raipur,1270.4,Heavy Rain,18.5,25.8,Low,Highway,45.0,Standard,2025-09-14 10:00:00,0.28,1693.9,1749.5,55.6,Slight Delay
1628,Kolkata,Delhi,1549.4,Cloudy,44.0,4.7,Severe,Highway,13.7,Express,2025-11-08 12:00:00,0.14,2065.9,2198.9,133.0,Moderate Delay
1629,Ahmedabad,Pune,549.1,Cloudy,40.8,0.8,Low,Rural Road,3.7,Express,2025-10-15 17:00:00,0.16,732.1,779.0,46.9,Slight Delay
1630,Delhi,Pune,485.1,Heavy Rain,33.7,37.3,Low,Mixed,6.2,Standard,2025-03-01 08:00:00,0.43,646.8,717.9,71.1,Moderate Delay
1631,Bangalore,Delhi,383.6,Cloudy,10.3,2.4,High,Highway,21.7,Standard,2025-01-06 12:00:00,0.14,511.5,572.3,60.8,Moderate Delay
1632,Hyderabad,Ahmedabad,720.8,Clear,22.5,0.0,Medium,Rural Road,42.2,Same-Day,2025-11-25 12:00:00,0.45,961.1,1014.1,53.0,Slight Delay
1633,Bangalore,Hyderabad,1112.0,Clear,34.5,0.0,Severe,Rural Road,20.6,Standard,2025-05-23 10:00:00,0.33,1482.7,1601.2,118.5,Moderate Delay
1634,Jaipur,Hyderabad,824.4,Heavy Rain,11.6,76.8,Medium,City Road,47.7,Express,2025-04-13 11:00:00,0.17,1099.2,1181.7,82.5,Moderate Delay
1635,Kolkata,Hyderabad,850.1,Fog,20.2,0.0,Severe,Rural Road,40.5,Standard,2025-09-08 17:00:00,0.29,1133.5,1285.4,151.9,Moderate Delay
1636,Jaipur,Hyderabad,721.4,Rain,34.3,75.6,Severe,City Road,31.5,Standard,2025-10-27 18:00:00,0.09,961.9,1096.2,134.3,Moderate Delay
1637,Bangalore,Jaipur,132.9,Storm,23.3,72.7,Medium,Mixed,1.5,Express,2025-11-27 15:00:00,0.28,177.2,310.2,133.0,Moderate Delay
1638,Chennai,Pune,230.6,Fog,17.4,0.0,High,Highway,18.8,Same-Day,2025-04-18 14:00:00,0.49,307.5,412.2,104.7,Moderate Delay
1639,Chennai,Ahmedabad,1324.4,Rain,22.9,63.6,Low,Highway,8.7,Same-Day,2025-12-04 11:00:00,0.03,1765.9,1809.8,43.9,Slight Delay
1640,Raipur,Bangalore,943.1,Heavy Rain,43.8,70.9,High,Rural Road,32.4,Same-Day,2025-07-13 07:00:00,0.22,1257.5,1390.2,132.7,Moderate Delay
1641,Hyderabad,Delhi,1156.3,Fog,25.0,0.0,High,Highway,13.5,Standard,2025-08-04 21:00:00,0.46,1541.7,1673.0,131.3,Moderate Delay
1642,Hyderabad,Pune,171.7,Fog,43.6,0.0,Low,City Road,12.7,Express,2025-06-06 11:00:00,0.01,228.9,276.7,47.8,Slight Delay
1643,Raipur,Jaipur,814.4,Cloudy,25.0,0.7,Low,Mixed,2.9,Same-Day,2025-08-22 19:00:00,0.38,1085.9,1122.4,36.5,Slight Delay
1644,Pune,Ahmedabad,1603.1,Cloudy,26.2,0.7,High,Rural Road,36.3,Same-Day,2025-06-22 21:00:00,0.11,2137.5,2225.6,88.1,Moderate Delay
1645,Pune,Kolkata,85.2,Clear,20.4,0.0,Medium,Highway,43.6,Express,2025-08-07 14:00:00,0.01,113.6,137.8,24.2,Slight Delay
1646,Jaipur,Pune,1298.5,Storm,24.1,40.4,Low,City Road,36.0,Same-Day,2025-03-27 15:00:00,0.53,1731.3,1862.0,130.7,Moderate Delay
1647,Jaipur,Ahmedabad,1334.1,Cloudy,44.7,4.1,Medium,City Road,37.4,Same-Day,2025-06-20 07:00:00,0.12,1778.8,1823.6,44.8,Slight Delay
1648,Delhi,Hyderabad,1436.2,Cloudy,43.5,3.5,High,Mixed,44.4,Express,2025-03-26 20:00:00,0.27,1914.9,2020.6,105.7,Moderate Delay
1649,Mumbai,Chennai,1407.0,Cloudy,18.9,4.0,Medium,Rural Road,47.5,Express,2025-02-11 11:00:00,0.28,1876.0,1955.9,79.9,Moderate Delay
1650,Chennai,Kolkata,1692.2,Heavy Rain,33.6,68.7,Low,City Road,7.4,Standard,2025-12-17 17:00:00,0.02,2256.3,2382.2,125.9,Moderate Delay
1651,Mumbai,Ahmedabad,279.9,Cloudy,33.4,4.4,High,Highway,21.6,Express,2025-10-09 18:00:00,0.25,373.2,448.2,75.0,Moderate Delay
1652,Chennai,Ahmedabad,421.3,Fog,33.4,0.0,Severe,Mixed,32.7,Same-Day,2025-05-05 09:00:00,0.54,561.7,735.8,174.1,Moderate Delay
1653,Pune,Bangalore,1695.0,Rain,31.3,33.5,Medium,Mixed,3.3,Express,2025-05-25 19:00:00,0.41,2260.0,2357.5,97.5,Moderate Delay
1654,Jaipur,Pune,494.8,Storm,23.0,13.3,Low,Rural Road,48.6,Express,2025-12-09 06:00:00,0.34,659.7,736.1,76.4,Moderate Delay
1655,Chennai,Bangalore,1902.7,Cloudy,19.6,0.1,High,Rural Road,4.3,Express,2025-09-14 06:00:00,0.35,2536.9,2626.7,89.8,Moderate Delay
1656,Jaipur,Pune,335.7,Clear,27.7,0.0,Medium,City Road,4.7,Express,2025-04-07 07:00:00,0.03,447.6,461.9,14.3,On Time
1657,Chennai,Hyderabad,1453.9,Heavy Rain,38.5,70.4,Low,Rural Road,48.6,Express,2025-12-01 11:00:00,0.46,1938.5,2087.0,148.5,Moderate Delay
1658,Pune,Bangalore,1000.3,Rain,25.1,35.8,High,Mixed,25.5,Same-Day,2025-09-04 07:00:00,0.22,1333.7,1438.4,104.7,Moderate Delay
1659,Kolkata,Raipur,696.3,Cloudy,20.8,3.6,Medium,Mixed,15.6,Same-Day,2025-09-22 09:00:00,0.03,928.4,971.7,43.3,Slight Delay
1660,Raipur,Delhi,876.5,Rain,15.8,28.9,Low,Mixed,21.9,Standard,2025-03-24 16:00:00,0.43,1168.7,1249.7,81.0,Moderate Delay
1661,Bangalore,Jaipur,1627.4,Heavy Rain,37.4,56.2,Severe,Highway,22.3,Express,2025-12-01 18:00:00,0.59,2169.9,2358.9,189.0,Severe Delay
1662,Pune,Mumbai,1327.2,Rain,21.5,70.8,Severe,Rural Road,5.8,Same-Day,2025-11-21 09:00:00,0.02,1769.6,1859.5,89.9,Moderate Delay
1663,Jaipur,Raipur,345.3,Storm,42.0,32.6,High,Mixed,33.7,Same-Day,2025-06-21 17:00:00,0.14,460.4,575.2,114.8,Moderate Delay
1664,Delhi,Chennai,1783.5,Heavy Rain,31.8,79.3,Severe,Highway,41.1,Standard,2025-01-04 16:00:00,0.03,2378.0,2560.9,182.9,Severe Delay
1665,Jaipur,Kolkata,579.7,Cloudy,16.4,0.3,Severe,Mixed,28.9,Standard,2025-08-26 15:00:00,0.41,772.9,921.2,148.3,Moderate Delay
1666,Mumbai,Bangalore,1666.8,Heavy Rain,39.8,17.9,Severe,Rural Road,24.6,Standard,2025-11-03 17:00:00,0.44,2222.4,2421.7,199.3,Severe Delay
1667,Kolkata,Raipur,1487.3,Rain,21.2,12.9,High,Highway,36.0,Same-Day,2025-05-17 11:00:00,0.18,1983.1,2072.1,89.0,Moderate Delay
1668,Kolkata,Pune,215.1,Heavy Rain,29.6,14.0,Low,Mixed,11.0,Express,2025-06-02 07:00:00,0.1,286.8,321.5,34.7,Slight Delay
1669,Jaipur,Delhi,306.6,Rain,20.7,62.4,Low,Mixed,15.6,Standard,2025-03-31 08:00:00,0.25,408.8,466.7,57.9,Slight Delay
1670,Ahmedabad,Delhi,197.6,Cloudy,32.5,0.8,Medium,Mixed,21.0,Express,2025-05-21 17:00:00,0.38,263.5,335.2,71.7,Moderate Delay
1671,Raipur,Chennai,105.0,Fog,35.2,0.0,Severe,Highway,47.7,Standard,2025-06-17 17:00:00,0.16,140.0,227.6,87.6,Moderate Delay
1672,Mumbai,Chennai,932.9,Storm,39.2,54.5,Low,Mixed,3.4,Same-Day,2025-02-10 16:00:00,0.57,1243.9,1327.5,83.6,Moderate Delay
1673,Kolkata,Raipur,1743.2,Heavy Rain,24.7,54.1,Low,City Road,25.5,Same-Day,2025-05-12 08:00:00,0.44,2324.3,2445.3,121.0,Moderate Delay
1674,Pune,Delhi,1391.0,Cloudy,37.3,1.2,High,Rural Road,13.2,Same-Day,2025-09-21 13:00:00,0.18,1854.7,1934.0,79.3,Moderate Delay
1675,Mumbai,Pune,1011.8,Storm,22.7,37.4,Severe,City Road,19.7,Express,2025-05-21 11:00:00,0.58,1349.1,1583.5,234.4,Severe Delay
1676,Kolkata,Jaipur,1539.9,Fog,27.7,0.0,Low,Mixed,42.8,Standard,2025-12-14 15:00:00,0.45,2053.2,2156.6,103.4,Moderate Delay
1677,Kolkata,Mumbai,1549.0,Heavy Rain,42.4,9.7,Medium,Highway,31.6,Express,2025-12-03 10:00:00,0.09,2065.3,2131.4,66.1,Moderate Delay
1678,Kolkata,Hyderabad,659.2,Heavy Rain,15.9,75.6,High,Highway,16.3,Standard,2025-04-26 06:00:00,0.2,878.9,1006.1,127.2,Moderate Delay
1679,Hyderabad,Chennai,429.9,Clear,44.6,0.0,High,Mixed,41.6,Same-Day,2025-08-04 16:00:00,0.35,573.2,628.4,55.2,Slight Delay
1680,Ahmedabad,Pune,1528.8,Heavy Rain,28.4,6.0,Low,Rural Road,36.9,Express,2025-06-13 17:00:00,0.44,2038.4,2133.8,95.4,Moderate Delay
1681,Raipur,Bangalore,1214.5,Heavy Rain,23.1,31.5,Severe,City Road,41.4,Same-Day,2025-12-24 11:00:00,0.01,1619.3,1794.0,174.7,Moderate Delay
1682,Pune,Kolkata,1243.7,Heavy Rain,27.1,77.5,Low,Highway,47.5,Same-Day,2025-09-07 17:00:00,0.59,1658.3,1788.9,130.6,Moderate Delay
1683,Delhi,Kolkata,1926.3,Fog,30.0,0.0,High,Rural Road,4.7,Express,2025-06-11 20:00:00,0.36,2568.4,2695.7,127.3,Moderate Delay
1684,Raipur,Mumbai,1882.7,Cloudy,36.3,0.0,Medium,Rural Road,38.4,Same-Day,2025-08-09 19:00:00,0.44,2510.3,2600.0,89.7,Moderate Delay
1685,Mumbai,Hyderabad,862.4,Storm,15.4,78.2,Severe,City Road,12.5,Express,2025-10-03 10:00:00,0.43,1149.9,1329.5,179.6,Moderate Delay
1686,Pune,Delhi,1334.2,Clear,12.2,0.0,Severe,City Road,43.6,Standard,2025-02-26 15:00:00,0.11,1778.9,1905.2,126.3,Moderate Delay
1687,Bangalore,Chennai,1615.4,Fog,31.6,0.0,Severe,Mixed,7.2,Express,2025-04-22 19:00:00,0.22,2153.9,2325.6,171.7,Moderate Delay
1688,Jaipur,Kolkata,883.8,Rain,25.2,72.9,High,Highway,29.0,Same-Day,2025-12-18 16:00:00,0.34,1178.4,1275.0,96.6,Moderate Delay
1689,Ahmedabad,Jaipur,1766.1,Storm,36.2,45.3,Severe,City Road,23.4,Express,2025-09-11 20:00:00,0.11,2354.8,2599.4,244.6,Severe Delay
1690,Kolkata,Ahmedabad,1043.4,Cloudy,41.1,4.9,Medium,Mixed,6.2,Express,2025-01-02 16:00:00,0.08,1391.2,1447.3,56.1,Slight Delay
1691,Raipur,Bangalore,1262.7,Fog,36.9,0.0,Low,Mixed,27.6,Same-Day,2025-12-01 19:00:00,0.32,1683.6,1772.1,88.5,Moderate Delay
1692,Pune,Raipur,802.7,Cloudy,18.1,1.7,Low,City Road,4.0,Standard,2025-11-09 22:00:00,0.2,1070.3,1115.9,45.6,Slight Delay
1693,Delhi,Raipur,398.1,Clear,28.2,0.0,High,City Road,33.8,Standard,2025-10-19 21:00:00,0.03,530.8,609.5,78.7,Moderate Delay
1694,Delhi,Pune,1564.2,Clear,43.7,0.0,Severe,City Road,25.2,Standard,2025-08-23 17:00:00,0.37,2085.6,2243.9,158.3,Moderate Delay
1695,Chennai,Bangalore,119.3,Heavy Rain,40.9,68.9,Medium,Rural Road,25.6,Standard,2025-05-31 08:00:00,0.29,159.1,246.1,87.0,Moderate Delay
1696,Mumbai,Kolkata,760.0,Storm,14.9,71.1,Severe,Mixed,37.6,Standard,2025-12-17 20:00:00,0.45,1013.3,1210.9,197.6,Severe Delay
1697,Chennai,Bangalore,1455.3,Heavy Rain,15.6,57.7,Low,Rural Road,34.8,Standard,2025-05-06 20:00:00,0.28,1940.4,2039.4,99.0,Moderate Delay
1698,Delhi,Mumbai,388.9,Fog,35.2,0.0,Low,Mixed,33.6,Same-Day,2025-08-29 18:00:00,0.45,518.5,589.5,71.0,Moderate Delay
1699,Delhi,Raipur,1481.1,Rain,42.4,9.4,Low,Highway,1.1,Express,2025-09-04 07:00:00,0.42,1974.8,2044.8,70.0,Moderate Delay
1700,Kolkata,Raipur,1671.3,Fog,16.0,0.0,Low,Rural Road,46.6,Express,2025-09-19 20:00:00,0.32,2228.4,2317.2,88.8,Moderate Delay
1701,Pune,Delhi,1219.7,Clear,27.3,0.0,Medium,Rural Road,45.7,Same-Day,2025-02-27 11:00:00,0.23,1626.3,1682.8,56.5,Slight Delay
1702,Hyderabad,Raipur,1951.6,Fog,35.4,0.0,High,City Road,45.8,Standard,2025-09-05 12:00:00,0.18,2602.1,2749.4,147.3,Moderate Delay
1703,Kolkata,Delhi,972.6,Rain,39.0,67.5,Low,Mixed,42.6,Same-Day,2025-09-09 13:00:00,0.48,1296.8,1347.9,51.1,Slight Delay
1704,Kolkata,Pune,1389.4,Rain,21.8,24.5,Severe,Rural Road,47.8,Express,2025-12-25 14:00:00,0.47,1852.5,2041.1,188.6,Severe Delay
1705,Jaipur,Kolkata,1923.0,Storm,16.7,75.8,Low,City Road,20.4,Standard,2025-09-25 15:00:00,0.32,2564.0,2724.6,160.6,Moderate Delay
1706,Mumbai,Kolkata,1982.7,Rain,25.9,68.9,High,Rural Road,11.2,Express,2025-03-23 15:00:00,0.3,2643.6,2797.9,154.3,Moderate Delay
1707,Raipur,Ahmedabad,1448.9,Fog,31.6,0.0,High,City Road,5.0,Same-Day,2025-12-22 10:00:00,0.07,1931.9,2055.5,123.6,Moderate Delay
1708,Bangalore,Hyderabad,1375.8,Heavy Rain,28.0,39.8,High,City Road,20.2,Standard,2025-04-19 15:00:00,0.52,1834.4,2002.1,167.7,Moderate Delay
1709,Bangalore,Mumbai,669.2,Rain,34.6,8.4,High,Mixed,19.6,Express,2025-11-13 11:00:00,0.21,892.3,1007.0,114.7,Moderate Delay
1710,Hyderabad,Bangalore,1080.3,Storm,10.6,23.8,High,Rural Road,46.1,Express,2025-09-06 11:00:00,0.56,1440.4,1620.6,180.2,Severe Delay
1711,Ahmedabad,Raipur,80.6,Cloudy,13.3,1.1,Severe,Mixed,25.4,Standard,2025-12-09 08:00:00,0.51,107.5,238.5,131.0,Moderate Delay
1712,Hyderabad,Chennai,1834.5,Rain,23.6,42.8,Medium,City Road,16.8,Standard,2025-05-23 09:00:00,0.4,2446.0,2543.1,97.1,Moderate Delay
1713,Chennai,Pune,353.8,Heavy Rain,36.5,8.8,Severe,Highway,27.9,Same-Day,2025-09-26 13:00:00,0.18,471.7,621.0,149.3,Moderate Delay
1714,Chennai,Pune,54.9,Fog,18.5,0.0,Low,Mixed,21.8,Same-Day,2025-02-20 16:00:00,0.2,73.2,135.8,62.6,Moderate Delay
1715,Ahmedabad,Delhi,1690.4,Rain,30.8,63.8,Low,Highway,37.6,Express,2025-10-18 22:00:00,0.34,2253.9,2335.4,81.5,Moderate Delay
1716,Chennai,Kolkata,401.1,Rain,13.5,60.8,Medium,City Road,44.4,Standard,2025-12-20 20:00:00,0.39,534.8,641.6,106.8,Moderate Delay
1717,Bangalore,Mumbai,1558.9,Storm,35.8,77.6,High,Rural Road,6.2,Standard,2025-04-08 08:00:00,0.35,2078.5,2288.9,210.4,Severe Delay
1718,Bangalore,Jaipur,856.2,Rain,18.9,66.4,Low,City Road,49.3,Standard,2025-05-05 21:00:00,0.15,1141.6,1221.7,80.1,Moderate Delay
1719,Raipur,Delhi,160.6,Storm,27.2,11.4,Low,Rural Road,13.5,Same-Day,2025-02-07 12:00:00,0.08,214.1,291.6,77.5,Moderate Delay
1720,Raipur,Delhi,1243.7,Heavy Rain,34.7,67.2,Low,Mixed,43.9,Standard,2025-02-21 12:00:00,0.39,1658.3,1787.9,129.6,Moderate Delay
1721,Jaipur,Raipur,1814.2,Rain,11.4,34.8,Low,Mixed,47.4,Standard,2025-08-15 12:00:00,0.15,2418.9,2508.8,89.9,Moderate Delay
1722,Jaipur,Raipur,1267.6,Clear,44.4,0.0,High,Mixed,34.4,Same-Day,2025-05-19 21:00:00,0.59,1690.1,1793.5,103.4,Moderate Delay
1723,Bangalore,Pune,338.0,Storm,44.2,28.6,Severe,Rural Road,21.7,Same-Day,2025-06-03 14:00:00,0.16,450.7,606.9,156.2,Moderate Delay
1724,Ahmedabad,Chennai,204.7,Rain,25.3,6.7,High,Rural Road,17.7,Same-Day,2025-08-14 09:00:00,0.42,272.9,379.5,106.6,Moderate Delay
1725,Bangalore,Ahmedabad,609.1,Clear,12.9,0.0,High,Mixed,0.8,Express,2025-03-25 11:00:00,0.25,812.1,883.5,71.4,Moderate Delay
1726,Delhi,Raipur,204.3,Fog,20.7,0.0,High,Highway,23.4,Express,2025-06-25 11:00:00,0.3,272.4,357.9,85.5,Moderate Delay
1727,Chennai,Delhi,245.2,Cloudy,26.7,1.8,Medium,Rural Road,24.8,Same-Day,2025-06-06 16:00:00,0.55,326.9,379.0,52.1,Slight Delay
1728,Ahmedabad,Raipur,940.9,Clear,29.7,0.0,High,City Road,50.0,Same-Day,2025-12-11 10:00:00,0.39,1254.5,1351.4,96.9,Moderate Delay
1729,Hyderabad,Bangalore,1989.5,Cloudy,26.0,0.3,Severe,City Road,34.3,Standard,2025-11-09 11:00:00,0.03,2652.7,2779.9,127.2,Moderate Delay
1730,Hyderabad,Jaipur,1845.2,Heavy Rain,27.5,58.2,Severe,Rural Road,11.3,Standard,2025-05-15 21:00:00,0.46,2460.3,2706.6,246.3,Severe Delay
1731,Kolkata,Pune,208.4,Cloudy,24.4,4.7,High,Rural Road,22.1,Same-Day,2025-07-01 16:00:00,0.59,277.9,377.8,99.9,Moderate Delay
1732,Raipur,Kolkata,1805.3,Heavy Rain,25.0,66.1,Severe,Mixed,19.7,Standard,2025-07-26 07:00:00,0.51,2407.1,2591.0,183.9,Severe Delay
1733,Pune,Hyderabad,357.2,Fog,10.8,0.0,Medium,Mixed,11.0,Express,2025-01-10 12:00:00,0.32,476.3,564.6,88.3,Moderate Delay
1734,Chennai,Hyderabad,1295.2,Rain,35.0,25.8,High,Highway,0.5,Express,2025-08-07 18:00:00,0.52,1726.9,1839.6,112.7,Moderate Delay
1735,Hyderabad,Jaipur,1723.5,Storm,14.9,37.2,Medium,City Road,5.3,Same-Day,2025-09-15 20:00:00,0.23,2298.0,2423.3,125.3,Moderate Delay
1736,Kolkata,Delhi,785.6,Clear,38.1,0.0,Medium,City Road,19.6,Express,2025-09-03 21:00:00,0.12,1047.5,1092.0,44.5,Slight Delay
1737,Mumbai,Raipur,1370.9,Fog,14.7,0.0,Severe,City Road,7.6,Express,2025-11-07 18:00:00,0.45,1827.9,1971.4,143.5,Moderate Delay
1738,Mumbai,Bangalore,226.5,Clear,41.4,0.0,High,Rural Road,29.5,Same-Day,2025-07-09 20:00:00,0.56,302.0,372.7,70.7,Moderate Delay
1739,Kolkata,Delhi,24.1,Heavy Rain,42.6,46.6,Medium,Highway,46.4,Express,2025-07-31 10:00:00,0.2,32.1,89.1,57.0,Slight Delay
1740,Bangalore,Hyderabad,1030.6,Storm,27.7,15.3,Medium,Highway,10.5,Express,2025-05-06 16:00:00,0.24,1374.1,1474.9,100.8,Moderate Delay
1741,Jaipur,Ahmedabad,1888.1,Fog,26.9,0.0,High,Rural Road,49.8,Same-Day,2025-01-12 10:00:00,0.4,2517.5,2653.0,135.5,Moderate Delay
1742,Delhi,Pune,116.1,Rain,16.6,10.0,Severe,City Road,9.8,Standard,2025-06-14 20:00:00,0.25,154.8,279.3,124.5,Moderate Delay
1743,Chennai,Ahmedabad,869.8,Rain,32.6,75.3,High,City Road,5.8,Same-Day,2025-12-27 14:00:00,0.06,1159.7,1256.6,96.9,Moderate Delay
1744,Kolkata,Mumbai,229.6,Cloudy,41.3,4.0,Low,Mixed,37.7,Express,2025-07-22 21:00:00,0.02,306.1,327.7,21.6,Slight Delay
1745,Mumbai,Jaipur,1329.5,Clear,31.3,0.0,High,Highway,5.9,Same-Day,2025-08-12 07:00:00,0.39,1772.7,1830.2,57.5,Slight Delay
1746,Ahmedabad,Hyderabad,77.2,Storm,44.4,51.9,Severe,Rural Road,25.3,Same-Day,2025-06-20 08:00:00,0.23,102.9,251.3,148.4,Moderate Delay
1747,Delhi,Bangalore,376.5,Storm,29.5,68.2,Low,City Road,8.1,Same-Day,2025-02-14 20:00:00,0.02,502.0,588.6,86.6,Moderate Delay
1748,Jaipur,Chennai,606.7,Clear,18.4,0.0,Severe,Rural Road,32.1,Express,2025-08-20 10:00:00,0.23,808.9,907.2,98.3,Moderate Delay
1749,Hyderabad,Delhi,1826.0,Cloudy,40.9,4.9,High,Mixed,36.0,Same-Day,2025-12-21 19:00:00,0.41,2434.7,2550.2,115.5,Moderate Delay
1750,Mumbai,Raipur,238.3,Storm,19.4,76.9,High,Highway,13.7,Same-Day,2025-07-19 06:00:00,0.18,317.7,413.8,96.1,Moderate Delay
1751,Mumbai,Kolkata,1116.4,Rain,14.3,65.2,Severe,City Road,39.3,Express,2025-04-25 16:00:00,0.01,1488.5,1610.8,122.3,Moderate Delay
1752,Ahmedabad,Raipur,385.3,Fog,23.0,0.0,Medium,Rural Road,26.4,Same-Day,2025-10-23 10:00:00,0.03,513.7,563.8,50.1,Slight Delay
1753,Chennai,Bangalore,1997.4,Cloudy,42.2,3.9,High,City Road,40.7,Standard,2025-01-14 07:00:00,0.34,2663.2,2823.8,160.6,Moderate Delay
1754,Bangalore,Jaipur,1959.2,Rain,16.2,29.4,Low,Rural Road,27.3,Express,2025-04-28 12:00:00,0.1,2612.3,2655.3,43.0,Slight Delay
1755,Chennai,Hyderabad,1529.2,Cloudy,43.4,4.9,Severe,Rural Road,21.4,Standard,2025-04-22 17:00:00,0.57,2038.9,2221.0,182.1,Severe Delay
1756,Mumbai,Chennai,334.4,Heavy Rain,17.2,79.4,Low,Mixed,37.8,Standard,2025-08-16 12:00:00,0.58,445.9,510.8,64.9,Moderate Delay
1757,Pune,Mumbai,1471.8,Heavy Rain,22.7,19.0,Severe,Mixed,16.9,Standard,2025-04-16 18:00:00,0.34,1962.4,2152.5,190.1,Severe Delay
1758,Jaipur,Delhi,54.9,Clear,28.8,0.0,Medium,Highway,31.6,Standard,2025-04-18 09:00:00,0.6,73.2,137.9,64.7,Moderate Delay
1759,Raipur,Hyderabad,1605.8,Fog,24.3,0.0,High,Mixed,16.3,Standard,2025-04-18 08:00:00,0.28,2141.1,2239.1,98.0,Moderate Delay
1760,Ahmedabad,Hyderabad,1994.0,Heavy Rain,16.1,15.9,High,Highway,45.8,Express,2025-01-09 06:00:00,0.53,2658.7,2804.5,145.8,Moderate Delay
1761,Pune,Raipur,1982.9,Heavy Rain,11.5,22.6,Low,Rural Road,20.1,Express,2025-06-08 08:00:00,0.27,2643.9,2758.0,114.1,Moderate Delay
1762,Pune,Kolkata,1278.6,Cloudy,35.0,3.9,Low,Mixed,31.9,Express,2025-01-09 14:00:00,0.14,1704.8,1770.9,66.1,Moderate Delay
1763,Hyderabad,Mumbai,1661.7,Cloudy,43.3,0.8,Medium,City Road,25.1,Same-Day,2025-01-05 10:00:00,0.35,2215.6,2332.1,116.5,Moderate Delay
1764,Ahmedabad,Bangalore,1111.8,Cloudy,21.0,0.8,Severe,Highway,44.8,Standard,2025-11-02 12:00:00,0.36,1482.4,1599.2,116.8,Moderate Delay
1765,Kolkata,Pune,1946.4,Storm,10.2,78.9,Severe,City Road,49.0,Express,2025-03-30 11:00:00,0.6,2595.2,2818.9,223.7,Severe Delay
1766,Ahmedabad,Bangalore,587.1,Fog,13.1,0.0,Medium,Rural Road,43.0,Standard,2025-03-25 06:00:00,0.35,782.8,892.6,109.8,Moderate Delay
1767,Raipur,Chennai,1161.1,Rain,26.9,68.4,Severe,Rural Road,32.4,Express,2025-11-15 16:00:00,0.48,1548.1,1693.8,145.7,Moderate Delay
1768,Mumbai,Delhi,1646.7,Rain,39.5,60.3,Low,Mixed,44.9,Standard,2025-03-15 19:00:00,0.19,2195.6,2269.7,74.1,Moderate Delay
1769,Mumbai,Jaipur,692.6,Heavy Rain,23.3,76.9,Medium,City Road,3.7,Standard,2025-01-08 17:00:00,0.46,923.5,1045.4,121.9,Moderate Delay
1770,Chennai,Delhi,1559.2,Heavy Rain,30.3,26.5,Low,Highway,36.8,Express,2025-08-26 19:00:00,0.35,2078.9,2195.8,116.9,Moderate Delay
1771,Ahmedabad,Raipur,901.0,Cloudy,27.8,2.1,Low,Rural Road,22.7,Express,2025-08-29 14:00:00,0.54,1201.3,1287.4,86.1,Moderate Delay
1772,Bangalore,Pune,713.6,Fog,23.0,0.0,High,Highway,36.3,Express,2025-09-10 12:00:00,0.3,951.5,1052.7,101.2,Moderate Delay
1773,Bangalore,Kolkata,597.8,Storm,27.8,30.7,Medium,City Road,28.6,Standard,2025-12-04 08:00:00,0.03,797.1,919.4,122.3,Moderate Delay
1774,Delhi,Raipur,1086.6,Rain,40.7,14.4,Low,City Road,24.9,Standard,2025-05-09 11:00:00,0.27,1448.8,1532.3,83.5,Moderate Delay
1775,Kolkata,Pune,189.9,Fog,21.5,0.0,Severe,Rural Road,22.5,Standard,2025-06-17 19:00:00,0.27,253.2,429.7,176.5,Moderate Delay
1776,Hyderabad,Bangalore,342.6,Storm,17.7,22.6,Low,Mixed,21.8,Same-Day,2025-01-25 12:00:00,0.56,456.8,574.6,117.8,Moderate Delay
1777,Bangalore,Mumbai,891.3,Cloudy,23.7,2.8,Low,City Road,12.5,Standard,2025-07-23 16:00:00,0.05,1188.4,1233.6,45.2,Slight Delay
1778,Mumbai,Ahmedabad,1708.0,Heavy Rain,19.9,71.4,High,City Road,20.3,Same-Day,2025-10-23 18:00:00,0.24,2277.3,2414.8,137.5,Moderate Delay
1779,Raipur,Chennai,652.2,Heavy Rain,12.6,16.4,High,Mixed,2.7,Standard,2025-05-24 22:00:00,0.18,869.6,991.8,122.2,Moderate Delay
1780,Hyderabad,Pune,1944.3,Cloudy,16.3,2.6,High,Rural Road,12.4,Express,2025-10-09 20:00:00,0.56,2592.4,2705.5,113.1,Moderate Delay
1781,Delhi,Pune,1783.7,Storm,42.0,36.4,High,Highway,33.0,Express,2025-08-07 06:00:00,0.1,2378.3,2519.0,140.7,Moderate Delay
1782,Ahmedabad,Bangalore,1939.5,Clear,35.2,0.0,Medium,Mixed,27.7,Standard,2025-03-03 15:00:00,0.16,2586.0,2673.0,87.0,Moderate Delay
1783,Bangalore,Pune,39.2,Rain,17.7,54.9,Severe,Mixed,44.8,Same-Day,2025-02-12 22:00:00,0.41,52.3,178.4,126.1,Moderate Delay
1784,Bangalore,Raipur,1112.7,Storm,37.7,21.1,Medium,City Road,17.5,Same-Day,2025-04-24 06:00:00,0.52,1483.6,1609.8,126.2,Moderate Delay
1785,Chennai,Pune,453.8,Storm,42.4,47.9,Medium,Highway,5.7,Same-Day,2025-07-05 13:00:00,0.12,605.1,722.2,117.1,Moderate Delay
1786,Ahmedabad,Bangalore,41.3,Rain,40.8,38.4,Medium,Highway,46.6,Same-Day,2025-03-26 13:00:00,0.3,55.1,109.1,54.0,Slight Delay
1787,Bangalore,Jaipur,254.9,Storm,15.1,18.9,Severe,City Road,16.7,Express,2025-01-26 18:00:00,0.54,339.9,557.6,217.7,Severe Delay
1788,Kolkata,Raipur,402.2,Storm,29.7,10.6,Severe,Mixed,17.7,Express,2025-06-14 10:00:00,0.14,536.3,712.1,175.8,Moderate Delay
1789,Kolkata,Mumbai,1476.0,Clear,39.2,0.0,High,Rural Road,45.2,Standard,2025-11-10 08:00:00,0.34,1968.0,2054.3,86.3,Moderate Delay
1790,Mumbai,Raipur,1995.8,Cloudy,25.1,3.6,Medium,Mixed,34.8,Standard,2025-05-05 18:00:00,0.12,2661.1,2737.5,76.4,Moderate Delay
1791,Bangalore,Raipur,1794.8,Heavy Rain,23.4,56.7,Medium,City Road,30.1,Express,2025-02-06 13:00:00,0.03,2393.1,2481.3,88.2,Moderate Delay
1792,Kolkata,Bangalore,1598.0,Heavy Rain,37.9,63.2,Low,City Road,26.5,Standard,2025-08-16 10:00:00,0.17,2130.7,2243.1,112.4,Moderate Delay
1793,Kolkata,Pune,1378.7,Clear,32.8,0.0,Low,Rural Road,21.1,Same-Day,2025-02-22 21:00:00,0.06,1838.3,1872.4,34.1,Slight Delay
1794,Chennai,Ahmedabad,469.9,Rain,18.6,71.9,Low,Mixed,26.8,Standard,2025-02-06 16:00:00,0.29,626.5,677.7,51.2,Slight Delay
1795,Kolkata,Mumbai,309.4,Heavy Rain,20.4,41.2,High,Highway,34.7,Same-Day,2025-08-27 19:00:00,0.15,412.5,518.3,105.8,Moderate Delay
1796,Jaipur,Bangalore,169.7,Fog,10.1,0.0,Severe,Rural Road,19.3,Standard,2025-09-25 09:00:00,0.36,226.3,380.3,154.0,Moderate Delay
1797,Delhi,Pune,1738.5,Cloudy,33.6,3.3,Severe,Mixed,30.1,Express,2025-01-30 09:00:00,0.12,2318.0,2441.1,123.1,Moderate Delay
1798,Kolkata,Hyderabad,1240.6,Rain,42.3,12.2,High,Mixed,25.4,Same-Day,2025-05-09 17:00:00,0.27,1654.1,1750.4,96.3,Moderate Delay
1799,Delhi,Mumbai,104.6,Clear,24.3,0.0,Severe,City Road,36.1,Same-Day,2025-09-11 13:00:00,0.12,139.5,225.8,86.3,Moderate Delay
1800,Jaipur,Pune,1245.9,Fog,44.2,0.0,High,Highway,21.6,Same-Day,2025-09-07 18:00:00,0.24,1661.2,1735.8,74.6,Moderate Delay
1801,Jaipur,Ahmedabad,943.2,Fog,10.1,0.0,Severe,Highway,20.4,Same-Day,2025-02-25 09:00:00,0.06,1257.6,1381.2,123.6,Moderate Delay
1802,Jaipur,Delhi,884.5,Clear,19.4,0.0,Medium,Rural Road,35.2,Same-Day,2025-12-11 19:00:00,0.08,1179.3,1207.5,28.2,Slight Delay
1803,Pune,Mumbai,1004.9,Rain,25.3,34.5,Severe,Mixed,25.2,Same-Day,2025-09-25 07:00:00,0.32,1339.9,1463.7,123.8,Moderate Delay
1804,Pune,Raipur,1781.4,Fog,34.4,0.0,Low,City Road,45.0,Same-Day,2025-04-03 06:00:00,0.43,2375.2,2485.0,109.8,Moderate Delay
1805,Hyderabad,Delhi,1166.7,Rain,44.4,36.3,Severe,Highway,11.0,Same-Day,2025-08-22 14:00:00,0.31,1555.6,1688.9,133.3,Moderate Delay
1806,Hyderabad,Pune,755.7,Rain,23.8,12.5,Medium,Rural Road,38.2,Express,2025-01-25 16:00:00,0.22,1007.6,1083.2,75.6,Moderate Delay
1807,Raipur,Kolkata,1050.4,Cloudy,23.6,2.6,Medium,Rural Road,16.6,Same-Day,2025-07-25 17:00:00,0.37,1400.5,1440.6,40.1,Slight Delay
1808,Bangalore,Ahmedabad,163.1,Clear,41.3,0.0,High,Rural Road,30.8,Same-Day,2025-10-03 13:00:00,0.07,217.5,285.7,68.2,Moderate Delay
1809,Hyderabad,Kolkata,1503.0,Clear,17.1,0.0,Low,Mixed,43.2,Express,2025-11-15 21:00:00,0.21,2004.0,2057.4,53.4,Slight Delay
1810,Bangalore,Raipur,55.9,Cloudy,31.3,2.5,High,Mixed,10.2,Express,2025-06-22 20:00:00,0.6,74.5,180.8,106.3,Moderate Delay
1811,Hyderabad,Bangalore,1862.1,Cloudy,22.6,4.0,High,Highway,25.2,Standard,2025-04-08 15:00:00,0.24,2482.8,2588.9,106.1,Moderate Delay
1812,Ahmedabad,Jaipur,1363.5,Rain,38.9,25.3,Medium,Mixed,27.4,Same-Day,2025-12-23 08:00:00,0.58,1818.0,1893.0,75.0,Moderate Delay
1813,Chennai,Delhi,1779.3,Clear,44.7,0.0,Severe,Rural Road,28.6,Standard,2025-06-24 17:00:00,0.46,2372.4,2498.1,125.7,Moderate Delay
1814,Pune,Bangalore,147.9,Heavy Rain,28.5,25.5,Low,Rural Road,39.9,Same-Day,2025-10-19 08:00:00,0.0,197.2,256.2,59.0,Slight Delay
1815,Hyderabad,Chennai,434.0,Heavy Rain,44.8,63.0,Low,City Road,36.5,Same-Day,2025-03-21 14:00:00,0.22,578.7,645.6,66.9,Moderate Delay
1816,Mumbai,Ahmedabad,536.0,Cloudy,16.0,0.7,Medium,City Road,18.6,Standard,2025-08-14 12:00:00,0.3,714.7,766.4,51.7,Slight Delay
1817,Bangalore,Mumbai,1215.5,Rain,28.5,78.7,Medium,Highway,37.5,Same-Day,2025-09-05 20:00:00,0.35,1620.7,1691.6,70.9,Moderate Delay
1818,Pune,Jaipur,555.7,Storm,32.0,73.8,Medium,Mixed,16.2,Standard,2025-09-23 18:00:00,0.13,740.9,822.1,81.2,Moderate Delay
1819,Jaipur,Pune,655.3,Fog,34.7,0.0,High,Rural Road,43.6,Express,2025-08-09 17:00:00,0.47,873.7,969.9,96.2,Moderate Delay
1820,Hyderabad,Chennai,452.1,Rain,40.5,72.7,High,Highway,17.3,Same-Day,2025-03-10 16:00:00,0.21,602.8,697.1,94.3,Moderate Delay
1821,Chennai,Jaipur,538.9,Storm,41.8,76.3,Medium,Highway,13.8,Same-Day,2025-12-29 21:00:00,0.45,718.5,820.5,102.0,Moderate Delay
1822,Ahmedabad,Hyderabad,352.1,Clear,13.2,0.0,Medium,Rural Road,29.0,Same-Day,2025-12-26 13:00:00,0.59,469.5,529.4,59.9,Slight Delay
1823,Raipur,Kolkata,974.5,Storm,26.2,44.1,Low,Mixed,47.7,Same-Day,2025-08-13 21:00:00,0.36,1299.3,1431.9,132.6,Moderate Delay
1824,Jaipur,Pune,1053.7,Clear,16.8,0.0,Medium,Highway,34.6,Same-Day,2025-08-18 07:00:00,0.54,1404.9,1432.3,27.4,Slight Delay
1825,Hyderabad,Ahmedabad,1397.6,Fog,21.3,0.0,Medium,Highway,40.8,Same-Day,2025-07-01 08:00:00,0.33,1863.5,1935.6,72.1,Moderate Delay
1826,Kolkata,Hyderabad,1782.1,Fog,26.4,0.0,Low,Mixed,42.6,Express,2025-12-27 10:00:00,0.2,2376.1,2454.0,77.9,Moderate Delay
1827,Pune,Chennai,1898.6,Fog,30.1,0.0,Severe,Rural Road,38.1,Same-Day,2025-12-23 15:00:00,0.05,2531.5,2679.6,148.1,Moderate Delay
1828,Hyderabad,Chennai,1465.4,Storm,16.5,31.0,Severe,City Road,33.3,Same-Day,2025-12-15 16:00:00,0.29,1953.9,2187.4,233.5,Severe Delay
1829,Mumbai,Delhi,840.7,Fog,11.2,0.0,High,Highway,7.2,Standard,2025-11-11 08:00:00,0.19,1120.9,1227.3,106.4,Moderate Delay
1830,Ahmedabad,Pune,653.3,Fog,21.4,0.0,Medium,City Road,33.8,Standard,2025-11-04 11:00:00,0.32,871.1,934.7,63.6,Moderate Delay
1831,Bangalore,Mumbai,1575.2,Fog,13.9,0.0,Severe,Highway,36.3,Express,2025-02-15 09:00:00,0.23,2100.3,2263.4,163.1,Moderate Delay
1832,Pune,Raipur,592.8,Heavy Rain,12.2,69.4,Severe,Mixed,16.0,Standard,2025-06-25 11:00:00,0.12,790.4,975.5,185.1,Severe Delay
1833,Delhi,Hyderabad,862.4,Rain,36.0,77.4,Medium,Mixed,11.8,Express,2025-09-13 08:00:00,0.09,1149.9,1204.1,54.2,Slight Delay
1834,Bangalore,Hyderabad,1286.5,Heavy Rain,24.6,49.6,Medium,City Road,21.3,Express,2025-11-28 08:00:00,0.09,1715.3,1817.9,102.6,Moderate Delay
1835,Hyderabad,Ahmedabad,841.1,Clear,37.5,0.0,High,Highway,20.9,Same-Day,2025-02-01 07:00:00,0.42,1121.5,1174.3,52.8,Slight Delay
1836,Hyderabad,Delhi,1419.7,Cloudy,36.1,3.6,Low,Highway,20.8,Standard,2025-06-17 18:00:00,0.38,1892.9,1999.8,106.9,Moderate Delay
1837,Kolkata,Mumbai,1813.4,Storm,11.9,28.1,High,Highway,14.8,Standard,2025-04-07 21:00:00,0.38,2417.9,2604.3,186.4,Severe Delay
1838,Bangalore,Jaipur,1142.5,Cloudy,30.6,1.7,High,Highway,23.4,Same-Day,2025-03-21 17:00:00,0.05,1523.3,1599.1,75.8,Moderate Delay
1839,Jaipur,Bangalore,1221.1,Heavy Rain,16.5,57.1,Medium,City Road,4.0,Express,2025-01-16 07:00:00,0.17,1628.1,1734.1,106.0,Moderate Delay
1840,Ahmedabad,Delhi,1553.1,Rain,21.3,65.4,High,Highway,9.1,Express,2025-12-16 11:00:00,0.3,2070.8,2183.5,112.7,Moderate Delay
1841,Jaipur,Ahmedabad,997.6,Cloudy,40.9,0.4,Low,Mixed,3.3,Standard,2025-11-05 10:00:00,0.14,1330.1,1363.8,33.7,Slight Delay
1842,Jaipur,Hyderabad,1234.8,Heavy Rain,43.1,55.6,Severe,Mixed,39.3,Standard,2025-12-09 08:00:00,0.22,1646.4,1805.9,159.5,Moderate Delay
1843,Hyderabad,Chennai,1977.8,Rain,12.5,8.4,Medium,City Road,7.9,Express,2025-04-07 18:00:00,0.23,2637.1,2724.0,86.9,Moderate Delay
1844,Mumbai,Pune,1825.8,Clear,44.0,0.0,Severe,Highway,25.1,Same-Day,2025-02-16 16:00:00,0.14,2434.4,2520.6,86.2,Moderate Delay
1845,Ahmedabad,Jaipur,1224.1,Storm,32.5,54.9,Severe,City Road,18.9,Express,2025-06-14 10:00:00,0.48,1632.1,1832.0,199.9,Severe Delay
1846,Raipur,Chennai,310.0,Rain,40.4,26.3,Severe,Mixed,39.3,Express,2025-07-13 08:00:00,0.4,413.3,499.7,86.4,Moderate Delay
1847,Raipur,Mumbai,704.0,Heavy Rain,39.2,32.5,Low,Rural Road,37.9,Same-Day,2025-09-05 18:00:00,0.26,938.7,1035.8,97.1,Moderate Delay
1848,Kolkata,Ahmedabad,859.4,Rain,18.0,10.3,Low,Highway,27.0,Standard,2025-02-15 15:00:00,0.59,1145.9,1228.9,83.0,Moderate Delay
1849,Jaipur,Ahmedabad,48.3,Cloudy,14.1,4.4,High,Highway,41.9,Same-Day,2025-01-15 07:00:00,0.18,64.4,120.6,56.2,Slight Delay
1850,Kolkata,Raipur,482.4,Cloudy,38.3,1.9,High,Highway,41.8,Same-Day,2025-08-11 22:00:00,0.23,643.2,677.6,34.4,Slight Delay
1851,Ahmedabad,Bangalore,1897.4,Storm,30.1,43.1,High,Highway,42.1,Standard,2025-02-20 20:00:00,0.52,2529.9,2703.4,173.5,Moderate Delay
1852,Bangalore,Kolkata,669.6,Fog,24.2,0.0,High,Highway,41.2,Same-Day,2025-04-15 21:00:00,0.36,892.8,975.6,82.8,Moderate Delay
1853,Chennai,Mumbai,1689.7,Clear,11.0,0.0,Severe,City Road,11.9,Same-Day,2025-03-01 15:00:00,0.54,2252.9,2412.6,159.7,Moderate Delay
1854,Mumbai,Kolkata,1672.5,Fog,37.0,0.0,High,City Road,40.8,Express,2025-04-27 17:00:00,0.31,2230.0,2358.3,128.3,Moderate Delay
1855,Pune,Mumbai,1712.1,Cloudy,12.8,4.2,Medium,City Road,15.0,Same-Day,2025-12-09 14:00:00,0.39,2282.8,2374.1,91.3,Moderate Delay
1856,Pune,Kolkata,660.6,Cloudy,18.8,1.4,High,Mixed,47.5,Same-Day,2025-01-06 19:00:00,0.22,880.8,961.6,80.8,Moderate Delay
1857,Pune,Raipur,1224.0,Rain,27.5,33.7,Medium,Mixed,45.0,Express,2025-11-04 06:00:00,0.15,1632.0,1710.7,78.7,Moderate Delay
1858,Pune,Mumbai,1535.6,Fog,22.5,0.0,Severe,City Road,40.2,Same-Day,2025-12-20 13:00:00,0.21,2047.5,2202.4,154.9,Moderate Delay
1859,Delhi,Bangalore,577.9,Clear,25.4,0.0,Medium,Mixed,3.6,Standard,2025-04-04 16:00:00,0.52,770.5,831.9,61.4,Moderate Delay
1860,Bangalore,Hyderabad,556.0,Fog,31.1,0.0,Severe,Rural Road,46.5,Same-Day,2025-05-27 15:00:00,0.51,741.3,911.2,169.9,Moderate Delay
1861,Jaipur,Kolkata,621.7,Clear,21.3,0.0,Low,Mixed,49.5,Standard,2025-02-14 21:00:00,0.08,828.9,847.4,18.5,Slight Delay
1862,Chennai,Bangalore,1584.3,Storm,25.4,37.4,Low,Mixed,28.1,Express,2025-02-25 09:00:00,0.35,2112.4,2245.5,133.1,Moderate Delay
1863,Chennai,Mumbai,604.3,Heavy Rain,22.6,51.7,Medium,Highway,11.9,Same-Day,2025-02-04 13:00:00,0.55,805.7,895.6,89.9,Moderate Delay
1864,Pune,Hyderabad,92.5,Heavy Rain,25.3,13.8,Medium,Mixed,21.1,Same-Day,2025-01-22 22:00:00,0.5,123.3,222.6,99.3,Moderate Delay
1865,Chennai,Kolkata,855.2,Fog,24.9,0.0,High,Highway,46.0,Same-Day,2025-01-08 10:00:00,0.35,1140.3,1269.8,129.5,Moderate Delay
1866,Hyderabad,Kolkata,432.4,Cloudy,37.8,4.7,High,Mixed,44.6,Standard,2025-11-26 07:00:00,0.19,576.5,664.8,88.3,Moderate Delay
1867,Pune,Raipur,1081.3,Cloudy,28.0,0.2,High,Highway,3.9,Standard,2025-04-05 12:00:00,0.0,1441.7,1499.4,57.7,Slight Delay
1868,Hyderabad,Ahmedabad,1671.1,Clear,15.8,0.0,Severe,Highway,3.1,Standard,2025-11-05 22:00:00,0.11,2228.1,2337.7,109.6,Moderate Delay
1869,Kolkata,Jaipur,200.4,Cloudy,15.2,2.5,Medium,Rural Road,46.1,Standard,2025-02-27 08:00:00,0.52,267.2,347.5,80.3,Moderate Delay
1870,Pune,Jaipur,784.4,Storm,25.5,44.3,Low,City Road,6.9,Same-Day,2025-06-14 17:00:00,0.22,1045.9,1121.7,75.8,Moderate Delay
1871,Mumbai,Chennai,975.8,Clear,14.7,0.0,Medium,Highway,19.5,Express,2025-01-02 07:00:00,0.07,1301.1,1324.4,23.3,Slight Delay
1872,Pune,Delhi,700.9,Cloudy,39.6,0.4,Low,Highway,43.0,Standard,2025-11-29 21:00:00,0.29,934.5,984.9,50.4,Slight Delay
1873,Jaipur,Pune,474.7,Rain,44.1,11.3,Severe,Mixed,3.9,Same-Day,2025-05-02 21:00:00,0.36,632.9,780.4,147.5,Moderate Delay
1874,Jaipur,Kolkata,987.2,Rain,12.3,41.4,Severe,Mixed,21.6,Standard,2025-08-21 17:00:00,0.43,1316.3,1426.3,110.0,Moderate Delay
1875,Chennai,Bangalore,1321.3,Rain,44.8,53.9,Medium,Mixed,30.5,Express,2025-03-24 17:00:00,0.25,1761.7,1839.3,77.6,Moderate Delay
1876,Mumbai,Raipur,1535.9,Rain,38.7,14.4,Medium,Highway,48.9,Express,2025-07-30 13:00:00,0.59,2047.9,2152.5,104.6,Moderate Delay
1877,Pune,Bangalore,427.8,Fog,24.8,0.0,High,City Road,33.4,Express,2025-08-04 19:00:00,0.04,570.4,668.9,98.5,Moderate Delay
1878,Raipur,Ahmedabad,1580.0,Heavy Rain,11.2,73.0,Severe,Mixed,46.0,Express,2025-06-22 16:00:00,0.34,2106.7,2274.0,167.3,Moderate Delay
1879,Pune,Bangalore,819.7,Fog,33.9,0.0,Medium,City Road,5.5,Standard,2025-12-31 12:00:00,0.08,1092.9,1192.3,99.4,Moderate Delay
1880,Jaipur,Chennai,692.5,Fog,22.7,0.0,High,Mixed,16.1,Same-Day,2025-07-29 17:00:00,0.43,923.3,1032.1,108.8,Moderate Delay
1881,Kolkata,Chennai,1570.2,Heavy Rain,33.5,42.3,Medium,Mixed,36.1,Standard,2025-10-05 20:00:00,0.49,2093.6,2211.6,118.0,Moderate Delay
1882,Kolkata,Raipur,1723.5,Clear,28.0,0.0,Medium,City Road,27.0,Express,2025-10-10 11:00:00,0.52,2298.0,2361.4,63.4,Moderate Delay
1883,Pune,Jaipur,999.8,Heavy Rain,43.8,77.8,Medium,Mixed,42.6,Standard,2025-12-22 12:00:00,0.19,1333.1,1449.1,116.0,Moderate Delay
1884,Pune,Bangalore,1298.2,Rain,22.7,42.5,Medium,Mixed,45.3,Same-Day,2025-04-12 10:00:00,0.38,1730.9,1817.1,86.2,Moderate Delay
1885,Pune,Hyderabad,954.2,Heavy Rain,27.5,71.3,Medium,City Road,30.4,Express,2025-06-11 22:00:00,0.42,1272.3,1418.2,145.9,Moderate Delay
1886,Mumbai,Bangalore,1209.1,Clear,14.7,0.0,Low,Highway,19.9,Standard,2025-01-28 16:00:00,0.58,1612.1,1666.6,54.5,Slight Delay
1887,Delhi,Pune,122.2,Rain,14.2,19.5,Medium,City Road,42.0,Standard,2025-06-07 08:00:00,0.04,162.9,206.5,43.6,Slight Delay
1888,Hyderabad,Pune,1446.2,Storm,38.4,15.4,Severe,Mixed,24.6,Express,2025-12-27 11:00:00,0.15,1928.3,2103.5,175.2,Moderate Delay
1889,Kolkata,Hyderabad,1934.0,Clear,39.7,0.0,Medium,City Road,44.1,Standard,2025-08-01 09:00:00,0.28,2578.7,2668.5,89.8,Moderate Delay
1890,Ahmedabad,Pune,319.2,Cloudy,22.8,0.6,Severe,Rural Road,20.5,Same-Day,2025-05-08 09:00:00,0.02,425.6,512.8,87.2,Moderate Delay
1891,Bangalore,Ahmedabad,1055.6,Clear,27.8,0.0,Low,City Road,16.2,Express,2025-08-31 18:00:00,0.5,1407.5,1491.2,83.7,Moderate Delay
1892,Raipur,Bangalore,576.1,Clear,33.2,0.0,High,Mixed,49.1,Same-Day,2025-10-20 11:00:00,0.38,768.1,863.3,95.2,Moderate Delay
1893,Raipur,Mumbai,1963.2,Heavy Rain,37.1,38.6,High,Rural Road,26.8,Standard,2025-07-09 08:00:00,0.54,2617.6,2766.9,149.3,Moderate Delay
1894,Bangalore,Chennai,821.7,Storm,38.2,40.1,High,Mixed,42.2,Standard,2025-02-26 12:00:00,0.21,1095.6,1266.4,170.8,Moderate Delay
1895,Hyderabad,Kolkata,479.3,Fog,44.5,0.0,Low,Rural Road,25.4,Same-Day,2025-09-11 06:00:00,0.57,639.1,711.8,72.7,Moderate Delay
1896,Jaipur,Pune,535.7,Cloudy,17.5,4.3,High,Rural Road,30.1,Standard,2025-09-20 14:00:00,0.46,714.3,810.6,96.3,Moderate Delay
1897,Ahmedabad,Mumbai,818.6,Heavy Rain,26.5,72.2,High,City Road,28.2,Standard,2025-11-29 13:00:00,0.18,1091.5,1234.9,143.4,Moderate Delay
1898,Kolkata,Hyderabad,766.6,Heavy Rain,13.0,40.2,Severe,Rural Road,37.7,Standard,2025-05-20 20:00:00,0.22,1022.1,1215.8,193.7,Severe Delay
1899,Delhi,Pune,306.9,Storm,13.6,51.2,Low,City Road,6.2,Same-Day,2025-01-06 06:00:00,0.51,409.2,565.9,156.7,Moderate Delay
1900,Kolkata,Raipur,1384.0,Cloudy,14.7,2.5,Severe,Mixed,39.2,Express,2025-01-19 14:00:00,0.13,1845.3,1947.2,101.9,Moderate Delay
1901,Pune,Hyderabad,1447.4,Rain,37.4,75.0,Severe,Mixed,18.7,Same-Day,2025-06-25 10:00:00,0.41,1929.9,2055.4,125.5,Moderate Delay
1902,Hyderabad,Kolkata,1817.6,Storm,32.7,40.8,Medium,Mixed,40.8,Express,2025-05-17 08:00:00,0.27,2423.5,2554.7,131.2,Moderate Delay
1903,Raipur,Delhi,968.5,Fog,20.6,0.0,High,Highway,23.7,Standard,2025-03-07 09:00:00,0.13,1291.3,1393.1,101.8,Moderate Delay
1904,Chennai,Delhi,1987.0,Cloudy,40.8,2.7,High,Highway,49.5,Standard,2025-10-20 13:00:00,0.42,2649.3,2740.4,91.1,Moderate Delay
1905,Delhi,Bangalore,1176.8,Clear,11.3,0.0,Low,Rural Road,43.9,Same-Day,2025-02-06 10:00:00,0.18,1569.1,1601.5,32.4,Slight Delay
1906,Jaipur,Raipur,534.2,Fog,31.4,0.0,High,Highway,2.5,Same-Day,2025-03-04 07:00:00,0.58,712.3,837.2,124.9,Moderate Delay
1907,Bangalore,Kolkata,1383.4,Fog,19.7,0.0,Low,City Road,22.6,Standard,2025-02-16 06:00:00,0.26,1844.5,1958.2,113.7,Moderate Delay
1908,Pune,Chennai,1326.3,Cloudy,29.7,0.3,Low,Highway,30.0,Express,2025-06-14 22:00:00,0.01,1768.4,1817.4,49.0,Slight Delay
1909,Chennai,Ahmedabad,642.8,Cloudy,32.0,3.8,Severe,City Road,25.3,Express,2025-05-28 07:00:00,0.53,857.1,1023.7,166.6,Moderate Delay
1910,Raipur,Bangalore,368.4,Storm,42.1,23.4,Low,Highway,12.6,Standard,2025-04-12 14:00:00,0.49,491.2,583.0,91.8,Moderate Delay
1911,Bangalore,Jaipur,1104.4,Storm,34.9,69.5,Medium,Highway,46.8,Same-Day,2025-02-08 12:00:00,0.47,1472.5,1646.4,173.9,Moderate Delay
1912,Bangalore,Pune,1385.6,Cloudy,35.2,2.8,Medium,Mixed,11.6,Same-Day,2025-10-31 15:00:00,0.57,1847.5,1950.7,103.2,Moderate Delay
1913,Jaipur,Pune,822.2,Storm,11.3,8.6,High,City Road,14.6,Express,2025-05-09 17:00:00,0.38,1096.3,1242.9,146.6,Moderate Delay
1914,Chennai,Jaipur,169.1,Clear,32.4,0.0,High,Rural Road,40.9,Standard,2025-02-03 07:00:00,0.45,225.5,325.4,99.9,Moderate Delay
1915,Delhi,Ahmedabad,382.7,Rain,17.5,26.7,Low,Mixed,48.8,Standard,2025-12-12 20:00:00,0.59,510.3,596.0,85.7,Moderate Delay
1916,Mumbai,Bangalore,680.9,Rain,39.9,16.2,High,Highway,47.3,Same-Day,2025-05-15 16:00:00,0.3,907.9,996.4,88.5,Moderate Delay
1917,Raipur,Hyderabad,1018.7,Fog,43.8,0.0,Severe,Rural Road,34.8,Express,2025-06-03 21:00:00,0.15,1358.3,1489.6,131.3,Moderate Delay
1918,Hyderabad,Jaipur,1842.1,Fog,38.2,0.0,Medium,City Road,7.5,Same-Day,2025-03-29 07:00:00,0.46,2456.1,2580.7,124.6,Moderate Delay
1919,Hyderabad,Raipur,995.9,Heavy Rain,34.4,7.6,Severe,Rural Road,38.3,Express,2025-08-26 20:00:00,0.02,1327.9,1479.9,152.0,Moderate Delay
1920,Raipur,Bangalore,972.7,Cloudy,37.6,0.4,Severe,Mixed,10.0,Standard,2025-03-13 16:00:00,0.33,1296.9,1401.6,104.7,Moderate Delay
1921,Pune,Bangalore,810.0,Heavy Rain,38.9,10.4,High,Highway,10.2,Express,2025-12-05 11:00:00,0.18,1080.0,1202.4,122.4,Moderate Delay
1922,Bangalore,Chennai,461.1,Cloudy,39.6,4.1,Low,Highway,20.1,Express,2025-08-30 10:00:00,0.35,614.8,659.8,45.0,Slight Delay
1923,Kolkata,Pune,49.3,Cloudy,19.4,1.0,Low,Mixed,25.7,Express,2025-03-23 15:00:00,0.12,65.7,83.5,17.8,Slight Delay
1924,Ahmedabad,Kolkata,1511.5,Cloudy,43.5,0.1,Medium,Mixed,27.1,Same-Day,2025-09-13 19:00:00,0.13,2015.3,2092.6,77.3,Moderate Delay
1925,Pune,Bangalore,1113.3,Heavy Rain,39.6,29.0,Low,Rural Road,22.2,Standard,2025-02-04 16:00:00,0.28,1484.4,1569.0,84.6,Moderate Delay
1926,Raipur,Kolkata,1231.0,Cloudy,14.7,1.3,Medium,Mixed,2.6,Standard,2025-08-02 21:00:00,0.04,1641.3,1683.6,42.3,Slight Delay
1927,Mumbai,Hyderabad,884.7,Fog,42.0,0.0,Medium,Rural Road,39.7,Same-Day,2025-06-09 19:00:00,0.18,1179.6,1293.5,113.9,Moderate Delay
1928,Jaipur,Delhi,1349.0,Storm,16.8,20.0,Medium,Rural Road,23.7,Express,2025-07-11 10:00:00,0.55,1798.7,1931.5,132.8,Moderate Delay
1929,Hyderabad,Ahmedabad,1379.8,Clear,12.0,0.0,Low,Mixed,21.2,Express,2025-08-02 13:00:00,0.35,1839.7,1896.4,56.7,Slight Delay
1930,Chennai,Pune,50.9,Fog,32.5,0.0,Medium,Rural Road,4.1,Same-Day,2025-09-01 14:00:00,0.0,67.9,115.2,47.3,Slight Delay
1931,Ahmedabad,Hyderabad,834.1,Storm,18.2,43.6,High,City Road,40.0,Standard,2025-06-14 13:00:00,0.5,1112.1,1325.2,213.1,Severe Delay
1932,Jaipur,Chennai,1409.5,Cloudy,16.2,4.9,Severe,Mixed,31.0,Standard,2025-06-10 22:00:00,0.1,1879.3,2000.5,121.2,Moderate Delay
1933,Delhi,Raipur,1214.9,Cloudy,34.0,2.0,High,Highway,38.8,Same-Day,2025-09-09 20:00:00,0.58,1619.9,1730.9,111.0,Moderate Delay
1934,Jaipur,Kolkata,1133.8,Clear,34.5,0.0,Severe,Mixed,49.8,Standard,2025-05-22 10:00:00,0.02,1511.7,1583.5,71.8,Moderate Delay
1935,Hyderabad,Mumbai,662.8,Heavy Rain,26.0,21.2,Medium,City Road,43.4,Same-Day,2025-01-02 16:00:00,0.35,883.7,994.9,111.2,Moderate Delay
1936,Hyderabad,Ahmedabad,628.3,Storm,15.4,68.0,Medium,Rural Road,3.7,Express,2025-09-06 16:00:00,0.17,837.7,952.7,115.0,Moderate Delay
1937,Jaipur,Ahmedabad,1868.6,Cloudy,20.9,1.8,Medium,Highway,23.9,Express,2025-02-01 12:00:00,0.34,2491.5,2587.0,95.5,Moderate Delay
1938,Ahmedabad,Jaipur,1177.2,Rain,17.5,11.8,Medium,Mixed,35.1,Express,2025-12-25 06:00:00,0.43,1569.6,1660.2,90.6,Moderate Delay
1939,Kolkata,Hyderabad,1623.7,Cloudy,31.4,0.6,Medium,Rural Road,34.3,Standard,2025-01-15 19:00:00,0.59,2164.9,2279.8,114.9,Moderate Delay
1940,Delhi,Pune,1908.6,Heavy Rain,25.8,14.7,Medium,Mixed,5.9,Same-Day,2025-07-15 11:00:00,0.39,2544.8,2687.3,142.5,Moderate Delay
1941,Jaipur,Raipur,420.5,Rain,34.1,5.8,Low,Rural Road,15.6,Express,2025-05-22 12:00:00,0.24,560.7,607.2,46.5,Slight Delay
1942,Jaipur,Raipur,343.5,Rain,37.6,5.5,Medium,City Road,6.8,Express,2025-01-09 09:00:00,0.32,458.0,519.6,61.6,Moderate Delay
1943,Mumbai,Pune,1958.9,Storm,14.4,33.0,Severe,Rural Road,46.6,Standard,2025-06-11 18:00:00,0.53,2611.9,2871.3,259.4,Severe Delay
1944,Ahmedabad,Mumbai,390.9,Fog,32.2,0.0,Severe,Rural Road,29.7,Express,2025-04-02 16:00:00,0.39,521.2,690.1,168.9,Moderate Delay
1945,Jaipur,Mumbai,566.9,Fog,34.9,0.0,High,Rural Road,30.5,Same-Day,2025-10-19 07:00:00,0.51,755.9,856.7,100.8,Moderate Delay
1946,Ahmedabad,Mumbai,395.4,Fog,38.2,0.0,Medium,Mixed,14.1,Standard,2025-02-04 10:00:00,0.2,527.2,591.0,63.8,Moderate Delay
1947,Bangalore,Delhi,1642.2,Storm,37.9,12.6,Medium,City Road,40.1,Standard,2025-07-04 17:00:00,0.07,2189.6,2341.0,151.4,Moderate Delay
1948,Hyderabad,Delhi,479.6,Heavy Rain,15.8,62.0,High,Highway,17.6,Express,2025-07-25 07:00:00,0.08,639.5,733.8,94.3,Moderate Delay
1949,Ahmedabad,Pune,1938.4,Fog,41.6,0.0,Severe,City Road,25.8,Same-Day,2025-02-15 12:00:00,0.54,2584.5,2777.0,192.5,Severe Delay
1950,Raipur,Bangalore,64.2,Clear,11.9,0.0,High,City Road,26.9,Standard,2025-01-29 06:00:00,0.11,85.6,167.4,81.8,Moderate Delay
1951,Mumbai,Kolkata,1662.4,Heavy Rain,44.9,67.9,Low,Highway,28.1,Standard,2025-04-30 10:00:00,0.12,2216.5,2290.2,73.7,Moderate Delay
1952,Bangalore,Jaipur,144.1,Rain,40.6,46.8,High,Mixed,16.9,Same-Day,2025-12-10 18:00:00,0.21,192.1,281.9,89.8,Moderate Delay
1953,Mumbai,Jaipur,1355.4,Rain,20.3,44.7,Severe,Highway,42.1,Same-Day,2025-12-23 19:00:00,0.04,1807.2,1923.4,116.2,Moderate Delay
1954,Ahmedabad,Delhi,354.5,Clear,36.3,0.0,Medium,Highway,4.6,Standard,2025-04-28 21:00:00,0.34,472.7,513.3,40.6,Slight Delay
1955,Mumbai,Pune,450.0,Fog,36.0,0.0,Low,Rural Road,2.6,Same-Day,2025-03-26 18:00:00,0.5,600.0,668.3,68.3,Moderate Delay
1956,Chennai,Bangalore,1071.7,Storm,35.6,12.1,Low,Rural Road,26.7,Express,2025-10-12 17:00:00,0.17,1428.9,1577.6,148.7,Moderate Delay
1957,Ahmedabad,Pune,1803.7,Cloudy,21.4,3.7,Medium,Rural Road,37.0,Express,2025-04-11 16:00:00,0.01,2404.9,2451.6,46.7,Slight Delay
1958,Kolkata,Raipur,980.4,Clear,31.3,0.0,High,Mixed,8.4,Standard,2025-08-17 22:00:00,0.47,1307.2,1414.5,107.3,Moderate Delay
1959,Pune,Chennai,1762.5,Cloudy,26.9,1.8,Low,Highway,16.6,Express,2025-02-24 12:00:00,0.16,2350.0,2385.7,35.7,Slight Delay
1960,Chennai,Hyderabad,1046.3,Fog,27.4,0.0,Medium,Rural Road,15.4,Express,2025-08-26 07:00:00,0.54,1395.1,1509.6,114.5,Moderate Delay
1961,Chennai,Hyderabad,226.3,Cloudy,39.1,3.4,Low,Rural Road,2.1,Standard,2025-04-21 11:00:00,0.08,301.7,339.6,37.9,Slight Delay
1962,Hyderabad,Chennai,536.4,Heavy Rain,41.9,6.4,Severe,Rural Road,18.6,Express,2025-07-20 11:00:00,0.44,715.2,887.3,172.1,Moderate Delay
1963,Raipur,Ahmedabad,1112.7,Storm,27.7,28.9,High,City Road,13.2,Standard,2025-11-12 09:00:00,0.01,1483.6,1607.6,124.0,Moderate Delay
1964,Mumbai,Delhi,1486.9,Storm,13.9,55.2,Low,Highway,39.1,Express,2025-01-01 15:00:00,0.44,1982.5,2128.2,145.7,Moderate Delay
1965,Raipur,Pune,375.5,Fog,41.7,0.0,Medium,Highway,16.0,Standard,2025-07-08 12:00:00,0.08,500.7,570.3,69.6,Moderate Delay
1966,Chennai,Raipur,743.3,Fog,12.1,0.0,High,Highway,41.6,Express,2025-08-02 06:00:00,0.1,991.1,1082.9,91.8,Moderate Delay
1967,Kolkata,Mumbai,264.0,Clear,40.2,0.0,High,City Road,2.1,Express,2025-08-22 12:00:00,0.59,352.0,436.2,84.2,Moderate Delay
1968,Delhi,Mumbai,335.8,Heavy Rain,16.2,73.9,Medium,Highway,6.0,Standard,2025-02-14 13:00:00,0.52,447.7,564.5,116.8,Moderate Delay
1969,Raipur,Jaipur,987.8,Rain,40.1,14.0,High,Highway,45.5,Same-Day,2025-10-16 21:00:00,0.51,1317.1,1442.1,125.0,Moderate Delay
1970,Delhi,Chennai,529.8,Cloudy,25.4,1.4,Low,Mixed,6.6,Same-Day,2025-07-13 06:00:00,0.19,706.4,712.4,6.0,On Time
1971,Mumbai,Ahmedabad,247.4,Heavy Rain,14.9,51.3,Severe,Mixed,30.6,Standard,2025-01-07 07:00:00,0.13,329.9,484.9,155.0,Moderate Delay
1972,Delhi,Hyderabad,871.4,Fog,30.1,0.0,High,Mixed,5.0,Standard,2025-05-17 06:00:00,0.56,1161.9,1288.9,127.0,Moderate Delay
1973,Kolkata,Chennai,1268.4,Cloudy,32.7,2.9,Severe,Highway,9.6,Same-Day,2025-01-23 19:00:00,0.36,1691.2,1826.2,135.0,Moderate Delay
1974,Ahmedabad,Raipur,117.1,Cloudy,39.3,2.4,Low,Rural Road,40.8,Express,2025-02-15 17:00:00,0.19,156.1,193.2,37.1,Slight Delay
1975,Raipur,Ahmedabad,1590.2,Storm,21.0,31.6,Medium,Rural Road,2.8,Same-Day,2025-07-10 10:00:00,0.01,2120.3,2235.0,114.7,Moderate Delay
1976,Hyderabad,Pune,1660.8,Heavy Rain,40.4,44.2,Medium,Mixed,45.7,Express,2025-08-28 17:00:00,0.51,2214.4,2333.2,118.8,Moderate Delay
1977,Kolkata,Bangalore,37.2,Fog,15.5,0.0,Severe,Mixed,44.1,Express,2025-08-10 08:00:00,0.14,49.6,178.7,129.1,Moderate Delay
1978,Jaipur,Kolkata,1347.9,Cloudy,32.6,1.1,High,Rural Road,38.0,Same-Day,2025-08-27 20:00:00,0.05,1797.2,1877.6,80.4,Moderate Delay
1979,Ahmedabad,Bangalore,696.5,Clear,15.6,0.0,High,City Road,38.4,Same-Day,2025-06-24 11:00:00,0.04,928.7,1027.7,99.0,Moderate Delay
1980,Jaipur,Bangalore,1344.0,Cloudy,29.4,1.8,Severe,Highway,44.6,Express,2025-02-27 22:00:00,0.05,1792.0,1916.2,124.2,Moderate Delay
1981,Ahmedabad,Mumbai,1328.4,Storm,10.5,18.5,Low,Highway,17.4,Express,2025-10-09 11:00:00,0.14,1771.2,1895.8,124.6,Moderate Delay
1982,Chennai,Pune,414.9,Heavy Rain,44.0,43.8,Low,Rural Road,44.9,Same-Day,2025-07-11 18:00:00,0.21,553.2,625.2,72.0,Moderate Delay
1983,Ahmedabad,Pune,1553.9,Cloudy,36.3,4.5,High,Mixed,15.7,Same-Day,2025-02-24 13:00:00,0.28,2071.9,2168.5,96.6,Moderate Delay
1984,Raipur,Bangalore,586.5,Fog,27.3,0.0,Medium,Highway,22.8,Same-Day,2025-02-25 21:00:00,0.31,782.0,854.2,72.2,Moderate Delay
1985,Bangalore,Delhi,1021.6,Fog,32.6,0.0,High,City Road,45.5,Express,2025-06-05 12:00:00,0.42,1362.1,1491.1,129.0,Moderate Delay
1986,Ahmedabad,Delhi,676.2,Cloudy,33.0,1.1,Low,Highway,5.7,Standard,2025-06-01 09:00:00,0.02,901.6,940.4,38.8,Slight Delay
1987,Chennai,Bangalore,597.7,Fog,25.4,0.0,Low,Highway,5.6,Express,2025-08-20 09:00:00,0.16,796.9,834.8,37.9,Slight Delay
1988,Pune,Hyderabad,796.2,Fog,28.4,0.0,Severe,Highway,18.1,Same-Day,2025-11-02 15:00:00,0.36,1061.6,1228.7,167.1,Moderate Delay
1989,Hyderabad,Raipur,726.3,Rain,44.5,58.1,Medium,Rural Road,22.7,Express,2025-11-14 21:00:00,0.01,968.4,1035.0,66.6,Moderate Delay
1990,Jaipur,Mumbai,1993.2,Fog,43.1,0.0,Severe,Highway,36.6,Express,2025-06-13 17:00:00,0.33,2657.6,2823.6,166.0,Moderate Delay
1991,Mumbai,Hyderabad,260.8,Fog,19.3,0.0,Severe,Mixed,41.9,Same-Day,2025-02-20 19:00:00,0.54,347.7,460.5,112.8,Moderate Delay
1992,Jaipur,Hyderabad,941.4,Fog,41.0,0.0,Severe,Highway,8.5,Express,2025-01-20 21:00:00,0.06,1255.2,1377.1,121.9,Moderate Delay
1993,Delhi,Ahmedabad,469.8,Rain,21.6,7.4,Low,Highway,30.6,Standard,2025-11-20 09:00:00,0.34,626.4,659.7,33.3,Slight Delay
1994,Raipur,Pune,146.0,Fog,20.4,0.0,High,City Road,16.4,Same-Day,2025-08-29 07:00:00,0.31,194.7,309.5,114.8,Moderate Delay
1995,Hyderabad,Kolkata,738.2,Storm,45.0,63.3,Severe,City Road,48.8,Same-Day,2025-07-30 09:00:00,0.42,984.3,1163.5,179.2,Moderate Delay
1996,Mumbai,Chennai,1554.2,Storm,39.9,36.5,Low,Mixed,33.6,Standard,2025-09-15 11:00:00,0.04,2072.3,2184.1,111.8,Moderate Delay
1997,Raipur,Kolkata,1490.2,Fog,41.4,0.0,Severe,Highway,7.4,Express,2025-10-27 09:00:00,0.43,1986.9,2133.2,146.3,Moderate Delay
1998,Ahmedabad,Raipur,1981.2,Cloudy,27.8,0.6,Severe,Rural Road,23.8,Standard,2025-01-21 15:00:00,0.11,2641.6,2788.9,147.3,Moderate Delay
1999,Jaipur,Hyderabad,181.3,Heavy Rain,33.9,64.3,Low,City Road,48.1,Standard,2025-04-12 21:00:00,0.09,241.7,339.6,97.9,Moderate Delay
2000,Raipur,Chennai,1406.6,Clear,40.2,0.0,Severe,City Road,9.4,Express,2025-01-23 15:00:00,0.57,1875.5,2064.9,189.4,Severe Delay
2001,Bangalore,Kolkata,163.9,Rain,11.5,12.6,Severe,City Road,4.8,Same-Day,2025-08-16 09:00:00,0.33,218.5,357.3,138.8,Moderate Delay
2002,Delhi,Chennai,698.1,Cloudy,37.9,2.9,Medium,Highway,13.1,Express,2025-09-12 17:00:00,0.49,930.8,997.6,66.8,Moderate Delay
2003,Pune,Mumbai,1505.1,Fog,25.5,0.0,High,Highway,8.0,Express,2025-08-31 07:00:00,0.48,2006.8,2100.2,93.4,Moderate Delay
2004,Kolkata,Raipur,576.3,Storm,35.1,71.4,Severe,Highway,0.5,Standard,2025-02-14 14:00:00,0.41,768.4,962.4,194.0,Severe Delay
2005,Hyderabad,Ahmedabad,1698.0,Heavy Rain,13.8,66.2,Medium,City Road,38.7,Standard,2025-01-13 11:00:00,0.21,2264.0,2406.7,142.7,Moderate Delay
2006,Delhi,Chennai,1716.4,Fog,31.3,0.0,Medium,Mixed,45.4,Same-Day,2025-10-07 17:00:00,0.35,2288.5,2423.9,135.4,Moderate Delay
2007,Ahmedabad,Kolkata,168.9,Heavy Rain,25.0,22.9,Low,City Road,31.7,Same-Day,2025-07-31 09:00:00,0.48,225.2,341.0,115.8,Moderate Delay
2008,Ahmedabad,Mumbai,1940.5,Cloudy,44.6,3.2,Medium,City Road,44.4,Express,2025-03-10 18:00:00,0.12,2587.3,2640.6,53.3,Slight Delay
2009,Mumbai,Pune,1187.4,Clear,31.1,0.0,Low,Highway,15.0,Same-Day,2025-12-07 14:00:00,0.55,1583.2,1627.1,43.9,Slight Delay
2010,Jaipur,Ahmedabad,709.1,Clear,18.2,0.0,High,City Road,23.2,Express,2025-05-05 21:00:00,0.41,945.5,1018.1,72.6,Moderate Delay
2011,Chennai,Kolkata,964.6,Fog,37.8,0.0,Severe,Mixed,31.7,Express,2025-04-20 09:00:00,0.28,1286.1,1479.7,193.6,Severe Delay
2012,Bangalore,Raipur,94.2,Storm,23.1,47.4,Low,City Road,40.0,Same-Day,2025-03-07 22:00:00,0.26,125.6,262.1,136.5,Moderate Delay
2013,Bangalore,Delhi,1609.0,Heavy Rain,20.4,12.3,Low,City Road,26.3,Standard,2025-11-17 19:00:00,0.32,2145.3,2272.7,127.4,Moderate Delay
2014,Hyderabad,Chennai,339.8,Rain,23.4,48.9,Severe,Highway,36.4,Express,2025-01-22 16:00:00,0.38,453.1,585.1,132.0,Moderate Delay
2015,Pune,Mumbai,342.4,Cloudy,41.2,0.4,High,Mixed,40.2,Express,2025-11-07 13:00:00,0.14,456.5,527.0,70.5,Moderate Delay
2016,Bangalore,Ahmedabad,1182.2,Storm,26.1,33.4,Severe,City Road,11.6,Standard,2025-11-03 22:00:00,0.41,1576.3,1822.9,246.6,Severe Delay
2017,Kolkata,Ahmedabad,339.2,Clear,20.6,0.0,Severe,Highway,43.1,Express,2025-02-03 08:00:00,0.12,452.3,553.8,101.5,Moderate Delay
2018,Bangalore,Mumbai,1786.7,Rain,31.6,44.5,High,Mixed,16.6,Express,2025-08-26 16:00:00,0.15,2382.3,2503.8,121.5,Moderate Delay
2019,Kolkata,Jaipur,845.1,Storm,37.6,36.9,High,Rural Road,13.8,Express,2025-09-19 21:00:00,0.52,1126.8,1303.9,177.1,Moderate Delay
2020,Pune,Jaipur,183.0,Fog,23.1,0.0,Medium,Mixed,3.6,Express,2025-02-16 21:00:00,0.31,244.0,309.2,65.2,Moderate Delay
2021,Hyderabad,Jaipur,1609.0,Storm,42.5,78.1,Low,Rural Road,45.0,Same-Day,2025-05-18 14:00:00,0.19,2145.3,2283.0,137.7,Moderate Delay
2022,Kolkata,Jaipur,181.4,Cloudy,18.1,4.8,High,Rural Road,25.3,Standard,2025-10-17 12:00:00,0.24,241.9,315.0,73.1,Moderate Delay
2023,Hyderabad,Kolkata,629.2,Cloudy,17.4,0.9,High,Mixed,32.2,Express,2025-05-16 19:00:00,0.55,838.9,934.1,95.2,Moderate Delay
2024,Chennai,Bangalore,1211.0,Fog,37.1,0.0,High,City Road,23.0,Same-Day,2025-12-18 17:00:00,0.38,1614.7,1752.7,138.0,Moderate Delay
2025,Ahmedabad,Jaipur,1451.9,Rain,30.0,41.5,Medium,Mixed,35.1,Same-Day,2025-09-24 11:00:00,0.24,1935.9,2002.8,66.9,Moderate Delay
2026,Delhi,Hyderabad,326.8,Fog,28.8,0.0,Medium,City Road,15.7,Same-Day,2025-11-21 16:00:00,0.29,435.7,493.0,57.3,Slight Delay
2027,Bangalore,Ahmedabad,114.0,Rain,40.3,17.7,Medium,Mixed,46.6,Express,2025-05-19 20:00:00,0.29,152.0,220.1,68.1,Moderate Delay
2028,Ahmedabad,Hyderabad,1391.3,Cloudy,18.7,0.9,High,Highway,11.9,Express,2025-03-05 18:00:00,0.16,1855.1,1932.4,77.3,Moderate Delay
2029,Ahmedabad,Pune,595.9,Clear,12.3,0.0,Low,City Road,4.6,Express,2025-09-11 20:00:00,0.08,794.5,826.2,31.7,Slight Delay
2030,Ahmedabad,Kolkata,972.6,Storm,21.0,15.3,Severe,City Road,37.2,Express,2025-01-27 19:00:00,0.53,1296.8,1557.9,261.1,Severe Delay
2031,Raipur,Delhi,520.8,Heavy Rain,36.0,9.1,Severe,Mixed,31.7,Express,2025-03-03 10:00:00,0.21,694.4,848.5,154.1,Moderate Delay
2032,Bangalore,Delhi,382.6,Rain,41.3,16.1,Low,Highway,32.0,Standard,2025-05-23 09:00:00,0.53,510.1,558.9,48.8,Slight Delay
2033,Ahmedabad,Jaipur,1846.3,Rain,34.8,63.9,Medium,Highway,4.7,Same-Day,2025-12-18 19:00:00,0.35,2461.7,2573.7,112.0,Moderate Delay
2034,Chennai,Mumbai,232.5,Fog,11.7,0.0,Low,Highway,39.4,Standard,2025-06-22 14:00:00,0.23,310.0,356.2,46.2,Slight Delay
2035,Kolkata,Raipur,50.1,Cloudy,34.5,2.8,Medium,City Road,32.7,Same-Day,2025-11-06 14:00:00,0.49,66.8,115.0,48.2,Slight Delay
2036,Ahmedabad,Hyderabad,1994.3,Cloudy,33.8,2.0,Medium,Highway,28.2,Same-Day,2025-10-27 16:00:00,0.25,2659.1,2749.6,90.5,Moderate Delay
2037,Chennai,Bangalore,1449.9,Heavy Rain,39.9,34.0,Medium,Highway,6.2,Standard,2025-02-16 14:00:00,0.51,1933.2,2038.0,104.8,Moderate Delay
2038,Raipur,Delhi,1696.9,Clear,19.8,0.0,Medium,Mixed,39.8,Standard,2025-05-04 20:00:00,0.29,2262.5,2346.9,84.4,Moderate Delay
2039,Jaipur,Bangalore,1950.0,Cloudy,32.7,2.2,Medium,Rural Road,31.6,Standard,2025-01-02 13:00:00,0.07,2600.0,2677.3,77.3,Moderate Delay
2040,Kolkata,Raipur,951.5,Storm,44.3,19.6,Severe,Mixed,32.0,Standard,2025-04-29 09:00:00,0.35,1268.7,1482.1,213.4,Severe Delay
2041,Delhi,Raipur,1657.4,Fog,16.1,0.0,Severe,Mixed,21.0,Standard,2025-07-16 18:00:00,0.46,2209.9,2420.5,210.6,Severe Delay
2042,Mumbai,Jaipur,801.2,Rain,26.1,54.2,Medium,Mixed,13.4,Express,2025-09-26 16:00:00,0.01,1068.3,1131.9,63.6,Moderate Delay
2043,Hyderabad,Mumbai,1836.6,Heavy Rain,41.3,73.2,Severe,Mixed,37.1,Same-Day,2025-04-16 17:00:00,0.06,2448.8,2599.7,150.9,Moderate Delay
2044,Bangalore,Delhi,942.6,Storm,31.2,12.1,Severe,City Road,44.3,Express,2025-04-17 12:00:00,0.33,1256.8,1486.6,229.8,Severe Delay
2045,Hyderabad,Pune,1635.2,Heavy Rain,12.1,23.5,High,City Road,43.8,Same-Day,2025-05-29 13:00:00,0.54,2180.3,2345.5,165.2,Moderate Delay
2046,Pune,Ahmedabad,500.8,Clear,42.9,0.0,Medium,Highway,1.0,Express,2025-01-12 18:00:00,0.0,667.7,676.9,9.2,On Time
2047,Jaipur,Hyderabad,1782.9,Rain,10.3,78.2,Severe,Highway,31.4,Express,2025-08-12 20:00:00,0.09,2377.2,2508.4,131.2,Moderate Delay
2048,Pune,Delhi,174.4,Heavy Rain,28.4,64.3,High,Rural Road,4.5,Standard,2025-05-18 17:00:00,0.53,232.5,404.0,171.5,Moderate Delay
2049,Kolkata,Ahmedabad,1143.6,Cloudy,28.0,0.1,Medium,City Road,47.0,Same-Day,2025-11-27 22:00:00,0.39,1524.8,1575.8,51.0,Slight Delay
2050,Jaipur,Ahmedabad,1072.9,Cloudy,28.1,0.1,Low,Mixed,14.5,Express,2025-01-25 13:00:00,0.03,1430.5,1464.3,33.8,Slight Delay
2051,Delhi,Chennai,1214.0,Clear,25.9,0.0,Low,Rural Road,11.5,Standard,2025-09-26 14:00:00,0.44,1618.7,1690.4,71.7,Moderate Delay
2052,Raipur,Bangalore,851.5,Rain,23.5,68.9,Medium,Mixed,38.7,Express,2025-04-06 13:00:00,0.35,1135.3,1235.0,99.7,Moderate Delay
2053,Pune,Kolkata,1646.0,Cloudy,38.5,1.7,Low,City Road,48.2,Standard,2025-11-14 07:00:00,0.01,2194.7,2262.3,67.6,Moderate Delay
2054,Jaipur,Bangalore,1214.0,Rain,38.6,28.4,Severe,Mixed,11.8,Standard,2025-05-01 06:00:00,0.26,1618.7,1762.6,143.9,Moderate Delay
2055,Chennai,Delhi,92.9,Clear,33.4,0.0,Low,Rural Road,32.7,Standard,2025-10-01 09:00:00,0.56,123.9,175.1,51.2,Slight Delay
2056,Raipur,Jaipur,860.4,Rain,34.9,70.1,Medium,City Road,48.8,Same-Day,2025-04-06 13:00:00,0.57,1147.2,1250.5,103.3,Moderate Delay
2057,Mumbai,Pune,734.5,Cloudy,31.7,3.3,High,Highway,39.2,Same-Day,2025-09-16 07:00:00,0.11,979.3,1053.5,74.2,Moderate Delay
2058,Pune,Bangalore,708.4,Cloudy,37.5,1.1,Low,Mixed,38.7,Standard,2025-03-09 13:00:00,0.27,944.5,984.2,39.7,Slight Delay
2059,Jaipur,Hyderabad,1325.9,Storm,35.1,54.0,High,Mixed,38.2,Standard,2025-08-21 11:00:00,0.11,1767.9,1952.8,184.9,Severe Delay
2060,Delhi,Kolkata,1834.1,Cloudy,10.4,4.4,Low,Highway,11.3,Express,2025-03-11 06:00:00,0.27,2445.5,2504.4,58.9,Slight Delay
2061,Kolkata,Ahmedabad,1319.6,Storm,23.7,31.3,Severe,Mixed,21.9,Same-Day,2025-10-05 18:00:00,0.45,1759.5,1954.9,195.4,Severe Delay
2062,Ahmedabad,Raipur,1640.4,Fog,29.2,0.0,High,Mixed,44.3,Express,2025-09-26 19:00:00,0.43,2187.2,2276.2,89.0,Moderate Delay
2063,Bangalore,Jaipur,886.4,Heavy Rain,18.2,78.8,Medium,Highway,27.3,Standard,2025-02-07 17:00:00,0.4,1181.9,1304.4,122.5,Moderate Delay
2064,Kolkata,Delhi,1542.2,Storm,13.2,63.3,Severe,Mixed,28.4,Express,2025-06-03 17:00:00,0.4,2056.3,2272.5,216.2,Severe Delay
2065,Mumbai,Pune,1992.2,Heavy Rain,27.1,21.5,Medium,Highway,25.6,Standard,2025-08-11 10:00:00,0.02,2656.3,2779.7,123.4,Moderate Delay
2066,Raipur,Bangalore,1952.2,Fog,39.0,0.0,High,Mixed,49.9,Standard,2025-03-14 06:00:00,0.35,2602.9,2753.3,150.4,Moderate Delay
2067,Chennai,Ahmedabad,1020.0,Rain,18.2,70.6,Severe,Mixed,8.1,Express,2025-12-31 20:00:00,0.4,1360.0,1487.4,127.4,Moderate Delay
2068,Hyderabad,Chennai,1290.6,Heavy Rain,21.5,56.8,Medium,Mixed,3.5,Standard,2025-05-06 10:00:00,0.51,1720.8,1848.2,127.4,Moderate Delay
2069,Delhi,Hyderabad,1497.0,Rain,14.7,28.6,Low,Rural Road,6.4,Express,2025-07-17 19:00:00,0.27,1996.0,2059.7,63.7,Moderate Delay
2070,Delhi,Hyderabad,138.2,Rain,26.5,43.8,Severe,Highway,42.8,Express,2025-02-04 17:00:00,0.44,184.3,306.2,121.9,Moderate Delay
2071,Hyderabad,Chennai,1968.9,Rain,28.0,60.6,Medium,Highway,34.3,Standard,2025-03-16 14:00:00,0.51,2625.2,2716.4,91.2,Moderate Delay
2072,Mumbai,Delhi,820.6,Storm,27.1,31.6,Medium,Rural Road,14.3,Standard,2025-08-18 18:00:00,0.4,1094.1,1228.8,134.7,Moderate Delay
2073,Hyderabad,Ahmedabad,866.1,Rain,41.6,39.1,High,Rural Road,10.3,Express,2025-01-27 22:00:00,0.1,1154.8,1270.3,115.5,Moderate Delay
2074,Jaipur,Delhi,171.1,Heavy Rain,42.5,34.7,Severe,Mixed,46.1,Same-Day,2025-01-19 22:00:00,0.05,228.1,383.0,154.9,Moderate Delay
2075,Delhi,Chennai,1123.4,Heavy Rain,22.8,19.7,High,Mixed,12.8,Same-Day,2025-11-22 14:00:00,0.13,1497.9,1605.3,107.4,Moderate Delay
2076,Bangalore,Chennai,207.9,Cloudy,23.6,2.9,Low,Mixed,29.1,Express,2025-07-21 13:00:00,0.33,277.2,295.3,18.1,Slight Delay
2077,Mumbai,Delhi,606.7,Rain,14.8,40.1,Low,City Road,8.2,Standard,2025-08-03 12:00:00,0.28,808.9,857.1,48.2,Slight Delay
2078,Pune,Bangalore,1334.9,Heavy Rain,31.4,40.5,High,City Road,21.3,Standard,2025-02-03 11:00:00,0.53,1779.9,1955.4,175.5,Moderate Delay
2079,Mumbai,Hyderabad,1702.6,Fog,37.9,0.0,Severe,Highway,49.3,Standard,2025-08-28 11:00:00,0.42,2270.1,2475.5,205.4,Severe Delay
2080,Raipur,Delhi,41.9,Clear,29.1,0.0,Severe,Rural Road,22.0,Same-Day,2025-07-10 21:00:00,0.27,55.9,183.7,127.8,Moderate Delay
2081,Kolkata,Jaipur,1009.0,Storm,25.6,62.1,High,Rural Road,35.5,Same-Day,2025-03-21 22:00:00,0.2,1345.3,1464.2,118.9,Moderate Delay
2082,Kolkata,Chennai,1377.8,Cloudy,42.4,3.9,Low,Mixed,36.5,Express,2025-05-20 16:00:00,0.25,1837.1,1884.2,47.1,Slight Delay
2083,Ahmedabad,Kolkata,1589.2,Heavy Rain,20.0,5.7,Severe,Highway,40.3,Same-Day,2025-06-03 14:00:00,0.31,2118.9,2315.2,196.3,Severe Delay
2084,Delhi,Chennai,909.1,Storm,15.7,12.1,Medium,City Road,23.9,Standard,2025-08-26 10:00:00,0.28,1212.1,1354.5,142.4,Moderate Delay
2085,Delhi,Jaipur,335.7,Storm,34.1,49.5,High,Mixed,37.6,Same-Day,2025-07-24 19:00:00,0.09,447.6,587.9,140.3,Moderate Delay
2086,Jaipur,Hyderabad,780.2,Rain,33.0,12.0,Low,City Road,36.9,Standard,2025-11-16 21:00:00,0.03,1040.3,1110.7,70.4,Moderate Delay
2087,Delhi,Pune,1260.1,Clear,38.7,0.0,Severe,Mixed,44.4,Express,2025-03-20 19:00:00,0.16,1680.1,1772.1,92.0,Moderate Delay
2088,Raipur,Mumbai,1554.5,Rain,32.8,22.6,High,Highway,7.7,Express,2025-05-01 21:00:00,0.38,2072.7,2170.3,97.6,Moderate Delay
2089,Raipur,Pune,1102.9,Storm,36.7,48.2,Medium,Mixed,41.4,Express,2025-05-01 15:00:00,0.08,1470.5,1585.0,114.5,Moderate Delay
2090,Chennai,Bangalore,1396.7,Rain,35.4,79.5,Medium,Rural Road,34.8,Same-Day,2025-07-12 08:00:00,0.41,1862.3,1976.0,113.7,Moderate Delay
2091,Delhi,Bangalore,176.3,Clear,35.4,0.0,Low,City Road,35.6,Same-Day,2025-08-08 21:00:00,0.47,235.1,256.5,21.4,Slight Delay
2092,Delhi,Chennai,37.8,Clear,32.2,0.0,Low,Mixed,6.1,Standard,2025-01-17 10:00:00,0.4,50.4,90.6,40.2,Slight Delay
2093,Kolkata,Pune,1802.9,Fog,37.6,0.0,High,Highway,4.2,Standard,2025-03-26 15:00:00,0.24,2403.9,2552.9,149.0,Moderate Delay
2094,Hyderabad,Delhi,1662.3,Clear,41.5,0.0,Low,Highway,3.9,Same-Day,2025-01-01 12:00:00,0.18,2216.4,2246.7,30.3,Slight Delay
2095,Bangalore,Raipur,1004.8,Heavy Rain,33.3,10.0,Low,Rural Road,43.9,Same-Day,2025-05-30 22:00:00,0.56,1339.7,1419.4,79.7,Moderate Delay
2096,Delhi,Hyderabad,1179.5,Cloudy,20.6,3.2,Low,Mixed,18.7,Same-Day,2025-05-14 11:00:00,0.52,1572.7,1627.7,55.0,Slight Delay
2097,Ahmedabad,Delhi,1080.9,Heavy Rain,32.7,31.1,Medium,Rural Road,15.1,Standard,2025-07-21 16:00:00,0.29,1441.2,1535.2,94.0,Moderate Delay
2098,Bangalore,Ahmedabad,1579.0,Heavy Rain,11.6,13.0,High,Rural Road,40.8,Express,2025-12-01 18:00:00,0.37,2105.3,2249.7,144.4,Moderate Delay
2099,Pune,Chennai,1201.5,Rain,35.1,78.3,High,City Road,40.5,Standard,2025-08-25 10:00:00,0.17,1602.0,1733.1,131.1,Moderate Delay
2100,Bangalore,Mumbai,135.9,Clear,24.0,0.0,Low,Highway,41.1,Standard,2025-02-25 20:00:00,0.08,181.2,194.1,12.9,On Time
2101,Bangalore,Chennai,1694.9,Fog,40.2,0.0,Low,Rural Road,37.9,Express,2025-12-19 16:00:00,0.15,2259.9,2341.1,81.2,Moderate Delay
2102,Jaipur,Chennai,1854.7,Fog,25.0,0.0,Severe,Mixed,47.0,Express,2025-03-04 15:00:00,0.59,2472.9,2625.4,152.5,Moderate Delay
2103,Chennai,Ahmedabad,1574.1,Fog,25.2,0.0,Low,Rural Road,10.5,Standard,2025-07-20 12:00:00,0.39,2098.8,2197.1,98.3,Moderate Delay
2104,Hyderabad,Delhi,1331.8,Clear,10.2,0.0,Low,Rural Road,7.5,Express,2025-04-06 21:00:00,0.13,1775.7,1819.6,43.9,Slight Delay
2105,Raipur,Pune,1579.7,Fog,30.1,0.0,High,Mixed,4.9,Standard,2025-06-17 19:00:00,0.53,2106.3,2261.8,155.5,Moderate Delay
2106,Hyderabad,Bangalore,1034.3,Clear,24.0,0.0,Medium,Rural Road,46.5,Express,2025-02-17 21:00:00,0.45,1379.1,1422.8,43.7,Slight Delay
2107,Hyderabad,Bangalore,1813.0,Clear,29.9,0.0,Medium,City Road,11.2,Same-Day,2025-11-06 21:00:00,0.07,2417.3,2485.6,68.3,Moderate Delay
2108,Kolkata,Chennai,142.4,Fog,40.8,0.0,Medium,Mixed,7.5,Standard,2025-01-05 17:00:00,0.4,189.9,264.4,74.5,Moderate Delay
2109,Hyderabad,Pune,1020.3,Rain,30.8,62.1,Low,Highway,30.6,Express,2025-09-14 12:00:00,0.37,1360.4,1402.8,42.4,Slight Delay
2110,Chennai,Bangalore,1673.8,Rain,28.0,59.8,High,Mixed,1.4,Same-Day,2025-10-30 12:00:00,0.28,2231.7,2320.8,89.1,Moderate Delay
2111,Pune,Mumbai,919.8,Heavy Rain,26.1,55.2,High,Mixed,13.1,Standard,2025-05-26 16:00:00,0.45,1226.4,1361.2,134.8,Moderate Delay
2112,Mumbai,Raipur,262.2,Storm,17.6,69.9,Low,Mixed,42.9,Express,2025-08-26 13:00:00,0.57,349.6,466.7,117.1,Moderate Delay
2113,Hyderabad,Chennai,1544.6,Heavy Rain,22.6,18.5,High,Rural Road,10.6,Same-Day,2025-01-20 13:00:00,0.01,2059.5,2164.8,105.3,Moderate Delay
2114,Jaipur,Kolkata,285.5,Heavy Rain,16.8,77.8,High,Highway,27.7,Same-Day,2025-04-28 07:00:00,0.11,380.7,479.4,98.7,Moderate Delay
2115,Chennai,Ahmedabad,1019.8,Cloudy,41.2,4.3,Severe,Highway,28.9,Express,2025-01-25 08:00:00,0.13,1359.7,1470.9,111.2,Moderate Delay
2116,Kolkata,Jaipur,1411.8,Storm,39.8,43.1,Severe,Highway,24.3,Same-Day,2025-11-24 15:00:00,0.2,1882.4,2092.4,210.0,Severe Delay
2117,Jaipur,Mumbai,1586.0,Heavy Rain,42.8,51.8,Medium,Rural Road,44.9,Standard,2025-05-01 18:00:00,0.1,2114.7,2235.4,120.7,Moderate Delay
2118,Ahmedabad,Hyderabad,1369.6,Cloudy,20.6,3.7,Medium,Highway,23.4,Same-Day,2025-08-08 08:00:00,0.36,1826.1,1881.9,55.8,Slight Delay
2119,Hyderabad,Chennai,1700.3,Heavy Rain,10.7,10.0,Low,Highway,23.1,Standard,2025-05-13 11:00:00,0.44,2267.1,2365.7,98.6,Moderate Delay
2120,Kolkata,Hyderabad,1229.8,Heavy Rain,12.8,52.8,Medium,Mixed,24.1,Standard,2025-03-25 17:00:00,0.56,1639.7,1763.9,124.2,Moderate Delay
2121,Delhi,Hyderabad,992.5,Rain,33.8,15.9,Low,Highway,13.3,Standard,2025-03-04 06:00:00,0.35,1323.3,1366.2,42.9,Slight Delay
2122,Chennai,Delhi,206.4,Rain,17.7,21.8,Medium,Highway,46.8,Express,2025-06-22 09:00:00,0.26,275.2,302.6,27.4,Slight Delay
2123,Ahmedabad,Jaipur,1007.1,Heavy Rain,23.0,65.3,Low,Mixed,16.4,Same-Day,2025-11-11 14:00:00,0.27,1342.8,1438.9,96.1,Moderate Delay
2124,Delhi,Pune,1330.0,Clear,41.7,0.0,High,City Road,9.3,Express,2025-04-07 14:00:00,0.29,1773.3,1870.0,96.7,Moderate Delay
2125,Mumbai,Bangalore,901.5,Clear,12.6,0.0,Medium,City Road,44.0,Express,2025-03-24 22:00:00,0.15,1202.0,1249.6,47.6,Slight Delay
2126,Ahmedabad,Chennai,1495.2,Heavy Rain,14.1,23.0,High,Highway,10.2,Express,2025-07-19 19:00:00,0.33,1993.6,2139.9,146.3,Moderate Delay
2127,Delhi,Jaipur,281.7,Heavy Rain,12.5,19.1,Medium,City Road,37.4,Standard,2025-11-14 21:00:00,0.36,375.6,478.4,102.8,Moderate Delay
2128,Jaipur,Delhi,264.1,Fog,26.4,0.0,Medium,Mixed,47.5,Same-Day,2025-08-23 18:00:00,0.25,352.1,439.0,86.9,Moderate Delay
2129,Hyderabad,Pune,981.9,Cloudy,32.4,0.0,Low,Highway,13.0,Express,2025-04-07 06:00:00,0.17,1309.2,1351.0,41.8,Slight Delay
2130,Jaipur,Hyderabad,323.4,Clear,26.7,0.0,High,Rural Road,32.5,Express,2025-01-04 16:00:00,0.03,431.2,474.9,43.7,Slight Delay
2131,Raipur,Delhi,1372.8,Cloudy,32.9,2.8,Low,Highway,15.0,Same-Day,2025-03-11 21:00:00,0.37,1830.4,1863.0,32.6,Slight Delay
2132,Raipur,Jaipur,1269.4,Storm,24.6,34.7,High,Highway,34.7,Same-Day,2025-01-17 16:00:00,0.44,1692.5,1872.6,180.1,Severe Delay
2133,Chennai,Hyderabad,1095.7,Storm,27.9,9.1,Severe,Rural Road,28.9,Standard,2025-02-24 07:00:00,0.54,1460.9,1698.5,237.6,Severe Delay
2134,Kolkata,Bangalore,742.3,Fog,29.6,0.0,High,Mixed,22.2,Standard,2025-05-24 16:00:00,0.17,989.7,1072.3,82.6,Moderate Delay
2135,Pune,Delhi,1993.7,Storm,35.4,6.1,High,Highway,11.7,Express,2025-06-07 15:00:00,0.58,2658.3,2813.9,155.6,Moderate Delay
2136,Pune,Mumbai,1987.4,Clear,16.4,0.0,High,Rural Road,35.7,Standard,2025-12-31 08:00:00,0.09,2649.9,2744.1,94.2,Moderate Delay
2137,Bangalore,Jaipur,1700.2,Storm,29.1,74.1,Low,Rural Road,45.9,Standard,2025-02-18 14:00:00,0.55,2266.9,2388.9,122.0,Moderate Delay
2138,Hyderabad,Pune,1459.9,Clear,39.3,0.0,Medium,City Road,39.3,Same-Day,2025-02-10 13:00:00,0.16,1946.5,2007.9,61.4,Moderate Delay
2139,Mumbai,Hyderabad,1031.4,Rain,28.6,66.5,Low,Rural Road,26.1,Same-Day,2025-12-03 15:00:00,0.14,1375.2,1436.3,61.1,Moderate Delay
2140,Delhi,Raipur,1824.4,Clear,30.1,0.0,High,Mixed,35.3,Standard,2025-12-03 16:00:00,0.51,2432.5,2530.9,98.4,Moderate Delay
2141,Kolkata,Mumbai,857.2,Cloudy,37.7,4.0,Low,Highway,44.7,Same-Day,2025-01-03 09:00:00,0.03,1142.9,1181.4,38.5,Slight Delay
2142,Raipur,Mumbai,284.1,Heavy Rain,21.4,9.8,High,Mixed,32.7,Same-Day,2025-02-24 14:00:00,0.58,378.8,522.9,144.1,Moderate Delay
2143,Bangalore,Jaipur,1046.1,Cloudy,24.2,4.1,Low,Rural Road,9.5,Standard,2025-04-05 09:00:00,0.03,1394.8,1456.8,62.0,Moderate Delay
2144,Mumbai,Ahmedabad,505.8,Cloudy,37.0,4.0,Medium,City Road,12.8,Same-Day,2025-12-16 22:00:00,0.03,674.4,715.3,40.9,Slight Delay
2145,Chennai,Raipur,1771.1,Clear,18.8,0.0,High,City Road,22.9,Express,2025-10-08 13:00:00,0.38,2361.5,2481.4,119.9,Moderate Delay
2146,Mumbai,Raipur,1574.5,Cloudy,11.1,2.9,Severe,City Road,29.9,Same-Day,2025-05-30 17:00:00,0.56,2099.3,2242.8,143.5,Moderate Delay
2147,Bangalore,Raipur,1290.7,Storm,36.6,66.5,Severe,Rural Road,46.2,Express,2025-05-08 09:00:00,0.26,1720.9,1951.7,230.8,Severe Delay
2148,Pune,Kolkata,1861.7,Fog,35.6,0.0,Severe,Highway,38.9,Standard,2025-07-27 12:00:00,0.04,2482.3,2650.1,167.8,Moderate Delay
2149,Kolkata,Bangalore,107.9,Storm,22.9,42.4,Medium,Highway,11.0,Same-Day,2025-05-08 10:00:00,0.1,143.9,242.3,98.4,Moderate Delay
2150,Mumbai,Kolkata,1856.0,Cloudy,13.2,0.5,Low,Highway,24.1,Same-Day,2025-07-22 10:00:00,0.35,2474.7,2518.1,43.4,Slight Delay
2151,Chennai,Hyderabad,479.5,Clear,42.1,0.0,Low,City Road,5.9,Same-Day,2025-02-26 06:00:00,0.14,639.3,654.5,15.2,Slight Delay
2152,Pune,Delhi,1917.5,Rain,41.3,37.5,Medium,Mixed,28.9,Standard,2025-03-17 09:00:00,0.58,2556.7,2684.4,127.7,Moderate Delay
2153,Hyderabad,Pune,346.3,Heavy Rain,17.3,54.3,Severe,Rural Road,25.8,Express,2025-12-06 12:00:00,0.14,461.7,606.7,145.0,Moderate Delay
2154,Bangalore,Kolkata,1342.4,Heavy Rain,43.8,34.3,High,City Road,34.2,Same-Day,2025-12-06 13:00:00,0.18,1789.9,1933.8,143.9,Moderate Delay
2155,Raipur,Ahmedabad,1830.4,Rain,18.9,35.1,Severe,Highway,32.3,Express,2025-01-02 19:00:00,0.31,2440.5,2609.4,168.9,Moderate Delay
2156,Raipur,Bangalore,1863.0,Clear,41.4,0.0,Low,Mixed,17.2,Same-Day,2025-05-29 12:00:00,0.32,2484.0,2531.2,47.2,Slight Delay
2157,Pune,Delhi,31.6,Rain,13.3,20.5,Medium,Rural Road,17.7,Express,2025-04-01 19:00:00,0.32,42.1,106.8,64.7,Moderate Delay
2158,Mumbai,Ahmedabad,1440.1,Storm,25.1,6.5,Low,Mixed,32.5,Express,2025-06-05 13:00:00,0.38,1920.1,2028.3,108.2,Moderate Delay
2159,Raipur,Chennai,933.0,Fog,38.4,0.0,High,Mixed,41.3,Express,2025-05-19 11:00:00,0.46,1244.0,1360.1,116.1,Moderate Delay
2160,Raipur,Chennai,1272.2,Heavy Rain,28.9,16.3,Medium,Highway,23.3,Standard,2025-11-27 21:00:00,0.33,1696.3,1813.7,117.4,Moderate Delay
2161,Pune,Chennai,399.5,Storm,15.0,39.0,Medium,Highway,1.6,Express,2025-07-09 22:00:00,0.27,532.7,661.3,128.6,Moderate Delay
2162,Kolkata,Delhi,379.0,Rain,26.1,49.1,High,Mixed,25.9,Standard,2025-02-02 09:00:00,0.5,505.3,602.6,97.3,Moderate Delay
2163,Chennai,Hyderabad,78.3,Rain,36.4,77.9,Medium,City Road,31.2,Same-Day,2025-09-12 22:00:00,0.51,104.4,180.5,76.1,Moderate Delay
2164,Mumbai,Chennai,1976.1,Clear,27.9,0.0,High,Mixed,21.6,Same-Day,2025-06-24 06:00:00,0.17,2634.8,2764.8,130.0,Moderate Delay
2165,Raipur,Chennai,1203.7,Cloudy,21.6,1.1,Low,Rural Road,14.2,Same-Day,2025-08-06 14:00:00,0.03,1604.9,1643.5,38.6,Slight Delay
2166,Kolkata,Chennai,1396.4,Fog,27.2,0.0,Severe,Rural Road,39.0,Standard,2025-07-14 21:00:00,0.44,1861.9,2043.8,181.9,Severe Delay
2167,Jaipur,Chennai,576.5,Cloudy,42.4,4.8,High,Highway,7.7,Express,2025-07-02 21:00:00,0.58,768.7,870.8,102.1,Moderate Delay
2168,Chennai,Jaipur,1937.2,Rain,37.4,21.8,Severe,City Road,15.5,Express,2025-10-15 06:00:00,0.06,2582.9,2742.9,160.0,Moderate Delay
2169,Delhi,Bangalore,1142.0,Storm,23.9,10.6,Medium,City Road,18.5,Express,2025-01-23 12:00:00,0.24,1522.7,1679.6,156.9,Moderate Delay
2170,Raipur,Pune,1646.6,Storm,27.8,25.8,Low,Highway,15.5,Same-Day,2025-10-08 20:00:00,0.13,2195.5,2310.7,115.2,Moderate Delay
2171,Bangalore,Kolkata,1181.8,Fog,39.4,0.0,Medium,City Road,9.6,Express,2025-02-19 07:00:00,0.54,1575.7,1660.6,84.9,Moderate Delay
2172,Kolkata,Mumbai,487.3,Storm,19.3,79.6,Severe,Highway,12.2,Express,2025-11-26 20:00:00,0.14,649.7,838.6,188.9,Severe Delay
2173,Chennai,Delhi,410.1,Rain,21.5,50.7,Medium,Highway,18.7,Standard,2025-05-09 13:00:00,0.4,546.8,602.8,56.0,Slight Delay
2174,Mumbai,Ahmedabad,1675.2,Fog,35.3,0.0,High,City Road,12.1,Same-Day,2025-12-23 06:00:00,0.58,2233.6,2376.8,143.2,Moderate Delay
2175,Raipur,Chennai,870.4,Heavy Rain,24.3,59.0,High,Highway,10.0,Standard,2025-09-15 13:00:00,0.49,1160.5,1267.4,106.9,Moderate Delay
2176,Jaipur,Kolkata,1197.6,Clear,21.6,0.0,Severe,Rural Road,36.4,Express,2025-08-20 11:00:00,0.35,1596.8,1708.8,112.0,Moderate Delay
2177,Mumbai,Bangalore,1023.4,Fog,36.4,0.0,Low,Rural Road,9.9,Standard,2025-03-30 11:00:00,0.57,1364.5,1470.2,105.7,Moderate Delay
2178,Chennai,Mumbai,1538.3,Fog,11.2,0.0,Medium,City Road,41.5,Standard,2025-04-12 10:00:00,0.46,2051.1,2174.8,123.7,Moderate Delay
2179,Kolkata,Ahmedabad,932.6,Clear,11.6,0.0,Severe,City Road,15.1,Same-Day,2025-03-10 07:00:00,0.35,1243.5,1387.7,144.2,Moderate Delay
2180,Delhi,Kolkata,611.5,Rain,20.7,65.9,High,Mixed,41.7,Standard,2025-12-19 08:00:00,0.2,815.3,913.3,98.0,Moderate Delay
2181,Bangalore,Ahmedabad,1896.2,Heavy Rain,38.8,77.9,Low,City Road,9.4,Express,2025-01-18 11:00:00,0.13,2528.3,2605.3,77.0,Moderate Delay
2182,Pune,Delhi,856.7,Clear,13.2,0.0,Medium,City Road,13.5,Standard,2025-03-20 19:00:00,0.22,1142.3,1210.2,67.9,Moderate Delay
2183,Delhi,Raipur,694.9,Cloudy,35.4,3.4,Medium,Rural Road,31.1,Same-Day,2025-09-24 22:00:00,0.37,926.5,985.9,59.4,Slight Delay
2184,Jaipur,Hyderabad,1208.1,Heavy Rain,23.2,66.2,Medium,City Road,21.8,Express,2025-08-06 11:00:00,0.4,1610.8,1727.7,116.9,Moderate Delay
2185,Jaipur,Raipur,1164.8,Rain,44.6,56.8,High,Rural Road,46.6,Same-Day,2025-04-20 06:00:00,0.07,1553.1,1648.8,95.7,Moderate Delay
2186,Chennai,Raipur,1943.2,Rain,40.7,13.9,Severe,Mixed,17.3,Standard,2025-10-25 09:00:00,0.15,2590.9,2743.4,152.5,Moderate Delay
2187,Bangalore,Mumbai,1471.2,Cloudy,10.7,2.0,Low,Mixed,44.6,Express,2025-11-29 10:00:00,0.31,1961.6,2009.2,47.6,Slight Delay
2188,Mumbai,Jaipur,110.4,Cloudy,37.3,0.2,Medium,City Road,15.8,Standard,2025-01-26 22:00:00,0.34,147.2,210.2,63.0,Moderate Delay
2189,Jaipur,Ahmedabad,709.1,Clear,11.4,0.0,Medium,Highway,2.3,Express,2025-09-26 08:00:00,0.46,945.5,1015.0,69.5,Moderate Delay
2190,Kolkata,Hyderabad,630.1,Rain,27.7,42.7,Medium,City Road,30.7,Standard,2025-08-07 21:00:00,0.11,840.1,928.2,88.1,Moderate Delay
2191,Chennai,Bangalore,436.2,Cloudy,40.6,2.4,Low,City Road,11.6,Same-Day,2025-08-15 08:00:00,0.02,581.6,600.3,18.7,Slight Delay
2192,Pune,Jaipur,1644.1,Clear,20.8,0.0,High,Mixed,49.4,Standard,2025-12-15 14:00:00,0.36,2192.1,2305.5,113.4,Moderate Delay
2193,Hyderabad,Mumbai,404.6,Clear,22.5,0.0,Low,Highway,13.5,Same-Day,2025-12-20 06:00:00,0.37,539.5,550.9,11.4,On Time
2194,Mumbai,Bangalore,768.2,Rain,18.1,52.7,Medium,Highway,34.4,Standard,2025-12-19 12:00:00,0.28,1024.3,1099.0,74.7,Moderate Delay
2195,Raipur,Delhi,911.6,Heavy Rain,21.3,10.8,High,Highway,23.1,Same-Day,2025-11-06 06:00:00,0.49,1215.5,1305.1,89.6,Moderate Delay
2196,Bangalore,Pune,400.1,Rain,23.2,34.4,Severe,Highway,43.8,Same-Day,2025-11-27 15:00:00,0.37,533.5,652.9,119.4,Moderate Delay
2197,Kolkata,Hyderabad,1925.8,Cloudy,43.5,0.9,Low,City Road,7.7,Same-Day,2025-12-09 21:00:00,0.25,2567.7,2611.7,44.0,Slight Delay
2198,Kolkata,Ahmedabad,725.8,Storm,44.9,44.9,Low,City Road,19.1,Standard,2025-05-28 22:00:00,0.23,967.7,1069.9,102.2,Moderate Delay
2199,Jaipur,Mumbai,636.3,Rain,27.8,9.4,Severe,Mixed,8.1,Standard,2025-09-17 19:00:00,0.57,848.4,996.2,147.8,Moderate Delay
2200,Raipur,Mumbai,1469.8,Clear,13.1,0.0,Low,Highway,36.5,Same-Day,2025-05-14 13:00:00,0.08,1959.7,2008.2,48.5,Slight Delay
2201,Pune,Hyderabad,965.6,Fog,12.2,0.0,High,Highway,31.7,Express,2025-09-22 14:00:00,0.05,1287.5,1360.4,72.9,Moderate Delay
2202,Ahmedabad,Bangalore,238.5,Heavy Rain,13.6,61.3,Severe,Highway,16.0,Standard,2025-07-31 10:00:00,0.43,318.0,469.7,151.7,Moderate Delay
2203,Kolkata,Jaipur,1528.8,Cloudy,28.1,4.6,High,Rural Road,13.6,Same-Day,2025-01-26 17:00:00,0.14,2038.4,2136.4,98.0,Moderate Delay
2204,Kolkata,Bangalore,1113.3,Storm,10.1,52.7,Severe,Highway,37.6,Same-Day,2025-01-21 21:00:00,0.15,1484.4,1673.8,189.4,Severe Delay
2205,Mumbai,Raipur,1126.4,Cloudy,43.2,3.0,Medium,Mixed,15.5,Same-Day,2025-11-11 20:00:00,0.38,1501.9,1568.2,66.3,Moderate Delay
2206,Jaipur,Hyderabad,1978.7,Clear,22.2,0.0,Medium,City Road,48.3,Standard,2025-02-01 14:00:00,0.06,2638.3,2709.7,71.4,Moderate Delay
2207,Mumbai,Bangalore,1554.9,Heavy Rain,31.5,49.5,High,Highway,45.7,Same-Day,2025-09-28 06:00:00,0.27,2073.2,2164.3,91.1,Moderate Delay
2208,Kolkata,Hyderabad,349.2,Fog,30.7,0.0,Medium,Mixed,38.2,Express,2025-05-08 22:00:00,0.2,465.6,544.7,79.1,Moderate Delay
2209,Chennai,Raipur,1957.6,Fog,37.3,0.0,Medium,Highway,1.5,Express,2025-05-18 13:00:00,0.33,2610.1,2747.7,137.6,Moderate Delay
2210,Bangalore,Delhi,785.2,Cloudy,26.4,3.2,Severe,Rural Road,46.7,Same-Day,2025-03-29 22:00:00,0.36,1046.9,1219.1,172.2,Moderate Delay
2211,Jaipur,Kolkata,902.8,Heavy Rain,12.9,33.3,High,City Road,49.7,Standard,2025-05-05 19:00:00,0.03,1203.7,1336.9,133.2,Moderate Delay
2212,Bangalore,Pune,1925.5,Fog,25.1,0.0,Severe,City Road,33.4,Standard,2025-06-08 14:00:00,0.32,2567.3,2766.5,199.2,Severe Delay
2213,Delhi,Ahmedabad,1479.1,Clear,26.5,0.0,Severe,Rural Road,30.8,Same-Day,2025-07-19 11:00:00,0.06,1972.1,2063.8,91.7,Moderate Delay
2214,Hyderabad,Pune,1779.1,Rain,30.1,50.5,Low,City Road,8.9,Express,2025-04-28 17:00:00,0.51,2372.1,2496.2,124.1,Moderate Delay
2215,Hyderabad,Jaipur,988.0,Fog,15.7,0.0,Medium,Rural Road,33.6,Standard,2025-01-12 08:00:00,0.41,1317.3,1396.3,79.0,Moderate Delay
2216,Raipur,Pune,1924.3,Rain,36.7,29.0,Severe,Rural Road,47.6,Express,2025-09-20 22:00:00,0.39,2565.7,2709.4,143.7,Moderate Delay
2217,Ahmedabad,Mumbai,1065.2,Cloudy,28.5,3.8,Low,Rural Road,18.3,Standard,2025-10-12 22:00:00,0.43,1420.3,1517.5,97.2,Moderate Delay
2218,Ahmedabad,Bangalore,187.6,Rain,43.3,13.0,High,City Road,28.4,Express,2025-11-09 07:00:00,0.2,250.1,365.8,115.7,Moderate Delay
2219,Hyderabad,Mumbai,1193.8,Rain,15.6,19.3,Low,Rural Road,35.9,Standard,2025-04-15 12:00:00,0.03,1591.7,1652.4,60.7,Moderate Delay
2220,Chennai,Pune,747.7,Cloudy,12.4,2.9,High,Rural Road,30.6,Same-Day,2025-03-04 18:00:00,0.04,996.9,1054.1,57.2,Slight Delay
2221,Chennai,Bangalore,844.5,Clear,37.9,0.0,Low,Highway,8.5,Same-Day,2025-11-04 20:00:00,0.37,1126.0,1166.1,40.1,Slight Delay
2222,Ahmedabad,Raipur,1945.9,Fog,32.0,0.0,Low,Highway,43.8,Same-Day,2025-04-12 13:00:00,0.0,2594.5,2661.1,66.6,Moderate Delay
2223,Jaipur,Delhi,836.3,Fog,33.5,0.0,Medium,Mixed,24.7,Standard,2025-03-10 18:00:00,0.26,1115.1,1195.8,80.7,Moderate Delay
2224,Hyderabad,Chennai,1101.7,Clear,25.1,0.0,Severe,Highway,8.0,Same-Day,2025-02-09 08:00:00,0.25,1468.9,1580.7,111.8,Moderate Delay
2225,Jaipur,Ahmedabad,497.2,Heavy Rain,21.0,19.7,High,Mixed,38.9,Standard,2025-08-25 22:00:00,0.39,662.9,811.3,148.4,Moderate Delay
2226,Pune,Jaipur,588.5,Fog,37.0,0.0,Low,Highway,22.3,Standard,2025-04-17 06:00:00,0.4,784.7,859.2,74.5,Moderate Delay
2227,Mumbai,Bangalore,362.0,Rain,12.3,64.9,Severe,Highway,8.3,Same-Day,2025-03-07 22:00:00,0.11,482.7,608.4,125.7,Moderate Delay
2228,Mumbai,Kolkata,1666.8,Fog,17.4,0.0,Severe,Rural Road,32.2,Express,2025-11-23 21:00:00,0.02,2222.4,2385.5,163.1,Moderate Delay
2229,Kolkata,Hyderabad,772.3,Storm,11.6,58.5,Low,Mixed,46.5,Standard,2025-11-14 12:00:00,0.43,1029.7,1146.3,116.6,Moderate Delay
2230,Pune,Hyderabad,1070.7,Storm,36.4,63.5,High,City Road,32.3,Standard,2025-02-09 15:00:00,0.56,1427.6,1668.8,241.2,Severe Delay
2231,Jaipur,Delhi,225.4,Clear,19.5,0.0,High,Highway,0.8,Same-Day,2025-05-30 13:00:00,0.08,300.5,337.8,37.3,Slight Delay
2232,Chennai,Raipur,1610.0,Storm,43.1,79.8,Severe,Rural Road,48.8,Standard,2025-10-28 10:00:00,0.25,2146.7,2363.7,217.0,Severe Delay
2233,Pune,Chennai,1592.0,Cloudy,19.7,2.5,Medium,City Road,28.4,Same-Day,2025-11-05 22:00:00,0.57,2122.7,2228.6,105.9,Moderate Delay
2234,Bangalore,Delhi,395.2,Cloudy,40.3,3.6,Severe,Rural Road,11.1,Express,2025-06-22 19:00:00,0.37,526.9,630.9,104.0,Moderate Delay
2235,Delhi,Bangalore,944.6,Rain,30.7,8.5,Low,Rural Road,20.4,Standard,2025-09-24 19:00:00,0.15,1259.5,1298.9,39.4,Slight Delay
2236,Mumbai,Pune,218.6,Fog,20.4,0.0,Low,Rural Road,40.0,Standard,2025-09-10 18:00:00,0.22,291.5,346.1,54.6,Slight Delay
2237,Pune,Raipur,802.3,Fog,10.3,0.0,Low,Highway,33.9,Standard,2025-03-07 19:00:00,0.43,1069.7,1139.4,69.7,Moderate Delay
2238,Mumbai,Delhi,1293.3,Cloudy,34.1,1.9,Low,City Road,43.9,Express,2025-07-19 18:00:00,0.51,1724.4,1816.1,91.7,Moderate Delay
2239,Jaipur,Delhi,1020.1,Clear,24.0,0.0,Severe,City Road,45.8,Same-Day,2025-08-22 08:00:00,0.14,1360.1,1479.1,119.0,Moderate Delay
2240,Hyderabad,Chennai,1941.9,Clear,30.9,0.0,Medium,City Road,0.9,Express,2025-06-24 17:00:00,0.02,2589.2,2655.6,66.4,Moderate Delay
2241,Mumbai,Raipur,1279.5,Storm,34.2,21.3,Medium,Mixed,44.7,Same-Day,2025-02-25 21:00:00,0.4,1706.0,1857.1,151.1,Moderate Delay
2242,Raipur,Pune,744.7,Storm,32.8,27.9,Medium,City Road,12.3,Same-Day,2025-05-16 15:00:00,0.29,992.9,1136.8,143.9,Moderate Delay
2243,Mumbai,Bangalore,1616.5,Cloudy,22.4,4.1,High,Highway,46.2,Same-Day,2025-08-18 12:00:00,0.57,2155.3,2266.5,111.2,Moderate Delay
2244,Hyderabad,Kolkata,940.8,Cloudy,33.1,0.1,Severe,City Road,12.9,Express,2025-01-24 12:00:00,0.26,1254.4,1377.8,123.4,Moderate Delay
2245,Chennai,Pune,214.0,Storm,33.8,27.0,Low,Highway,39.9,Standard,2025-12-08 17:00:00,0.24,285.3,369.3,84.0,Moderate Delay
2246,Raipur,Mumbai,998.9,Storm,11.5,19.4,Low,Rural Road,21.5,Same-Day,2025-10-25 08:00:00,0.5,1331.9,1471.1,139.2,Moderate Delay
2247,Kolkata,Hyderabad,1726.1,Storm,17.1,31.7,Medium,Highway,49.0,Same-Day,2025-08-20 14:00:00,0.59,2301.5,2433.5,132.0,Moderate Delay
2248,Jaipur,Bangalore,674.1,Heavy Rain,39.7,12.0,Severe,Mixed,2.6,Same-Day,2025-06-01 20:00:00,0.3,898.8,1043.3,144.5,Moderate Delay
2249,Delhi,Jaipur,618.7,Rain,11.6,46.8,Medium,Rural Road,41.8,Same-Day,2025-07-16 13:00:00,0.25,824.9,916.4,91.5,Moderate Delay
2250,Bangalore,Pune,999.1,Storm,14.5,47.7,Low,Rural Road,24.9,Standard,2025-09-14 15:00:00,0.31,1332.1,1470.7,138.6,Moderate Delay
2251,Jaipur,Chennai,1048.8,Cloudy,43.3,3.2,Medium,Highway,14.2,Standard,2025-04-25 15:00:00,0.32,1398.4,1436.2,37.8,Slight Delay
2252,Bangalore,Raipur,142.4,Heavy Rain,38.5,30.8,Low,Mixed,45.7,Same-Day,2025-12-25 06:00:00,0.09,189.9,209.3,19.4,Slight Delay
2253,Ahmedabad,Raipur,837.0,Cloudy,42.4,1.9,Severe,Highway,5.1,Express,2025-08-02 06:00:00,0.18,1116.0,1224.7,108.7,Moderate Delay
2254,Raipur,Bangalore,734.8,Fog,39.5,0.0,Medium,Rural Road,36.0,Same-Day,2025-04-27 22:00:00,0.06,979.7,1023.0,43.3,Slight Delay
2255,Jaipur,Chennai,1240.5,Rain,29.7,18.2,High,City Road,49.5,Same-Day,2025-03-12 06:00:00,0.25,1654.0,1763.1,109.1,Moderate Delay
2256,Kolkata,Mumbai,883.0,Rain,27.5,57.3,Severe,Highway,18.7,Standard,2025-12-22 19:00:00,0.52,1177.3,1318.8,141.5,Moderate Delay
2257,Hyderabad,Mumbai,866.4,Storm,27.0,56.5,Medium,Mixed,38.8,Same-Day,2025-07-03 10:00:00,0.44,1155.2,1266.8,111.6,Moderate Delay
2258,Pune,Kolkata,1704.6,Clear,37.2,0.0,Severe,Mixed,42.6,Express,2025-07-28 08:00:00,0.16,2272.8,2372.6,99.8,Moderate Delay
2259,Chennai,Mumbai,1342.0,Storm,32.7,65.8,Severe,Mixed,7.4,Standard,2025-12-11 10:00:00,0.47,1789.3,2055.1,265.8,Severe Delay
2260,Chennai,Jaipur,1270.4,Rain,37.9,38.7,High,Highway,6.5,Express,2025-04-09 14:00:00,0.34,1693.9,1802.0,108.1,Moderate Delay
2261,Pune,Jaipur,1094.6,Cloudy,10.3,2.3,Medium,Rural Road,14.9,Same-Day,2025-05-20 07:00:00,0.29,1459.5,1527.4,67.9,Moderate Delay
2262,Mumbai,Chennai,1008.4,Heavy Rain,14.4,67.8,Medium,Highway,6.1,Standard,2025-12-08 22:00:00,0.31,1344.5,1439.4,94.9,Moderate Delay
2263,Pune,Raipur,273.9,Heavy Rain,36.5,56.8,Low,Highway,30.7,Standard,2025-07-18 22:00:00,0.02,365.2,412.8,47.6,Slight Delay
2264,Chennai,Delhi,1451.4,Clear,34.8,0.0,Medium,Rural Road,10.4,Standard,2025-01-25 08:00:00,0.1,1935.2,1991.5,56.3,Slight Delay
2265,Pune,Jaipur,839.0,Clear,35.0,0.0,High,Highway,43.6,Express,2025-11-19 08:00:00,0.11,1118.7,1155.0,36.3,Slight Delay
2266,Hyderabad,Mumbai,108.1,Heavy Rain,34.4,59.9,Severe,City Road,23.3,Same-Day,2025-09-25 12:00:00,0.41,144.1,307.8,163.7,Moderate Delay
2267,Jaipur,Raipur,552.0,Fog,25.4,0.0,Severe,City Road,22.6,Standard,2025-07-08 13:00:00,0.46,736.0,904.7,168.7,Moderate Delay
2268,Kolkata,Hyderabad,844.1,Clear,41.1,0.0,Severe,Mixed,49.2,Express,2025-11-03 15:00:00,0.4,1125.5,1269.2,143.7,Moderate Delay
2269,Pune,Bangalore,1253.7,Clear,37.3,0.0,Severe,City Road,27.4,Same-Day,2025-07-26 19:00:00,0.16,1671.6,1819.9,148.3,Moderate Delay
2270,Bangalore,Chennai,1710.6,Rain,31.0,25.5,Low,Highway,24.0,Same-Day,2025-09-09 21:00:00,0.24,2280.8,2330.5,49.7,Slight Delay
2271,Pune,Mumbai,652.0,Cloudy,25.1,0.3,Low,Rural Road,49.6,Standard,2025-07-23 22:00:00,0.3,869.3,933.3,64.0,Moderate Delay
2272,Ahmedabad,Kolkata,1537.3,Clear,30.0,0.0,Medium,City Road,44.7,Standard,2025-08-21 13:00:00,0.17,2049.7,2104.7,55.0,Slight Delay
2273,Delhi,Chennai,1718.6,Rain,11.0,5.2,High,City Road,14.4,Standard,2025-06-26 18:00:00,0.55,2291.5,2453.3,161.8,Moderate Delay
2274,Delhi,Ahmedabad,225.3,Storm,28.2,48.3,Low,Mixed,37.3,Standard,2025-04-15 11:00:00,0.14,300.4,388.2,87.8,Moderate Delay
2275,Delhi,Bangalore,1434.4,Storm,38.9,11.7,Medium,Highway,15.4,Express,2025-02-27 13:00:00,0.03,1912.5,2013.8,101.3,Moderate Delay
2276,Pune,Chennai,276.6,Storm,21.8,62.8,High,City Road,5.8,Express,2025-09-11 17:00:00,0.14,368.8,508.2,139.4,Moderate Delay
2277,Pune,Delhi,305.8,Cloudy,30.8,0.7,Medium,Mixed,20.4,Standard,2025-12-08 15:00:00,0.34,407.7,467.1,59.4,Slight Delay
2278,Kolkata,Hyderabad,1992.4,Storm,18.9,41.6,Low,City Road,12.2,Same-Day,2025-06-15 07:00:00,0.37,2656.5,2788.5,132.0,Moderate Delay
2279,Bangalore,Raipur,1243.1,Rain,40.8,60.5,Low,Highway,23.4,Express,2025-05-22 15:00:00,0.59,1657.5,1722.5,65.0,Moderate Delay
2280,Mumbai,Kolkata,1126.3,Heavy Rain,18.4,46.8,Medium,Rural Road,37.9,Standard,2025-07-23 21:00:00,0.16,1501.7,1595.5,93.8,Moderate Delay
2281,Ahmedabad,Delhi,356.7,Cloudy,12.6,0.6,Severe,Mixed,8.5,Same-Day,2025-09-20 11:00:00,0.32,475.6,582.8,107.2,Moderate Delay
2282,Bangalore,Delhi,992.1,Clear,23.3,0.0,Medium,Highway,33.5,Express,2025-10-29 11:00:00,0.58,1322.8,1380.7,57.9,Slight Delay
2283,Delhi,Kolkata,1773.8,Rain,23.6,56.0,Severe,City Road,11.8,Same-Day,2025-10-07 16:00:00,0.16,2365.1,2494.7,129.6,Moderate Delay
2284,Raipur,Ahmedabad,992.6,Cloudy,30.1,1.4,Severe,City Road,33.3,Same-Day,2025-05-05 09:00:00,0.3,1323.5,1507.2,183.7,Severe Delay
2285,Ahmedabad,Bangalore,1842.1,Storm,28.8,21.1,High,Mixed,45.8,Standard,2025-06-23 13:00:00,0.11,2456.1,2615.8,159.7,Moderate Delay
2286,Jaipur,Raipur,1932.9,Fog,27.6,0.0,Low,Mixed,3.1,Same-Day,2025-10-29 19:00:00,0.13,2577.2,2655.9,78.7,Moderate Delay
2287,Pune,Delhi,1348.4,Heavy Rain,12.4,9.1,Severe,Highway,29.5,Express,2025-09-12 13:00:00,0.53,1797.9,1967.6,169.7,Moderate Delay
2288,Pune,Jaipur,595.6,Cloudy,24.7,2.2,Low,Rural Road,45.6,Standard,2025-07-12 10:00:00,0.06,794.1,853.6,59.5,Slight Delay
2289,Delhi,Chennai,1595.3,Cloudy,29.5,1.1,Medium,Rural Road,22.8,Express,2025-12-12 11:00:00,0.42,2127.1,2207.7,80.6,Moderate Delay
2290,Delhi,Raipur,687.0,Fog,32.3,0.0,High,Highway,27.0,Express,2025-10-04 20:00:00,0.36,916.0,1008.4,92.4,Moderate Delay
2291,Delhi,Hyderabad,636.3,Heavy Rain,27.9,13.2,Medium,Highway,4.0,Same-Day,2025-11-30 11:00:00,0.26,848.4,910.6,62.2,Moderate Delay
2292,Delhi,Chennai,402.5,Rain,43.4,20.2,Severe,Mixed,40.5,Same-Day,2025-01-21 14:00:00,0.22,536.7,664.7,128.0,Moderate Delay
2293,Chennai,Raipur,1952.9,Storm,34.8,61.6,High,Highway,28.4,Standard,2025-03-06 07:00:00,0.45,2603.9,2794.9,191.0,Severe Delay
2294,Hyderabad,Mumbai,432.2,Storm,26.0,20.6,Medium,Mixed,25.2,Same-Day,2025-11-03 14:00:00,0.54,576.3,723.3,147.0,Moderate Delay
2295,Ahmedabad,Kolkata,82.9,Fog,32.2,0.0,Medium,Rural Road,47.6,Same-Day,2025-06-22 22:00:00,0.05,110.5,178.4,67.9,Moderate Delay
2296,Ahmedabad,Delhi,124.4,Fog,36.4,0.0,Low,Rural Road,0.7,Express,2025-08-20 22:00:00,0.18,165.9,208.3,42.4,Slight Delay
2297,Raipur,Mumbai,1750.0,Fog,28.3,0.0,Severe,Highway,44.3,Express,2025-04-02 13:00:00,0.55,2333.3,2527.4,194.1,Severe Delay
2298,Ahmedabad,Pune,243.5,Heavy Rain,15.0,39.8,Severe,Mixed,47.6,Standard,2025-10-04 11:00:00,0.22,324.7,482.6,157.9,Moderate Delay
2299,Mumbai,Ahmedabad,26.6,Rain,16.6,21.5,Severe,Highway,47.5,Same-Day,2025-02-02 20:00:00,0.09,35.5,137.8,102.3,Moderate Delay
2300,Raipur,Jaipur,1455.8,Heavy Rain,19.3,74.6,Severe,City Road,33.5,Same-Day,2025-10-22 19:00:00,0.25,1941.1,2127.6,186.5,Severe Delay
2301,Ahmedabad,Raipur,1463.0,Fog,18.0,0.0,Medium,City Road,47.9,Express,2025-09-22 12:00:00,0.02,1950.7,2026.6,75.9,Moderate Delay
2302,Raipur,Mumbai,1452.9,Fog,39.5,0.0,High,Highway,23.5,Express,2025-11-26 11:00:00,0.47,1937.2,2081.7,144.5,Moderate Delay
2303,Chennai,Pune,726.3,Clear,30.0,0.0,High,Highway,45.5,Same-Day,2025-07-04 18:00:00,0.59,968.4,1033.9,65.5,Moderate Delay
2304,Pune,Hyderabad,1598.9,Fog,27.3,0.0,Severe,Highway,23.9,Standard,2025-12-11 09:00:00,0.35,2131.9,2281.4,149.5,Moderate Delay
2305,Bangalore,Hyderabad,1356.2,Storm,32.3,33.6,Medium,Rural Road,0.9,Express,2025-05-18 14:00:00,0.15,1808.3,1942.8,134.5,Moderate Delay
2306,Bangalore,Jaipur,1892.5,Heavy Rain,43.1,28.1,Severe,Mixed,40.6,Standard,2025-03-13 17:00:00,0.36,2523.3,2721.0,197.7,Severe Delay
2307,Jaipur,Kolkata,1595.3,Cloudy,19.1,0.6,Medium,City Road,21.5,Same-Day,2025-09-30 14:00:00,0.57,2127.1,2207.3,80.2,Moderate Delay
2308,Pune,Chennai,208.3,Cloudy,18.5,1.9,Low,Rural Road,27.3,Express,2025-03-26 14:00:00,0.14,277.7,297.6,19.9,Slight Delay
2309,Delhi,Pune,531.0,Cloudy,42.5,3.4,High,Mixed,40.2,Standard,2025-06-25 18:00:00,0.03,708.0,760.4,52.4,Slight Delay
2310,Bangalore,Chennai,297.9,Heavy Rain,31.8,28.3,Medium,City Road,22.3,Express,2025-09-29 17:00:00,0.22,397.2,505.5,108.3,Moderate Delay
2311,Delhi,Kolkata,529.4,Storm,27.8,46.4,Low,Mixed,16.8,Express,2025-07-07 06:00:00,0.28,705.9,797.3,91.4,Moderate Delay
2312,Raipur,Jaipur,94.0,Rain,18.3,63.4,Severe,Rural Road,30.5,Standard,2025-11-09 16:00:00,0.12,125.3,244.0,118.7,Moderate Delay
2313,Raipur,Kolkata,1131.0,Rain,26.1,72.5,Medium,Highway,11.4,Standard,2025-06-06 09:00:00,0.44,1508.0,1591.3,83.3,Moderate Delay
2314,Ahmedabad,Delhi,1417.5,Clear,42.2,0.0,Severe,Mixed,29.0,Standard,2025-01-25 12:00:00,0.11,1890.0,2000.9,110.9,Moderate Delay
2315,Ahmedabad,Hyderabad,462.3,Storm,25.4,40.5,Medium,Rural Road,28.5,Standard,2025-02-14 17:00:00,0.42,616.4,703.7,87.3,Moderate Delay
2316,Chennai,Raipur,1879.6,Rain,27.0,38.5,Low,Rural Road,39.1,Express,2025-08-21 09:00:00,0.43,2506.1,2615.9,109.8,Moderate Delay
2317,Hyderabad,Pune,1679.9,Cloudy,19.1,1.4,Low,City Road,34.1,Same-Day,2025-03-30 17:00:00,0.13,2239.9,2313.8,73.9,Moderate Delay
2318,Jaipur,Chennai,156.5,Heavy Rain,13.5,46.6,Severe,Highway,16.7,Standard,2025-08-07 20:00:00,0.13,208.7,367.3,158.6,Moderate Delay
2319,Hyderabad,Mumbai,1475.1,Clear,44.5,0.0,High,City Road,15.1,Same-Day,2025-11-26 09:00:00,0.39,1966.8,2078.2,111.4,Moderate Delay
2320,Kolkata,Delhi,1394.7,Clear,16.5,0.0,High,City Road,2.0,Express,2025-07-16 22:00:00,0.52,1859.6,1974.1,114.5,Moderate Delay
2321,Delhi,Jaipur,977.9,Heavy Rain,34.4,69.0,Low,City Road,10.2,Express,2025-01-04 14:00:00,0.2,1303.9,1397.5,93.6,Moderate Delay
2322,Hyderabad,Bangalore,1791.0,Cloudy,28.0,3.2,High,Mixed,3.4,Standard,2025-03-12 16:00:00,0.42,2388.0,2511.6,123.6,Moderate Delay
2323,Ahmedabad,Pune,1314.3,Heavy Rain,11.2,36.1,Low,Rural Road,41.0,Same-Day,2025-09-17 19:00:00,0.23,1752.4,1855.1,102.7,Moderate Delay
2324,Raipur,Jaipur,1249.2,Heavy Rain,24.1,6.9,High,Rural Road,24.1,Standard,2025-03-12 21:00:00,0.27,1665.6,1791.9,126.3,Moderate Delay
2325,Hyderabad,Jaipur,1206.3,Rain,26.5,30.3,High,Rural Road,19.0,Same-Day,2025-10-29 19:00:00,0.22,1608.4,1702.7,94.3,Moderate Delay
2326,Hyderabad,Pune,1119.3,Fog,18.9,0.0,High,City Road,2.3,Same-Day,2025-03-07 15:00:00,0.5,1492.4,1639.8,147.4,Moderate Delay
2327,Jaipur,Delhi,855.2,Clear,24.8,0.0,Severe,Rural Road,38.1,Standard,2025-03-11 06:00:00,0.5,1140.3,1293.6,153.3,Moderate Delay
2328,Mumbai,Delhi,650.7,Cloudy,24.9,4.0,High,Rural Road,4.9,Same-Day,2025-04-28 13:00:00,0.52,867.6,929.7,62.1,Moderate Delay
2329,Delhi,Kolkata,1391.8,Cloudy,17.5,4.7,Low,Rural Road,26.1,Express,2025-02-05 12:00:00,0.28,1855.7,1903.2,47.5,Slight Delay
2330,Mumbai,Pune,1068.1,Rain,32.7,25.7,Severe,Highway,40.1,Same-Day,2025-04-15 19:00:00,0.4,1424.1,1553.2,129.1,Moderate Delay
2331,Ahmedabad,Bangalore,631.9,Fog,36.1,0.0,Low,Rural Road,2.9,Express,2025-05-26 22:00:00,0.03,842.5,897.4,54.9,Slight Delay
2332,Ahmedabad,Pune,1917.1,Heavy Rain,30.6,34.3,Severe,City Road,40.2,Express,2025-12-20 13:00:00,0.32,2556.1,2731.5,175.4,Moderate Delay
2333,Pune,Ahmedabad,452.7,Fog,41.3,0.0,Severe,Rural Road,6.5,Same-Day,2025-07-31 10:00:00,0.38,603.6,759.1,155.5,Moderate Delay
2334,Mumbai,Chennai,1281.3,Rain,27.5,44.0,Medium,Rural Road,32.0,Express,2025-04-18 08:00:00,0.41,1708.4,1801.5,93.1,Moderate Delay
2335,Ahmedabad,Chennai,1840.9,Cloudy,36.6,2.8,Low,City Road,13.0,Standard,2025-02-02 10:00:00,0.07,2454.5,2539.4,84.9,Moderate Delay
2336,Chennai,Bangalore,1236.4,Fog,37.3,0.0,Low,Rural Road,4.2,Same-Day,2025-02-17 07:00:00,0.19,1648.5,1701.8,53.3,Slight Delay
2337,Pune,Mumbai,748.2,Clear,35.7,0.0,Medium,Mixed,30.4,Express,2025-09-08 11:00:00,0.39,997.6,1041.7,44.1,Slight Delay
2338,Chennai,Jaipur,1996.3,Heavy Rain,13.5,66.6,High,Highway,6.4,Same-Day,2025-03-26 21:00:00,0.4,2661.7,2790.4,128.7,Moderate Delay
2339,Pune,Jaipur,826.6,Fog,41.9,0.0,Low,Mixed,39.2,Standard,2025-04-03 17:00:00,0.43,1102.1,1186.4,84.3,Moderate Delay
2340,Raipur,Ahmedabad,269.6,Rain,31.3,50.5,High,Rural Road,13.4,Same-Day,2025-11-18 14:00:00,0.44,359.5,478.0,118.5,Moderate Delay
2341,Raipur,Bangalore,530.5,Heavy Rain,20.9,40.9,Medium,Highway,1.4,Express,2025-03-14 08:00:00,0.18,707.3,783.3,76.0,Moderate Delay
2342,Ahmedabad,Raipur,960.0,Heavy Rain,23.4,19.5,Medium,Highway,7.8,Express,2025-01-28 11:00:00,0.48,1280.0,1391.5,111.5,Moderate Delay
2343,Raipur,Delhi,899.2,Fog,24.8,0.0,Severe,City Road,27.4,Standard,2025-08-23 12:00:00,0.59,1198.9,1376.4,177.5,Moderate Delay
2344,Chennai,Ahmedabad,1291.3,Fog,27.5,0.0,Medium,City Road,45.2,Standard,2025-06-16 11:00:00,0.56,1721.7,1834.9,113.2,Moderate Delay
2345,Bangalore,Chennai,204.4,Storm,40.9,55.3,Medium,Mixed,43.8,Standard,2025-02-21 19:00:00,0.6,272.5,381.9,109.4,Moderate Delay
2346,Hyderabad,Delhi,1952.3,Fog,34.6,0.0,High,City Road,9.1,Same-Day,2025-10-09 10:00:00,0.29,2603.1,2733.1,130.0,Moderate Delay
2347,Chennai,Bangalore,984.6,Rain,37.7,66.2,High,City Road,11.9,Same-Day,2025-10-04 12:00:00,0.03,1312.8,1402.4,89.6,Moderate Delay
2348,Hyderabad,Jaipur,859.3,Rain,32.9,25.5,High,Mixed,3.0,Standard,2025-09-08 20:00:00,0.22,1145.7,1238.1,92.4,Moderate Delay
2349,Raipur,Chennai,402.8,Cloudy,34.3,2.7,Severe,Rural Road,30.4,Standard,2025-01-11 16:00:00,0.45,537.1,673.7,136.6,Moderate Delay
2350,Kolkata,Hyderabad,316.0,Storm,24.6,30.2,Severe,Highway,17.8,Standard,2025-08-17 20:00:00,0.05,421.3,559.3,138.0,Moderate Delay
2351,Mumbai,Chennai,844.1,Storm,20.9,64.1,Medium,Mixed,3.0,Standard,2025-03-24 07:00:00,0.12,1125.5,1229.3,103.8,Moderate Delay
2352,Hyderabad,Chennai,1269.8,Fog,21.6,0.0,Severe,Mixed,27.9,Same-Day,2025-02-27 12:00:00,0.15,1693.1,1859.8,166.7,Moderate Delay
2353,Raipur,Hyderabad,258.4,Cloudy,41.4,0.4,Medium,City Road,17.8,Standard,2025-01-15 09:00:00,0.37,344.5,408.7,64.2,Moderate Delay
2354,Bangalore,Pune,1873.1,Heavy Rain,16.2,64.4,Low,City Road,3.5,Standard,2025-01-20 07:00:00,0.53,2497.5,2657.3,159.8,Moderate Delay
2355,Kolkata,Jaipur,733.6,Heavy Rain,25.5,67.0,Severe,Mixed,17.3,Express,2025-12-17 12:00:00,0.05,978.1,1133.4,155.3,Moderate Delay
2356,Hyderabad,Jaipur,1763.9,Rain,11.2,67.2,Medium,City Road,20.8,Same-Day,2025-10-01 18:00:00,0.39,2351.9,2434.2,82.3,Moderate Delay
2357,Mumbai,Delhi,52.4,Cloudy,38.8,0.8,Low,Rural Road,19.9,Express,2025-05-01 18:00:00,0.49,69.9,106.5,36.6,Slight Delay
2358,Delhi,Pune,1472.4,Clear,20.8,0.0,Severe,Highway,10.4,Express,2025-03-25 12:00:00,0.48,1963.2,2089.3,126.1,Moderate Delay
2359,Jaipur,Delhi,845.7,Clear,44.8,0.0,Medium,City Road,7.8,Same-Day,2025-10-28 17:00:00,0.36,1127.6,1186.5,58.9,Slight Delay
2360,Mumbai,Bangalore,1425.2,Rain,15.2,61.7,Medium,Mixed,27.7,Express,2025-12-01 22:00:00,0.16,1900.3,1992.2,91.9,Moderate Delay
2361,Chennai,Mumbai,456.2,Storm,36.4,27.8,Medium,Highway,14.2,Same-Day,2025-08-01 21:00:00,0.28,608.3,709.1,100.8,Moderate Delay
2362,Delhi,Kolkata,1419.7,Fog,21.3,0.0,Severe,Highway,42.3,Same-Day,2025-02-28 10:00:00,0.32,1892.9,2053.4,160.5,Moderate Delay
2363,Pune,Mumbai,65.9,Fog,44.0,0.0,Medium,City Road,15.3,Standard,2025-04-17 11:00:00,0.15,87.9,142.6,54.7,Slight Delay
2364,Delhi,Ahmedabad,1830.8,Heavy Rain,39.8,39.1,Severe,City Road,0.5,Standard,2025-02-28 08:00:00,0.54,2441.1,2634.3,193.2,Severe Delay
2365,Delhi,Bangalore,1167.4,Heavy Rain,43.5,22.4,Severe,Highway,24.5,Standard,2025-04-03 07:00:00,0.59,1556.5,1784.4,227.9,Severe Delay
2366,Delhi,Mumbai,1226.5,Heavy Rain,35.4,54.6,Medium,Rural Road,3.9,Same-Day,2025-09-28 20:00:00,0.27,1635.3,1738.0,102.7,Moderate Delay
2367,Chennai,Kolkata,1973.9,Storm,20.0,44.9,Medium,Highway,37.3,Express,2025-10-20 12:00:00,0.01,2631.9,2738.0,106.1,Moderate Delay
2368,Pune,Raipur,1698.6,Rain,10.4,53.1,Medium,Highway,7.0,Same-Day,2025-04-02 20:00:00,0.49,2264.8,2337.9,73.1,Moderate Delay
2369,Kolkata,Jaipur,396.2,Clear,31.9,0.0,Medium,Rural Road,49.6,Standard,2025-02-21 08:00:00,0.53,528.3,599.0,70.7,Moderate Delay
2370,Kolkata,Mumbai,213.1,Storm,32.2,12.2,Severe,City Road,19.0,Express,2025-01-05 16:00:00,0.25,284.1,487.2,203.1,Severe Delay
2371,Bangalore,Chennai,1223.1,Storm,35.5,41.2,High,Mixed,12.7,Standard,2025-01-09 12:00:00,0.37,1630.8,1804.4,173.6,Moderate Delay
2372,Hyderabad,Pune,1779.8,Fog,35.7,0.0,Severe,Highway,45.2,Same-Day,2025-12-02 06:00:00,0.03,2373.1,2516.6,143.5,Moderate Delay
2373,Chennai,Pune,649.2,Cloudy,19.1,1.7,Severe,Highway,26.0,Standard,2025-04-28 20:00:00,0.51,865.6,1006.0,140.4,Moderate Delay
2374,Delhi,Chennai,768.7,Rain,43.2,36.5,Medium,Mixed,40.9,Express,2025-10-09 16:00:00,0.17,1024.9,1095.2,70.3,Moderate Delay
2375,Ahmedabad,Hyderabad,1576.8,Heavy Rain,37.9,37.7,High,City Road,19.6,Standard,2025-01-14 14:00:00,0.12,2102.4,2260.2,157.8,Moderate Delay
2376,Delhi,Chennai,849.4,Clear,39.1,0.0,Medium,Mixed,5.0,Standard,2025-08-05 09:00:00,0.21,1132.5,1199.2,66.7,Moderate Delay
2377,Hyderabad,Bangalore,422.4,Heavy Rain,27.2,32.6,Medium,Mixed,20.8,Express,2025-01-31 11:00:00,0.47,563.2,642.1,78.9,Moderate Delay
2378,Jaipur,Mumbai,1118.2,Heavy Rain,33.7,22.2,Low,Mixed,25.9,Express,2025-10-30 06:00:00,0.55,1490.9,1585.5,94.6,Moderate Delay
2379,Pune,Chennai,199.4,Cloudy,15.5,0.7,Medium,Rural Road,13.3,Same-Day,2025-11-29 09:00:00,0.27,265.9,316.4,50.5,Slight Delay
2380,Hyderabad,Pune,1647.6,Rain,16.8,11.8,Medium,Highway,16.8,Standard,2025-12-26 15:00:00,0.23,2196.8,2268.6,71.8,Moderate Delay
2381,Mumbai,Kolkata,1272.4,Clear,28.8,0.0,Low,Highway,27.7,Same-Day,2025-07-05 18:00:00,0.15,1696.5,1711.7,15.2,Slight Delay
2382,Raipur,Ahmedabad,159.7,Rain,22.2,78.4,Severe,Rural Road,18.0,Same-Day,2025-02-03 17:00:00,0.28,212.9,349.8,136.9,Moderate Delay
2383,Raipur,Hyderabad,1904.2,Rain,18.1,51.3,High,Mixed,44.4,Standard,2025-05-07 14:00:00,0.37,2538.9,2684.5,145.6,Moderate Delay
2384,Raipur,Delhi,777.8,Cloudy,10.7,0.1,High,Mixed,44.7,Express,2025-01-02 09:00:00,0.43,1037.1,1115.2,78.1,Moderate Delay
2385,Mumbai,Jaipur,617.0,Clear,37.3,0.0,Low,Highway,26.5,Standard,2025-04-17 06:00:00,0.57,822.7,864.1,41.4,Slight Delay
2386,Pune,Jaipur,1708.5,Cloudy,27.4,1.8,Low,Mixed,27.4,Express,2025-05-22 08:00:00,0.08,2278.0,2323.7,45.7,Slight Delay
2387,Raipur,Bangalore,1854.8,Heavy Rain,24.4,60.5,Low,Highway,4.2,Same-Day,2025-02-19 17:00:00,0.03,2473.1,2537.4,64.3,Moderate Delay
2388,Raipur,Delhi,836.6,Cloudy,15.9,0.4,Low,Highway,12.2,Express,2025-12-27 07:00:00,0.03,1115.5,1115.5,0.0,On Time
2389,Raipur,Delhi,460.8,Cloudy,14.2,2.5,Low,Mixed,32.5,Express,2025-02-22 13:00:00,0.36,614.4,654.7,40.3,Slight Delay
2390,Mumbai,Ahmedabad,208.5,Fog,18.9,0.0,Medium,Rural Road,5.6,Standard,2025-01-25 15:00:00,0.19,278.0,359.2,81.2,Moderate Delay
2391,Hyderabad,Jaipur,362.6,Rain,16.7,62.2,Severe,Rural Road,3.5,Standard,2025-07-25 11:00:00,0.6,483.5,631.3,147.8,Moderate Delay
2392,Delhi,Kolkata,1852.8,Clear,20.2,0.0,Low,Mixed,22.1,Standard,2025-06-28 22:00:00,0.21,2470.4,2525.5,55.1,Slight Delay
2393,Hyderabad,Ahmedabad,1568.3,Heavy Rain,34.8,19.4,Severe,Rural Road,28.4,Express,2025-01-16 12:00:00,0.45,2091.1,2292.5,201.4,Severe Delay
2394,Delhi,Jaipur,499.8,Clear,39.4,0.0,High,City Road,24.3,Same-Day,2025-04-13 18:00:00,0.39,666.4,750.4,84.0,Moderate Delay
2395,Bangalore,Ahmedabad,1244.8,Rain,31.3,74.1,Severe,Mixed,12.8,Express,2025-03-18 08:00:00,0.14,1659.7,1824.5,164.8,Moderate Delay
2396,Hyderabad,Delhi,377.3,Storm,34.3,64.1,Medium,City Road,22.6,Same-Day,2025-09-01 06:00:00,0.19,503.1,598.3,95.2,Moderate Delay
2397,Mumbai,Delhi,1007.5,Rain,34.6,62.9,Severe,Mixed,19.9,Express,2025-02-21 15:00:00,0.4,1343.3,1490.0,146.7,Moderate Delay
2398,Hyderabad,Mumbai,1639.4,Clear,29.8,0.0,Low,Highway,42.5,Express,2025-10-29 21:00:00,0.58,2185.9,2248.1,62.2,Moderate Delay
2399,Raipur,Delhi,1705.4,Rain,19.8,50.8,Low,Highway,2.4,Same-Day,2025-12-02 14:00:00,0.46,2273.9,2329.0,55.1,Slight Delay
2400,Jaipur,Chennai,1353.5,Storm,43.9,54.1,Low,Rural Road,11.6,Same-Day,2025-01-02 16:00:00,0.21,1804.7,1939.6,134.9,Moderate Delay
2401,Chennai,Delhi,1737.4,Rain,21.9,54.5,Medium,Highway,27.7,Express,2025-11-09 22:00:00,0.17,2316.5,2392.8,76.3,Moderate Delay
2402,Mumbai,Hyderabad,253.8,Fog,26.6,0.0,Severe,Mixed,20.3,Same-Day,2025-09-28 21:00:00,0.43,338.4,490.2,151.8,Moderate Delay
2403,Chennai,Delhi,958.9,Cloudy,24.8,1.4,Severe,Mixed,44.8,Same-Day,2025-03-03 19:00:00,0.2,1278.5,1398.7,120.2,Moderate Delay
2404,Pune,Jaipur,1133.8,Fog,31.0,0.0,High,Highway,28.9,Express,2025-07-15 09:00:00,0.05,1511.7,1621.8,110.1,Moderate Delay
2405,Bangalore,Kolkata,517.6,Heavy Rain,14.2,7.7,High,Highway,14.1,Express,2025-09-03 14:00:00,0.59,690.1,839.6,149.5,Moderate Delay
2406,Chennai,Kolkata,1995.2,Cloudy,30.6,1.5,High,Mixed,33.8,Standard,2025-04-18 22:00:00,0.51,2660.3,2780.3,120.0,Moderate Delay
2407,Jaipur,Kolkata,854.9,Storm,21.9,50.3,Low,Mixed,11.4,Standard,2025-02-04 14:00:00,0.14,1139.9,1241.1,101.2,Moderate Delay
2408,Bangalore,Raipur,486.2,Fog,31.0,0.0,Medium,Highway,42.9,Standard,2025-08-28 07:00:00,0.25,648.3,725.4,77.1,Moderate Delay
2409,Ahmedabad,Raipur,408.2,Storm,41.8,74.8,Medium,Highway,3.1,Standard,2025-07-30 07:00:00,0.36,544.3,643.1,98.8,Moderate Delay
2410,Bangalore,Mumbai,873.0,Fog,27.6,0.0,High,Highway,38.0,Same-Day,2025-02-12 13:00:00,0.24,1164.0,1241.4,77.4,Moderate Delay
2411,Hyderabad,Jaipur,1653.7,Storm,12.8,29.4,Severe,City Road,22.7,Standard,2025-02-12 20:00:00,0.11,2204.9,2417.5,212.6,Severe Delay
2412,Mumbai,Jaipur,668.8,Storm,17.2,26.0,High,Highway,21.7,Standard,2025-10-07 18:00:00,0.11,891.7,1051.8,160.1,Moderate Delay
2413,Kolkata,Hyderabad,1484.8,Storm,33.5,21.0,Medium,City Road,17.3,Standard,2025-08-20 17:00:00,0.31,1979.7,2151.7,172.0,Moderate Delay
2414,Ahmedabad,Jaipur,1778.2,Fog,32.1,0.0,Medium,Mixed,36.3,Same-Day,2025-07-11 20:00:00,0.36,2370.9,2458.1,87.2,Moderate Delay
2415,Mumbai,Jaipur,802.4,Cloudy,13.7,0.5,Low,Highway,39.8,Express,2025-10-04 07:00:00,0.26,1069.9,1098.3,28.4,Slight Delay
2416,Pune,Ahmedabad,770.9,Rain,44.1,13.8,Severe,Highway,24.6,Standard,2025-04-07 18:00:00,0.25,1027.9,1163.1,135.2,Moderate Delay
2417,Jaipur,Delhi,1633.7,Rain,28.3,50.0,Severe,Highway,35.2,Same-Day,2025-12-09 08:00:00,0.54,2178.3,2339.4,161.1,Moderate Delay
2418,Bangalore,Jaipur,256.0,Heavy Rain,43.1,37.5,High,City Road,10.1,Same-Day,2025-12-10 19:00:00,0.56,341.3,469.0,127.7,Moderate Delay
2419,Ahmedabad,Jaipur,316.9,Cloudy,31.2,2.4,Severe,Mixed,0.7,Same-Day,2025-12-10 21:00:00,0.59,422.5,543.6,121.1,Moderate Delay
2420,Mumbai,Hyderabad,1745.3,Clear,32.5,0.0,High,City Road,18.8,Same-Day,2025-03-02 14:00:00,0.54,2327.1,2438.0,110.9,Moderate Delay
2421,Delhi,Raipur,1472.6,Clear,44.0,0.0,High,Mixed,34.7,Standard,2025-09-11 13:00:00,0.06,1963.5,2079.0,115.5,Moderate Delay
2422,Bangalore,Ahmedabad,1058.0,Rain,23.4,10.7,Medium,Rural Road,30.0,Same-Day,2025-07-13 17:00:00,0.52,1410.7,1517.4,106.7,Moderate Delay
2423,Delhi,Ahmedabad,788.8,Storm,35.5,35.8,Severe,City Road,25.4,Express,2025-11-24 07:00:00,0.5,1051.7,1245.6,193.9,Severe Delay
2424,Jaipur,Pune,581.2,Fog,33.4,0.0,High,Mixed,7.5,Express,2025-10-07 13:00:00,0.44,774.9,885.6,110.7,Moderate Delay
2425,Kolkata,Raipur,1317.6,Clear,31.1,0.0,High,Mixed,1.9,Same-Day,2025-06-09 10:00:00,0.07,1756.8,1829.6,72.8,Moderate Delay
2426,Delhi,Ahmedabad,1511.1,Clear,37.6,0.0,Medium,Rural Road,25.2,Standard,2025-07-17 10:00:00,0.06,2014.8,2069.6,54.8,Slight Delay
2427,Bangalore,Pune,1472.5,Storm,41.9,34.1,Medium,Mixed,26.0,Express,2025-10-05 10:00:00,0.28,1963.3,2112.2,148.9,Moderate Delay
2428,Mumbai,Jaipur,139.0,Storm,33.7,32.9,Medium,Rural Road,43.5,Same-Day,2025-07-24 22:00:00,0.44,185.3,285.8,100.5,Moderate Delay
2429,Chennai,Mumbai,1748.0,Heavy Rain,26.0,65.6,Medium,Rural Road,39.3,Express,2025-09-03 10:00:00,0.25,2330.7,2477.2,146.5,Moderate Delay
2430,Ahmedabad,Raipur,923.6,Storm,35.8,16.7,Low,Mixed,13.8,Standard,2025-11-16 08:00:00,0.06,1231.5,1349.9,118.4,Moderate Delay
2431,Delhi,Hyderabad,230.5,Clear,41.3,0.0,Medium,Highway,10.3,Same-Day,2025-05-08 17:00:00,0.44,307.3,334.5,27.2,Slight Delay
2432,Jaipur,Bangalore,1875.2,Cloudy,26.1,4.8,Severe,Highway,37.0,Standard,2025-04-20 21:00:00,0.5,2500.3,2658.6,158.3,Moderate Delay
2433,Pune,Mumbai,1457.9,Rain,11.4,44.8,Medium,City Road,28.5,Standard,2025-05-11 16:00:00,0.05,1943.9,2030.7,86.8,Moderate Delay
2434,Ahmedabad,Jaipur,1669.9,Clear,13.3,0.0,Severe,Rural Road,20.5,Same-Day,2025-01-12 11:00:00,0.12,2226.5,2345.4,118.9,Moderate Delay
2435,Hyderabad,Kolkata,303.7,Rain,32.1,54.8,Severe,City Road,47.1,Express,2025-03-05 09:00:00,0.57,404.9,541.4,136.5,Moderate Delay
2436,Pune,Hyderabad,1772.7,Fog,13.8,0.0,Low,City Road,13.7,Same-Day,2025-05-29 14:00:00,0.5,2363.6,2484.0,120.4,Moderate Delay
2437,Mumbai,Raipur,418.9,Heavy Rain,41.1,55.8,Low,Mixed,8.9,Same-Day,2025-09-05 08:00:00,0.42,558.5,654.0,95.5,Moderate Delay
2438,Ahmedabad,Bangalore,849.5,Fog,26.6,0.0,High,Highway,44.6,Same-Day,2025-10-05 06:00:00,0.39,1132.7,1239.1,106.4,Moderate Delay
2439,Pune,Ahmedabad,1532.9,Storm,43.8,7.7,Medium,Highway,34.2,Express,2025-02-10 20:00:00,0.03,2043.9,2181.4,137.5,Moderate Delay
2440,Kolkata,Raipur,1415.9,Storm,44.7,34.0,Low,City Road,23.5,Express,2025-11-15 11:00:00,0.48,1887.9,2027.9,140.0,Moderate Delay
2441,Pune,Raipur,222.1,Rain,12.7,6.9,Severe,City Road,3.2,Same-Day,2025-10-25 18:00:00,0.27,296.1,381.5,85.4,Moderate Delay
2442,Jaipur,Ahmedabad,650.8,Heavy Rain,25.6,55.2,High,Mixed,31.0,Same-Day,2025-06-09 08:00:00,0.56,867.7,981.2,113.5,Moderate Delay
2443,Hyderabad,Pune,992.4,Storm,24.7,54.4,High,Rural Road,45.9,Same-Day,2025-01-26 09:00:00,0.57,1323.2,1481.7,158.5,Moderate Delay
2444,Delhi,Chennai,1942.0,Fog,30.4,0.0,Medium,Highway,23.6,Same-Day,2025-09-02 17:00:00,0.33,2589.3,2725.9,136.6,Moderate Delay
2445,Chennai,Raipur,773.0,Fog,34.2,0.0,Low,Rural Road,33.1,Standard,2025-02-06 21:00:00,0.01,1030.7,1094.0,63.3,Moderate Delay
2446,Delhi,Raipur,1092.6,Fog,22.2,0.0,Low,City Road,12.5,Same-Day,2025-10-03 18:00:00,0.4,1456.8,1537.9,81.1,Moderate Delay
2447,Chennai,Raipur,1144.4,Rain,25.7,70.3,Medium,Mixed,44.0,Same-Day,2025-11-28 10:00:00,0.21,1525.9,1603.3,77.4,Moderate Delay
2448,Delhi,Jaipur,1876.7,Storm,32.8,16.9,High,Rural Road,29.2,Express,2025-11-03 07:00:00,0.33,2502.3,2682.9,180.6,Severe Delay
2449,Pune,Ahmedabad,1443.7,Clear,11.4,0.0,Low,Highway,28.4,Same-Day,2025-12-02 15:00:00,0.07,1924.9,1936.4,11.5,On Time
2450,Bangalore,Hyderabad,1163.0,Storm,15.2,23.9,High,City Road,23.2,Standard,2025-05-31 18:00:00,0.07,1550.7,1736.6,185.9,Severe Delay
2451,Pune,Kolkata,868.7,Fog,40.6,0.0,Severe,Mixed,47.9,Express,2025-07-30 07:00:00,0.1,1158.3,1269.4,111.1,Moderate Delay
2452,Hyderabad,Raipur,517.4,Rain,35.3,26.0,Medium,Highway,25.8,Express,2025-06-11 19:00:00,0.55,689.9,746.5,56.6,Slight Delay
2453,Hyderabad,Ahmedabad,1988.3,Heavy Rain,16.3,72.3,High,Highway,49.6,Same-Day,2025-08-19 15:00:00,0.23,2651.1,2782.7,131.6,Moderate Delay
2454,Hyderabad,Chennai,476.5,Cloudy,16.1,4.6,Low,Mixed,2.7,Standard,2025-05-05 17:00:00,0.44,635.3,681.0,45.7,Slight Delay
2455,Kolkata,Raipur,971.8,Heavy Rain,20.4,36.3,Medium,City Road,33.4,Express,2025-06-22 15:00:00,0.13,1295.7,1401.2,105.5,Moderate Delay
2456,Mumbai,Bangalore,494.2,Heavy Rain,10.0,65.2,High,Rural Road,41.2,Standard,2025-01-28 06:00:00,0.42,658.9,793.1,134.2,Moderate Delay
2457,Pune,Bangalore,1183.5,Cloudy,38.9,0.2,Low,City Road,30.0,Standard,2025-05-31 11:00:00,0.39,1578.0,1635.4,57.4,Slight Delay
2458,Raipur,Pune,1276.8,Heavy Rain,33.3,22.9,Severe,Rural Road,30.1,Express,2025-03-10 16:00:00,0.32,1702.4,1878.6,176.2,Moderate Delay
2459,Jaipur,Delhi,90.0,Heavy Rain,12.7,11.1,Low,Highway,39.0,Standard,2025-04-01 14:00:00,0.21,120.0,179.6,59.6,Slight Delay
2460,Delhi,Bangalore,688.9,Rain,23.8,69.7,High,Mixed,44.3,Standard,2025-01-04 06:00:00,0.5,918.5,1031.0,112.5,Moderate Delay
2461,Delhi,Ahmedabad,1111.0,Storm,13.9,65.7,Severe,Mixed,38.1,Same-Day,2025-09-11 10:00:00,0.49,1481.3,1635.4,154.1,Moderate Delay
2462,Chennai,Delhi,544.2,Cloudy,34.7,4.3,High,Mixed,1.6,Standard,2025-05-20 20:00:00,0.34,725.6,806.5,80.9,Moderate Delay
2463,Bangalore,Raipur,959.0,Rain,40.1,17.5,Medium,Mixed,12.9,Standard,2025-03-17 09:00:00,0.08,1278.7,1332.9,54.2,Slight Delay
2464,Bangalore,Mumbai,481.3,Cloudy,38.4,2.5,High,City Road,35.1,Same-Day,2025-09-03 16:00:00,0.27,641.7,731.8,90.1,Moderate Delay
2465,Chennai,Raipur,672.1,Rain,17.5,75.0,Severe,Highway,44.1,Express,2025-10-11 17:00:00,0.12,896.1,1038.3,142.2,Moderate Delay
2466,Bangalore,Pune,1419.3,Rain,43.8,31.0,Medium,Rural Road,44.0,Standard,2025-03-05 13:00:00,0.01,1892.4,1964.8,72.4,Moderate Delay
2467,Ahmedabad,Hyderabad,1300.3,Rain,11.0,58.6,High,Rural Road,43.2,Standard,2025-01-17 19:00:00,0.4,1733.7,1867.6,133.9,Moderate Delay
2468,Kolkata,Hyderabad,519.1,Fog,13.5,0.0,High,Rural Road,43.3,Same-Day,2025-08-28 16:00:00,0.02,692.1,777.5,85.4,Moderate Delay
2469,Bangalore,Kolkata,1504.7,Clear,42.3,0.0,Low,City Road,34.3,Standard,2025-03-20 20:00:00,0.11,2006.3,2092.3,86.0,Moderate Delay
2470,Kolkata,Jaipur,601.2,Storm,21.7,7.0,Severe,Highway,48.6,Express,2025-08-13 18:00:00,0.49,801.6,981.0,179.4,Moderate Delay
2471,Chennai,Kolkata,791.1,Fog,33.4,0.0,High,City Road,5.8,Express,2025-03-28 06:00:00,0.29,1054.8,1168.3,113.5,Moderate Delay
2472,Chennai,Jaipur,1348.5,Storm,35.4,61.6,Severe,City Road,2.3,Standard,2025-09-01 17:00:00,0.24,1798.0,2013.3,215.3,Severe Delay
2473,Mumbai,Jaipur,167.0,Clear,36.2,0.0,Low,Mixed,3.6,Standard,2025-01-22 14:00:00,0.11,222.7,251.1,28.4,Slight Delay
2474,Hyderabad,Chennai,620.7,Clear,22.4,0.0,Severe,City Road,30.9,Express,2025-10-07 22:00:00,0.29,827.6,936.9,109.3,Moderate Delay
2475,Bangalore,Hyderabad,1346.5,Storm,17.7,33.9,Medium,Rural Road,31.4,Standard,2025-06-06 06:00:00,0.02,1795.3,1928.9,133.6,Moderate Delay
2476,Mumbai,Bangalore,496.7,Storm,37.1,14.2,Low,Mixed,13.3,Express,2025-08-31 22:00:00,0.57,662.3,786.8,124.5,Moderate Delay
2477,Kolkata,Jaipur,1042.8,Clear,25.5,0.0,Severe,Rural Road,15.9,Standard,2025-05-23 14:00:00,0.5,1390.4,1527.2,136.8,Moderate Delay
2478,Kolkata,Pune,1023.2,Rain,32.8,61.6,High,Mixed,27.9,Standard,2025-09-30 12:00:00,0.56,1364.3,1532.4,168.1,Moderate Delay
2479,Ahmedabad,Hyderabad,1722.0,Fog,41.8,0.0,Low,Mixed,45.3,Same-Day,2025-11-14 12:00:00,0.5,2296.0,2415.7,119.7,Moderate Delay
2480,Raipur,Jaipur,1215.6,Clear,42.8,0.0,Low,Rural Road,33.2,Standard,2025-11-26 09:00:00,0.47,1620.8,1682.3,61.5,Moderate Delay
2481,Bangalore,Jaipur,1393.1,Heavy Rain,33.5,40.0,High,Mixed,19.1,Same-Day,2025-10-18 19:00:00,0.33,1857.5,1983.5,126.0,Moderate Delay
2482,Jaipur,Ahmedabad,1769.8,Storm,29.5,52.0,Medium,Highway,4.0,Express,2025-06-11 21:00:00,0.08,2359.7,2489.3,129.6,Moderate Delay
2483,Jaipur,Bangalore,1945.2,Heavy Rain,15.2,34.6,Low,Rural Road,33.4,Express,2025-12-15 10:00:00,0.18,2593.6,2723.2,129.6,Moderate Delay
2484,Kolkata,Raipur,936.4,Cloudy,27.6,1.0,Low,Highway,45.2,Same-Day,2025-11-03 18:00:00,0.45,1248.5,1267.6,19.1,Slight Delay
2485,Kolkata,Bangalore,1996.9,Rain,30.2,9.4,Medium,City Road,39.1,Same-Day,2025-11-29 13:00:00,0.04,2662.5,2743.7,81.2,Moderate Delay
2486,Jaipur,Raipur,1895.3,Cloudy,17.0,2.9,Medium,City Road,19.7,Same-Day,2025-02-22 10:00:00,0.46,2527.1,2592.2,65.1,Moderate Delay
2487,Delhi,Jaipur,1416.1,Heavy Rain,27.6,5.8,Low,Mixed,30.8,Standard,2025-10-18 12:00:00,0.55,1888.1,1981.9,93.8,Moderate Delay
2488,Bangalore,Jaipur,338.2,Storm,39.3,54.2,Low,City Road,16.9,Standard,2025-03-16 09:00:00,0.31,450.9,578.1,127.2,Moderate Delay
2489,Mumbai,Bangalore,106.2,Clear,10.5,0.0,Medium,City Road,16.6,Standard,2025-01-02 06:00:00,0.04,141.6,175.1,33.5,Slight Delay
2490,Delhi,Jaipur,799.5,Heavy Rain,42.9,34.7,Severe,Mixed,25.1,Express,2025-02-28 07:00:00,0.15,1066.0,1220.1,154.1,Moderate Delay
2491,Mumbai,Jaipur,1217.7,Fog,45.0,0.0,Severe,Mixed,7.4,Standard,2025-01-06 08:00:00,0.25,1623.6,1734.8,111.2,Moderate Delay
2492,Kolkata,Chennai,823.3,Rain,14.2,61.1,Severe,Highway,30.3,Express,2025-02-01 13:00:00,0.22,1097.7,1223.7,126.0,Moderate Delay
2493,Ahmedabad,Kolkata,444.4,Rain,33.9,79.2,Medium,Highway,1.2,Same-Day,2025-09-19 07:00:00,0.18,592.5,624.4,31.9,Slight Delay
2494,Raipur,Kolkata,1626.3,Heavy Rain,28.0,7.9,Medium,City Road,47.3,Express,2025-06-08 19:00:00,0.05,2168.4,2296.2,127.8,Moderate Delay
2495,Jaipur,Hyderabad,1972.9,Fog,35.4,0.0,Low,Highway,14.3,Standard,2025-04-12 06:00:00,0.42,2630.5,2707.0,76.5,Moderate Delay
2496,Raipur,Pune,942.4,Cloudy,43.6,4.7,Low,Rural Road,45.2,Express,2025-06-18 18:00:00,0.55,1256.5,1306.5,50.0,Slight Delay
2497,Raipur,Delhi,285.8,Rain,10.8,13.8,Low,Highway,46.0,Express,2025-08-10 18:00:00,0.4,381.1,443.4,62.3,Moderate Delay
2498,Pune,Kolkata,595.4,Clear,27.5,0.0,Low,Highway,40.9,Same-Day,2025-07-21 17:00:00,0.09,793.9,798.3,4.4,On Time
2499,Kolkata,Delhi,479.6,Fog,15.0,0.0,Low,City Road,36.4,Express,2025-01-01 20:00:00,0.03,639.5,695.3,55.8,Slight Delay
2500,Ahmedabad,Hyderabad,1448.6,Clear,21.8,0.0,Severe,Rural Road,9.8,Same-Day,2025-08-29 07:00:00,0.15,1931.5,2059.5,128.0,Moderate Delay
2501,Ahmedabad,Mumbai,346.1,Rain,36.3,55.5,Medium,Mixed,1.1,Express,2025-10-08 12:00:00,0.04,461.5,512.4,50.9,Slight Delay
2502,Kolkata,Jaipur,1245.8,Cloudy,35.4,1.4,Severe,Mixed,29.7,Standard,2025-07-18 20:00:00,0.09,1661.1,1751.3,90.2,Moderate Delay
2503,Mumbai,Jaipur,1689.2,Cloudy,23.2,4.2,Severe,Highway,33.0,Express,2025-09-28 21:00:00,0.31,2252.3,2397.3,145.0,Moderate Delay
2504,Jaipur,Delhi,872.8,Rain,40.5,67.8,Low,Rural Road,47.1,Same-Day,2025-08-08 11:00:00,0.18,1163.7,1212.1,48.4,Slight Delay
2505,Hyderabad,Ahmedabad,1817.5,Clear,28.4,0.0,Severe,Mixed,28.5,Standard,2025-12-21 13:00:00,0.11,2423.3,2572.9,149.6,Moderate Delay
2506,Bangalore,Mumbai,104.4,Clear,31.3,0.0,Medium,Mixed,26.4,Same-Day,2025-07-03 20:00:00,0.47,139.2,181.5,42.3,Slight Delay
2507,Ahmedabad,Jaipur,337.0,Cloudy,28.9,1.6,Severe,Highway,26.6,Express,2025-02-10 06:00:00,0.33,449.3,565.9,116.6,Moderate Delay
2508,Jaipur,Hyderabad,290.7,Cloudy,33.7,0.3,Low,Mixed,17.1,Express,2025-06-21 22:00:00,0.51,387.6,425.6,38.0,Slight Delay
2509,Hyderabad,Delhi,1959.8,Heavy Rain,34.3,50.1,Severe,Mixed,20.7,Express,2025-12-28 08:00:00,0.54,2613.1,2767.5,154.4,Moderate Delay
2510,Bangalore,Ahmedabad,354.6,Rain,37.6,42.8,Severe,City Road,25.9,Standard,2025-02-19 10:00:00,0.22,472.8,615.7,142.9,Moderate Delay
2511,Kolkata,Delhi,1322.0,Storm,16.6,13.4,Severe,City Road,33.2,Express,2025-05-17 11:00:00,0.41,1762.7,1976.5,213.8,Severe Delay
2512,Bangalore,Chennai,1509.4,Storm,38.4,13.3,Severe,Rural Road,2.5,Same-Day,2025-10-28 08:00:00,0.2,2012.5,2231.9,219.4,Severe Delay
2513,Raipur,Mumbai,1067.1,Fog,31.4,0.0,High,Rural Road,26.1,Express,2025-03-09 09:00:00,0.53,1422.8,1548.3,125.5,Moderate Delay
2514,Ahmedabad,Hyderabad,234.3,Fog,28.8,0.0,High,Rural Road,41.1,Express,2025-01-24 16:00:00,0.23,312.4,380.7,68.3,Moderate Delay
2515,Pune,Jaipur,543.9,Cloudy,41.3,0.5,Low,City Road,20.9,Standard,2025-07-07 21:00:00,0.24,725.2,798.3,73.1,Moderate Delay
2516,Mumbai,Delhi,878.9,Fog,22.0,0.0,Low,Highway,11.0,Same-Day,2025-07-24 13:00:00,0.36,1171.9,1255.3,83.4,Moderate Delay
2517,Hyderabad,Raipur,714.0,Rain,23.3,39.7,Low,Mixed,36.1,Standard,2025-04-19 10:00:00,0.43,952.0,1031.1,79.1,Moderate Delay
2518,Kolkata,Ahmedabad,1425.6,Cloudy,35.1,1.2,Medium,Rural Road,38.6,Same-Day,2025-05-24 06:00:00,0.01,1900.8,1973.8,73.0,Moderate Delay
2519,Mumbai,Bangalore,1387.5,Heavy Rain,11.3,21.8,Medium,City Road,31.0,Same-Day,2025-05-15 20:00:00,0.51,1850.0,1974.8,124.8,Moderate Delay
2520,Chennai,Delhi,90.9,Cloudy,17.8,2.3,Severe,Highway,35.0,Express,2025-10-05 17:00:00,0.13,121.2,216.3,95.1,Moderate Delay
2521,Mumbai,Ahmedabad,1581.9,Clear,16.8,0.0,Low,Rural Road,46.7,Same-Day,2025-11-25 07:00:00,0.19,2109.2,2186.6,77.4,Moderate Delay
2522,Delhi,Bangalore,1471.4,Storm,28.7,10.5,High,Highway,42.2,Same-Day,2025-04-02 20:00:00,0.58,1961.9,2100.7,138.8,Moderate Delay
2523,Delhi,Bangalore,1824.9,Rain,13.3,46.5,Medium,Mixed,34.9,Standard,2025-01-23 17:00:00,0.17,2433.2,2520.6,87.4,Moderate Delay
2524,Chennai,Ahmedabad,390.9,Clear,22.6,0.0,Medium,City Road,2.3,Standard,2025-01-17 20:00:00,0.17,521.2,562.7,41.5,Slight Delay
2525,Delhi,Raipur,650.7,Storm,24.6,58.5,High,Highway,1.0,Standard,2025-09-05 14:00:00,0.17,867.6,982.1,114.5,Moderate Delay
2526,Delhi,Jaipur,1726.7,Storm,23.1,33.1,High,Rural Road,38.0,Same-Day,2025-05-31 13:00:00,0.18,2302.3,2418.9,116.6,Moderate Delay
2527,Bangalore,Jaipur,1485.2,Heavy Rain,28.0,10.4,Severe,City Road,22.3,Express,2025-06-26 10:00:00,0.43,1980.3,2126.8,146.5,Moderate Delay
2528,Jaipur,Kolkata,1415.5,Rain,23.1,14.9,Severe,Highway,12.2,Express,2025-02-15 22:00:00,0.39,1887.3,2019.9,132.6,Moderate Delay
2529,Bangalore,Ahmedabad,1655.1,Cloudy,35.1,3.2,High,Highway,45.9,Standard,2025-02-06 07:00:00,0.04,2206.8,2281.1,74.3,Moderate Delay
2530,Kolkata,Pune,1857.5,Clear,23.7,0.0,Medium,Rural Road,2.6,Same-Day,2025-12-06 18:00:00,0.42,2476.7,2559.6,82.9,Moderate Delay
2531,Chennai,Bangalore,1184.4,Clear,21.3,0.0,Severe,Rural Road,15.9,Standard,2025-07-04 20:00:00,0.07,1579.2,1713.5,134.3,Moderate Delay
2532,Kolkata,Jaipur,981.4,Cloudy,16.5,3.5,High,City Road,27.6,Express,2025-09-29 07:00:00,0.02,1308.5,1377.8,69.3,Moderate Delay
2533,Pune,Kolkata,294.8,Storm,39.8,7.1,Severe,Highway,5.6,Same-Day,2025-08-08 20:00:00,0.07,393.1,548.6,155.5,Moderate Delay
2534,Chennai,Jaipur,97.4,Cloudy,10.5,1.8,High,Rural Road,10.1,Same-Day,2025-09-15 12:00:00,0.16,129.9,182.3,52.4,Slight Delay
2535,Ahmedabad,Kolkata,1102.2,Cloudy,25.6,0.6,High,City Road,45.4,Express,2025-11-19 15:00:00,0.34,1469.6,1564.2,94.6,Moderate Delay
2536,Pune,Bangalore,1065.4,Storm,13.6,15.2,Low,Rural Road,40.8,Express,2025-01-28 20:00:00,0.56,1420.5,1544.1,123.6,Moderate Delay
2537,Raipur,Kolkata,993.2,Fog,32.5,0.0,Low,Mixed,20.9,Express,2025-08-18 16:00:00,0.21,1324.3,1385.7,61.4,Moderate Delay
2538,Hyderabad,Delhi,880.9,Rain,39.0,42.8,Severe,City Road,19.5,Standard,2025-10-17 11:00:00,0.1,1174.5,1346.4,171.9,Moderate Delay
2539,Mumbai,Delhi,1626.5,Storm,42.2,50.0,High,Rural Road,36.7,Standard,2025-01-22 21:00:00,0.03,2168.7,2349.7,181.0,Severe Delay
2540,Kolkata,Mumbai,1704.0,Fog,32.5,0.0,Low,City Road,41.7,Standard,2025-02-12 09:00:00,0.42,2272.0,2363.8,91.8,Moderate Delay
2541,Raipur,Jaipur,642.8,Heavy Rain,21.3,17.7,Low,Highway,15.0,Standard,2025-06-18 15:00:00,0.01,857.1,909.6,52.5,Slight Delay
2542,Raipur,Pune,130.0,Clear,33.7,0.0,Medium,City Road,32.6,Same-Day,2025-01-13 18:00:00,0.48,173.3,250.1,76.8,Moderate Delay
2543,Jaipur,Hyderabad,1552.7,Cloudy,20.4,0.4,High,Rural Road,9.2,Same-Day,2025-02-12 11:00:00,0.06,2070.3,2161.4,91.1,Moderate Delay
2544,Mumbai,Bangalore,1606.2,Fog,42.0,0.0,Medium,City Road,18.0,Express,2025-06-10 17:00:00,0.42,2141.6,2246.5,104.9,Moderate Delay
2545,Mumbai,Delhi,1429.5,Cloudy,32.4,2.4,Severe,Highway,33.9,Standard,2025-06-13 09:00:00,0.46,1906.0,2079.7,173.7,Moderate Delay
2546,Hyderabad,Chennai,1236.6,Fog,25.4,0.0,Medium,Rural Road,1.8,Same-Day,2025-12-18 14:00:00,0.2,1648.8,1733.5,84.7,Moderate Delay
2547,Raipur,Hyderabad,748.5,Clear,44.7,0.0,Severe,Rural Road,43.2,Standard,2025-09-10 09:00:00,0.26,998.0,1123.5,125.5,Moderate Delay
2548,Raipur,Chennai,1576.7,Cloudy,19.6,1.5,Severe,Highway,3.9,Express,2025-12-29 17:00:00,0.17,2102.3,2228.0,125.7,Moderate Delay
2549,Mumbai,Kolkata,693.1,Fog,20.1,0.0,Low,Highway,5.7,Standard,2025-07-21 15:00:00,0.22,924.1,976.6,52.5,Slight Delay
2550,Jaipur,Chennai,230.8,Rain,20.8,46.4,Low,City Road,49.4,Same-Day,2025-10-24 09:00:00,0.48,307.7,375.4,67.7,Moderate Delay
2551,Mumbai,Hyderabad,1147.2,Rain,33.4,60.9,Medium,Highway,7.1,Standard,2025-08-08 07:00:00,0.12,1529.6,1590.9,61.3,Moderate Delay
2552,Ahmedabad,Kolkata,1862.0,Clear,20.0,0.0,Low,Rural Road,23.8,Same-Day,2025-11-11 09:00:00,0.11,2482.7,2531.6,48.9,Slight Delay
2553,Chennai,Pune,164.5,Storm,36.5,24.2,Medium,Rural Road,9.2,Express,2025-05-05 17:00:00,0.36,219.3,348.8,129.5,Moderate Delay
2554,Jaipur,Hyderabad,75.0,Cloudy,21.9,2.6,Low,Rural Road,26.1,Express,2025-02-06 07:00:00,0.12,100.0,106.7,6.7,On Time
2555,Mumbai,Raipur,430.9,Heavy Rain,32.2,36.9,Low,Highway,1.3,Express,2025-10-20 19:00:00,0.02,574.5,623.3,48.8,Slight Delay
2556,Ahmedabad,Mumbai,1579.0,Clear,36.4,0.0,Severe,Mixed,46.1,Express,2025-05-15 07:00:00,0.13,2105.3,2252.4,147.1,Moderate Delay
2557,Chennai,Ahmedabad,1262.7,Storm,23.3,64.4,High,City Road,15.6,Same-Day,2025-04-22 12:00:00,0.11,1683.6,1850.8,167.2,Moderate Delay
2558,Jaipur,Kolkata,432.8,Rain,23.5,69.3,High,City Road,11.2,Standard,2025-01-02 18:00:00,0.49,577.1,654.2,77.1,Moderate Delay
2559,Raipur,Ahmedabad,1315.2,Heavy Rain,34.5,30.9,Medium,Rural Road,24.0,Express,2025-01-05 12:00:00,0.24,1753.6,1875.5,121.9,Moderate Delay
2560,Bangalore,Pune,1765.9,Clear,20.1,0.0,Low,Mixed,23.0,Standard,2025-07-14 16:00:00,0.45,2354.5,2439.0,84.5,Moderate Delay
2561,Kolkata,Bangalore,971.4,Heavy Rain,41.7,65.2,Medium,Rural Road,12.5,Standard,2025-08-24 14:00:00,0.19,1295.2,1426.2,131.0,Moderate Delay
2562,Bangalore,Mumbai,1221.3,Fog,26.8,0.0,Medium,City Road,47.2,Standard,2025-04-24 15:00:00,0.01,1628.4,1714.8,86.4,Moderate Delay
2563,Hyderabad,Delhi,585.0,Clear,16.6,0.0,Low,Highway,8.8,Same-Day,2025-01-21 19:00:00,0.44,780.0,824.9,44.9,Slight Delay
2564,Mumbai,Pune,1653.2,Cloudy,13.3,3.6,Low,Mixed,16.5,Same-Day,2025-05-10 13:00:00,0.07,2204.3,2215.4,11.1,On Time
2565,Mumbai,Chennai,1051.6,Clear,30.6,0.0,Low,Mixed,36.6,Express,2025-08-16 13:00:00,0.16,1402.1,1441.4,39.3,Slight Delay
2566,Bangalore,Mumbai,193.2,Rain,44.6,22.2,High,Mixed,32.0,Express,2025-10-16 20:00:00,0.17,257.6,330.7,73.1,Moderate Delay
2567,Hyderabad,Bangalore,1684.0,Clear,33.8,0.0,Medium,Mixed,3.8,Express,2025-03-27 18:00:00,0.13,2245.3,2304.9,59.6,Slight Delay
2568,Mumbai,Kolkata,757.7,Cloudy,14.9,2.7,Severe,City Road,19.7,Standard,2025-12-22 10:00:00,0.44,1010.3,1137.9,127.6,Moderate Delay
2569,Raipur,Hyderabad,80.2,Rain,39.7,29.5,Medium,Highway,34.2,Express,2025-08-25 20:00:00,0.57,106.9,171.3,64.4,Moderate Delay
2570,Mumbai,Chennai,1693.2,Clear,35.0,0.0,Severe,Highway,14.5,Standard,2025-06-26 11:00:00,0.36,2257.6,2375.2,117.6,Moderate Delay
2571,Chennai,Jaipur,685.7,Clear,22.0,0.0,Medium,City Road,24.1,Express,2025-12-25 11:00:00,0.6,914.3,956.2,41.9,Slight Delay
2572,Delhi,Chennai,387.4,Clear,37.4,0.0,High,Highway,6.9,Same-Day,2025-10-21 21:00:00,0.55,516.5,555.4,38.9,Slight Delay
2573,Mumbai,Pune,582.9,Storm,35.5,41.4,Low,Mixed,7.1,Standard,2025-02-27 22:00:00,0.06,777.2,871.2,94.0,Moderate Delay
2574,Pune,Chennai,1671.1,Storm,15.2,51.3,High,Rural Road,47.8,Same-Day,2025-10-09 08:00:00,0.5,2228.1,2400.6,172.5,Moderate Delay
2575,Jaipur,Hyderabad,485.3,Storm,33.4,68.1,Severe,Mixed,12.1,Standard,2025-12-27 09:00:00,0.11,647.1,798.4,151.3,Moderate Delay
2576,Pune,Jaipur,1565.6,Storm,31.4,43.5,Low,Highway,29.8,Express,2025-05-02 21:00:00,0.06,2087.5,2173.1,85.6,Moderate Delay
2577,Ahmedabad,Chennai,1089.0,Clear,30.1,0.0,Severe,City Road,29.1,Same-Day,2025-10-25 21:00:00,0.51,1452.0,1582.4,130.4,Moderate Delay
2578,Bangalore,Jaipur,41.4,Rain,15.4,78.9,High,Rural Road,16.3,Standard,2025-12-03 09:00:00,0.07,55.2,128.6,73.4,Moderate Delay
2579,Ahmedabad,Bangalore,1048.2,Cloudy,14.9,2.1,Severe,City Road,30.1,Standard,2025-01-28 11:00:00,0.04,1397.6,1505.0,107.4,Moderate Delay
2580,Ahmedabad,Chennai,585.7,Storm,17.3,45.5,High,City Road,23.3,Same-Day,2025-04-28 10:00:00,0.2,780.9,935.4,154.5,Moderate Delay
2581,Bangalore,Mumbai,749.1,Rain,40.3,10.6,Low,Rural Road,19.0,Express,2025-09-07 14:00:00,0.2,998.8,1058.4,59.6,Slight Delay
2582,Chennai,Bangalore,1978.7,Fog,25.8,0.0,Low,Highway,6.7,Express,2025-07-04 12:00:00,0.13,2638.3,2699.2,60.9,Moderate Delay
2583,Mumbai,Chennai,666.9,Fog,12.5,0.0,Low,City Road,44.5,Standard,2025-11-21 12:00:00,0.12,889.2,957.9,68.7,Moderate Delay
2584,Mumbai,Hyderabad,499.6,Fog,33.9,0.0,Medium,City Road,10.2,Standard,2025-03-08 20:00:00,0.38,666.1,765.2,99.1,Moderate Delay
2585,Raipur,Hyderabad,904.2,Cloudy,17.6,1.8,Low,City Road,24.9,Express,2025-04-10 07:00:00,0.05,1205.6,1233.0,27.4,Slight Delay
2586,Bangalore,Jaipur,1472.1,Clear,35.3,0.0,Severe,Rural Road,27.8,Standard,2025-07-28 14:00:00,0.14,1962.8,2090.4,127.6,Moderate Delay
2587,Pune,Chennai,1665.1,Clear,21.6,0.0,Low,Rural Road,12.1,Same-Day,2025-11-01 13:00:00,0.5,2220.1,2299.7,79.6,Moderate Delay
2588,Raipur,Ahmedabad,1185.0,Heavy Rain,23.3,61.2,High,Mixed,21.7,Same-Day,2025-02-19 13:00:00,0.41,1580.0,1723.0,143.0,Moderate Delay
2589,Bangalore,Delhi,772.6,Fog,12.3,0.0,Low,City Road,49.4,Same-Day,2025-02-15 19:00:00,0.37,1030.1,1115.7,85.6,Moderate Delay
2590,Delhi,Ahmedabad,389.5,Rain,14.4,49.1,Severe,Highway,25.6,Standard,2025-10-26 22:00:00,0.42,519.3,654.6,135.3,Moderate Delay
2591,Chennai,Delhi,1841.1,Clear,32.5,0.0,High,City Road,20.2,Same-Day,2025-10-05 14:00:00,0.16,2454.8,2541.1,86.3,Moderate Delay
2592,Delhi,Raipur,1670.1,Heavy Rain,17.1,23.6,Medium,City Road,10.0,Same-Day,2025-02-11 12:00:00,0.09,2226.8,2365.7,138.9,Moderate Delay
2593,Delhi,Raipur,31.7,Heavy Rain,31.0,43.1,Low,Highway,24.1,Express,2025-07-27 17:00:00,0.04,42.3,70.0,27.7,Slight Delay
2594,Pune,Raipur,1957.9,Heavy Rain,42.6,48.1,Low,Mixed,49.1,Standard,2025-12-25 18:00:00,0.59,2610.5,2722.6,112.1,Moderate Delay
2595,Bangalore,Delhi,1385.0,Storm,17.2,30.5,Severe,Rural Road,11.8,Express,2025-01-31 15:00:00,0.15,1846.7,2025.6,178.9,Moderate Delay
2596,Jaipur,Kolkata,307.1,Rain,13.5,37.9,High,Highway,28.4,Express,2025-08-09 18:00:00,0.18,409.5,475.1,65.6,Moderate Delay
2597,Chennai,Hyderabad,484.4,Storm,38.3,67.5,Medium,City Road,6.0,Same-Day,2025-08-02 17:00:00,0.58,645.9,783.2,137.3,Moderate Delay
2598,Mumbai,Hyderabad,1655.4,Fog,22.7,0.0,Severe,City Road,17.7,Express,2025-04-08 10:00:00,0.28,2207.2,2379.0,171.8,Moderate Delay
2599,Bangalore,Raipur,1438.5,Cloudy,15.8,1.3,Severe,Highway,21.6,Standard,2025-06-01 10:00:00,0.53,1918.0,2094.8,176.8,Moderate Delay
2600,Kolkata,Chennai,1686.1,Heavy Rain,33.5,53.1,Medium,Rural Road,47.5,Same-Day,2025-10-12 16:00:00,0.23,2248.1,2383.3,135.2,Moderate Delay
2601,Kolkata,Bangalore,334.6,Clear,30.5,0.0,Low,Mixed,10.2,Same-Day,2025-12-18 09:00:00,0.27,446.1,446.4,0.3,On Time
2602,Jaipur,Pune,191.5,Cloudy,10.1,4.5,Medium,Rural Road,11.3,Same-Day,2025-02-13 18:00:00,0.26,255.3,288.7,33.4,Slight Delay
2603,Kolkata,Chennai,1402.8,Cloudy,36.6,2.3,High,City Road,9.2,Standard,2025-05-25 20:00:00,0.28,1870.4,1969.1,98.7,Moderate Delay
2604,Bangalore,Pune,1539.9,Fog,24.3,0.0,Low,Rural Road,9.5,Same-Day,2025-05-01 13:00:00,0.28,2053.2,2129.0,75.8,Moderate Delay
2605,Chennai,Hyderabad,242.3,Cloudy,23.7,3.7,Low,City Road,11.6,Standard,2025-02-10 17:00:00,0.35,323.1,365.7,42.6,Slight Delay
2606,Ahmedabad,Raipur,257.6,Heavy Rain,17.1,17.7,Low,Rural Road,5.0,Same-Day,2025-05-17 17:00:00,0.48,343.5,421.5,78.0,Moderate Delay
2607,Raipur,Pune,562.6,Fog,18.4,0.0,High,Mixed,25.2,Express,2025-08-21 18:00:00,0.17,750.1,853.0,102.9,Moderate Delay
2608,Jaipur,Kolkata,413.8,Fog,13.0,0.0,High,City Road,26.6,Express,2025-05-03 19:00:00,0.2,551.7,649.6,97.9,Moderate Delay
2609,Hyderabad,Ahmedabad,1027.6,Rain,29.7,57.1,Severe,Mixed,25.1,Same-Day,2025-11-01 22:00:00,0.29,1370.1,1489.1,119.0,Moderate Delay
2610,Pune,Delhi,1181.5,Heavy Rain,37.3,65.7,Medium,Rural Road,41.3,Standard,2025-02-10 11:00:00,0.33,1575.3,1678.4,103.1,Moderate Delay
2611,Hyderabad,Kolkata,1007.0,Rain,31.1,7.4,Low,Highway,2.1,Same-Day,2025-06-20 15:00:00,0.43,1342.7,1431.1,88.4,Moderate Delay
2612,Ahmedabad,Delhi,252.2,Rain,23.5,60.0,Medium,Mixed,31.3,Same-Day,2025-03-15 16:00:00,0.29,336.3,381.5,45.2,Slight Delay
2613,Hyderabad,Raipur,758.0,Heavy Rain,11.4,22.4,High,Mixed,44.5,Standard,2025-02-27 13:00:00,0.49,1010.7,1164.8,154.1,Moderate Delay
2614,Mumbai,Ahmedabad,1409.8,Rain,21.5,67.3,Medium,City Road,24.6,Express,2025-10-29 09:00:00,0.1,1879.7,1969.7,90.0,Moderate Delay
2615,Kolkata,Bangalore,299.9,Heavy Rain,13.3,30.9,Low,Rural Road,42.8,Standard,2025-12-08 14:00:00,0.58,399.9,486.9,87.0,Moderate Delay
2616,Ahmedabad,Chennai,1796.8,Cloudy,18.3,0.4,Medium,Mixed,8.4,Standard,2025-06-04 16:00:00,0.5,2395.7,2511.2,115.5,Moderate Delay
2617,Kolkata,Chennai,858.5,Fog,38.1,0.0,Low,Mixed,5.5,Same-Day,2025-07-31 13:00:00,0.38,1144.7,1208.4,63.7,Moderate Delay
2618,Raipur,Chennai,285.8,Clear,39.3,0.0,Low,Highway,37.6,Same-Day,2025-11-27 09:00:00,0.23,381.1,394.9,13.8,On Time
2619,Raipur,Jaipur,758.1,Rain,36.1,37.1,Medium,City Road,42.1,Standard,2025-02-10 17:00:00,0.32,1010.8,1108.6,97.8,Moderate Delay
2620,Ahmedabad,Raipur,1575.7,Clear,17.7,0.0,High,Rural Road,41.4,Standard,2025-04-18 17:00:00,0.07,2100.9,2211.9,111.0,Moderate Delay
2621,Kolkata,Bangalore,1017.5,Heavy Rain,20.8,35.4,Severe,Rural Road,48.4,Express,2025-12-15 21:00:00,0.12,1356.7,1502.8,146.1,Moderate Delay
2622,Mumbai,Bangalore,1042.7,Heavy Rain,11.3,76.7,Medium,City Road,9.1,Same-Day,2025-12-13 06:00:00,0.32,1390.3,1498.6,108.3,Moderate Delay
2623,Ahmedabad,Pune,1009.2,Rain,37.7,38.2,Medium,City Road,8.7,Express,2025-08-25 20:00:00,0.19,1345.6,1417.0,71.4,Moderate Delay
2624,Bangalore,Raipur,373.2,Heavy Rain,39.2,63.3,High,Mixed,37.9,Standard,2025-04-10 20:00:00,0.49,497.6,602.4,104.8,Moderate Delay
2625,Mumbai,Bangalore,1417.1,Rain,44.0,8.3,Low,Highway,5.1,Same-Day,2025-12-25 17:00:00,0.07,1889.5,1921.7,32.2,Slight Delay
2626,Bangalore,Ahmedabad,719.4,Storm,36.5,63.5,Low,Highway,1.2,Express,2025-06-16 22:00:00,0.09,959.2,1049.9,90.7,Moderate Delay
2627,Mumbai,Delhi,400.3,Clear,29.7,0.0,Medium,Mixed,18.7,Same-Day,2025-04-02 10:00:00,0.3,533.7,564.1,30.4,Slight Delay
2628,Delhi,Hyderabad,251.8,Cloudy,29.6,1.5,High,Mixed,49.9,Same-Day,2025-04-10 09:00:00,0.24,335.7,397.0,61.3,Moderate Delay
2629,Pune,Mumbai,918.0,Storm,37.9,21.2,High,City Road,45.3,Same-Day,2025-12-21 09:00:00,0.47,1224.0,1368.9,144.9,Moderate Delay
2630,Chennai,Raipur,236.4,Storm,19.0,67.8,Low,Mixed,31.0,Standard,2025-01-18 12:00:00,0.14,315.2,422.9,107.7,Moderate Delay
2631,Delhi,Kolkata,1012.8,Heavy Rain,23.1,21.8,High,Rural Road,28.1,Same-Day,2025-03-20 22:00:00,0.53,1350.4,1524.1,173.7,Moderate Delay
2632,Pune,Bangalore,458.9,Fog,15.0,0.0,Low,City Road,48.9,Same-Day,2025-11-20 21:00:00,0.03,611.9,677.3,65.4,Moderate Delay
2633,Chennai,Pune,1812.3,Cloudy,23.8,2.8,High,Rural Road,44.7,Same-Day,2025-12-16 12:00:00,0.6,2416.4,2541.4,125.0,Moderate Delay
2634,Chennai,Bangalore,574.2,Cloudy,32.4,1.6,Medium,Mixed,22.8,Standard,2025-12-25 12:00:00,0.23,765.6,827.6,62.0,Moderate Delay
2635,Ahmedabad,Bangalore,1137.8,Clear,42.3,0.0,High,Rural Road,5.5,Express,2025-12-20 13:00:00,0.13,1517.1,1593.7,76.6,Moderate Delay
2636,Hyderabad,Chennai,90.1,Cloudy,19.9,3.2,Medium,Mixed,10.4,Express,2025-02-14 22:00:00,0.5,120.1,185.3,65.2,Moderate Delay
2637,Hyderabad,Mumbai,1329.6,Heavy Rain,30.1,30.1,Severe,Highway,17.5,Standard,2025-10-10 20:00:00,0.24,1772.8,1926.3,153.5,Moderate Delay
2638,Mumbai,Jaipur,189.7,Cloudy,19.4,1.6,Severe,Mixed,27.6,Standard,2025-09-16 11:00:00,0.46,252.9,405.8,152.9,Moderate Delay
2639,Chennai,Raipur,1241.1,Clear,30.9,0.0,Low,Highway,6.9,Express,2025-03-05 10:00:00,0.43,1654.8,1715.2,60.4,Moderate Delay
2640,Pune,Delhi,1755.7,Rain,39.4,64.0,Medium,City Road,1.2,Same-Day,2025-02-15 21:00:00,0.55,2340.9,2450.0,109.1,Moderate Delay
2641,Pune,Kolkata,1287.8,Storm,24.6,55.9,High,Mixed,27.7,Express,2025-04-13 16:00:00,0.17,1717.1,1839.8,122.7,Moderate Delay
2642,Raipur,Kolkata,1041.1,Cloudy,32.6,4.8,Medium,City Road,41.7,Standard,2025-12-20 10:00:00,0.43,1388.1,1466.0,77.9,Moderate Delay
2643,Bangalore,Chennai,780.4,Fog,26.2,0.0,Low,Highway,14.0,Same-Day,2025-05-30 14:00:00,0.16,1040.5,1086.3,45.8,Slight Delay
2644,Bangalore,Pune,1547.5,Storm,27.5,31.5,Medium,City Road,46.7,Standard,2025-07-01 18:00:00,0.03,2063.3,2179.9,116.6,Moderate Delay
2645,Mumbai,Raipur,1126.3,Cloudy,27.0,2.1,High,City Road,26.2,Express,2025-12-02 07:00:00,0.1,1501.7,1604.9,103.2,Moderate Delay
2646,Pune,Chennai,627.9,Fog,13.4,0.0,Severe,City Road,44.9,Standard,2025-11-28 09:00:00,0.36,837.2,1017.7,180.5,Severe Delay
2647,Ahmedabad,Mumbai,1782.4,Rain,20.7,15.3,Severe,Mixed,4.9,Express,2025-02-23 13:00:00,0.43,2376.5,2555.8,179.3,Moderate Delay
2648,Mumbai,Ahmedabad,638.4,Fog,43.5,0.0,High,City Road,7.9,Same-Day,2025-06-06 09:00:00,0.46,851.2,959.2,108.0,Moderate Delay
2649,Ahmedabad,Hyderabad,1194.1,Cloudy,31.1,4.5,Low,Highway,23.6,Standard,2025-07-17 11:00:00,0.04,1592.1,1628.3,36.2,Slight Delay
2650,Pune,Mumbai,484.8,Storm,30.6,77.1,High,Mixed,5.6,Standard,2025-10-20 21:00:00,0.07,646.4,792.2,145.8,Moderate Delay
2651,Hyderabad,Raipur,1853.0,Clear,17.0,0.0,High,Rural Road,4.5,Express,2025-01-24 17:00:00,0.2,2470.7,2571.1,100.4,Moderate Delay
2652,Hyderabad,Kolkata,1948.6,Storm,38.7,10.5,Low,City Road,22.7,Same-Day,2025-12-04 08:00:00,0.38,2598.1,2707.0,108.9,Moderate Delay
2653,Hyderabad,Delhi,1522.7,Heavy Rain,21.3,23.3,High,Highway,37.0,Standard,2025-10-17 16:00:00,0.44,2030.3,2159.7,129.4,Moderate Delay
2654,Hyderabad,Raipur,948.1,Rain,32.9,45.5,Low,Highway,30.6,Same-Day,2025-07-12 12:00:00,0.33,1264.1,1324.5,60.4,Moderate Delay
2655,Jaipur,Hyderabad,864.7,Heavy Rain,44.1,13.1,Severe,Rural Road,10.7,Standard,2025-01-31 21:00:00,0.2,1152.9,1316.3,163.4,Moderate Delay
2656,Mumbai,Chennai,1601.0,Clear,16.4,0.0,High,City Road,28.5,Express,2025-03-23 06:00:00,0.02,2134.7,2222.2,87.5,Moderate Delay
2657,Delhi,Ahmedabad,412.1,Clear,23.8,0.0,Medium,Highway,24.6,Standard,2025-06-07 08:00:00,0.21,549.5,588.8,39.3,Slight Delay
2658,Chennai,Kolkata,1234.7,Fog,22.5,0.0,Severe,Mixed,6.3,Express,2025-09-30 20:00:00,0.27,1646.3,1834.6,188.3,Severe Delay
2659,Pune,Mumbai,681.3,Storm,15.0,26.1,Severe,City Road,45.0,Standard,2025-03-26 19:00:00,0.1,908.4,1085.2,176.8,Moderate Delay
2660,Raipur,Ahmedabad,986.2,Cloudy,37.4,4.1,Low,City Road,43.3,Standard,2025-08-13 18:00:00,0.34,1314.9,1386.4,71.5,Moderate Delay
2661,Mumbai,Ahmedabad,165.7,Rain,22.3,51.8,Severe,Mixed,10.0,Express,2025-05-02 12:00:00,0.09,220.9,316.6,95.7,Moderate Delay
2662,Jaipur,Kolkata,59.4,Cloudy,18.2,4.7,Low,Highway,19.6,Same-Day,2025-07-15 16:00:00,0.56,79.2,126.0,46.8,Slight Delay
2663,Kolkata,Chennai,1960.1,Clear,43.4,0.0,High,City Road,42.7,Standard,2025-03-05 10:00:00,0.51,2613.5,2751.1,137.6,Moderate Delay
2664,Mumbai,Chennai,1681.3,Clear,26.6,0.0,Low,Rural Road,36.0,Standard,2025-06-28 21:00:00,0.59,2241.7,2352.4,110.7,Moderate Delay
2665,Pune,Kolkata,831.1,Rain,24.7,44.5,Severe,Rural Road,1.4,Express,2025-01-04 07:00:00,0.3,1108.1,1277.4,169.3,Moderate Delay
2666,Mumbai,Chennai,1186.9,Heavy Rain,19.8,32.5,Severe,Mixed,5.0,Express,2025-06-08 19:00:00,0.47,1582.5,1773.5,191.0,Severe Delay
2667,Raipur,Pune,1607.7,Rain,17.4,34.9,Severe,Mixed,6.9,Express,2025-02-15 19:00:00,0.05,2143.6,2279.5,135.9,Moderate Delay
2668,Chennai,Raipur,1343.6,Rain,32.4,15.8,Severe,Highway,31.9,Express,2025-06-19 07:00:00,0.24,1791.5,1927.3,135.8,Moderate Delay
2669,Mumbai,Raipur,440.0,Cloudy,20.3,3.5,High,Rural Road,34.3,Same-Day,2025-04-23 21:00:00,0.48,586.7,659.8,73.1,Moderate Delay
2670,Chennai,Mumbai,1917.2,Storm,41.2,79.6,Severe,Rural Road,21.1,Same-Day,2025-08-07 11:00:00,0.03,2556.3,2733.3,177.0,Moderate Delay
2671,Raipur,Ahmedabad,960.4,Clear,17.3,0.0,Low,Rural Road,5.0,Standard,2025-10-19 18:00:00,0.25,1280.5,1328.4,47.9,Slight Delay
2672,Chennai,Pune,1183.1,Cloudy,43.5,2.9,Low,Rural Road,8.4,Same-Day,2025-08-27 06:00:00,0.31,1577.5,1615.9,38.4,Slight Delay
2673,Bangalore,Pune,1493.2,Rain,30.8,10.9,Low,City Road,44.5,Same-Day,2025-03-24 20:00:00,0.37,1990.9,2084.8,93.9,Moderate Delay
2674,Pune,Chennai,1740.1,Heavy Rain,13.5,22.9,High,City Road,1.7,Standard,2025-06-10 15:00:00,0.03,2320.1,2444.2,124.1,Moderate Delay
2675,Ahmedabad,Jaipur,1000.0,Storm,25.0,5.9,High,Mixed,28.6,Express,2025-05-25 19:00:00,0.07,1333.3,1473.1,139.8,Moderate Delay
2676,Pune,Chennai,1728.8,Rain,10.4,18.6,High,Rural Road,30.7,Express,2025-04-24 15:00:00,0.49,2305.1,2421.0,115.9,Moderate Delay
2677,Kolkata,Delhi,1631.5,Rain,44.7,7.2,Low,Mixed,33.2,Same-Day,2025-11-05 13:00:00,0.25,2175.3,2226.1,50.8,Slight Delay
2678,Jaipur,Chennai,731.2,Fog,29.3,0.0,High,Rural Road,12.3,Same-Day,2025-08-19 15:00:00,0.38,974.9,1068.2,93.3,Moderate Delay
2679,Chennai,Hyderabad,744.0,Heavy Rain,32.5,7.1,High,Highway,18.8,Same-Day,2025-12-13 11:00:00,0.32,992.0,1071.6,79.6,Moderate Delay
2680,Bangalore,Kolkata,1154.3,Clear,40.9,0.0,High,Mixed,26.3,Standard,2025-11-06 21:00:00,0.4,1539.1,1626.4,87.3,Moderate Delay
2681,Chennai,Jaipur,397.6,Fog,22.9,0.0,High,Highway,42.8,Standard,2025-03-22 09:00:00,0.44,530.1,638.2,108.1,Moderate Delay
2682,Mumbai,Ahmedabad,1302.3,Cloudy,34.1,3.8,Low,City Road,10.8,Standard,2025-09-03 07:00:00,0.37,1736.4,1815.3,78.9,Moderate Delay
2683,Raipur,Hyderabad,1485.5,Rain,19.9,47.8,High,City Road,3.4,Express,2025-11-19 19:00:00,0.58,1980.7,2087.9,107.2,Moderate Delay
2684,Hyderabad,Pune,535.2,Heavy Rain,32.0,8.2,Medium,City Road,19.6,Standard,2025-05-06 06:00:00,0.18,713.6,813.0,99.4,Moderate Delay
2685,Mumbai,Hyderabad,1427.3,Rain,42.7,75.7,Severe,Rural Road,27.8,Express,2025-02-02 10:00:00,0.3,1903.1,2064.9,161.8,Moderate Delay
2686,Jaipur,Chennai,1615.9,Storm,13.5,39.2,Low,Highway,21.7,Standard,2025-07-02 09:00:00,0.04,2154.5,2245.4,90.9,Moderate Delay
2687,Bangalore,Delhi,1958.3,Cloudy,28.6,2.6,Severe,Rural Road,14.6,Express,2025-07-02 22:00:00,0.6,2611.1,2756.5,145.4,Moderate Delay
2688,Jaipur,Pune,1152.9,Cloudy,20.0,4.1,High,Rural Road,0.7,Same-Day,2025-12-13 21:00:00,0.2,1537.2,1647.6,110.4,Moderate Delay
2689,Mumbai,Jaipur,1750.9,Heavy Rain,11.8,36.8,Low,City Road,9.5,Standard,2025-05-14 17:00:00,0.01,2334.5,2439.2,104.7,Moderate Delay
2690,Ahmedabad,Kolkata,244.2,Cloudy,30.4,1.6,High,Rural Road,19.5,Express,2025-07-18 13:00:00,0.26,325.6,418.6,93.0,Moderate Delay
2691,Delhi,Bangalore,1878.2,Cloudy,11.4,0.1,High,Highway,21.5,Standard,2025-06-01 11:00:00,0.35,2504.3,2601.7,97.4,Moderate Delay
2692,Chennai,Raipur,737.9,Cloudy,33.9,0.6,Medium,Highway,23.7,Standard,2025-04-10 15:00:00,0.1,983.9,1032.2,48.3,Slight Delay
2693,Raipur,Kolkata,314.4,Cloudy,10.9,4.0,High,Mixed,0.6,Standard,2025-12-02 09:00:00,0.21,419.2,491.5,72.3,Moderate Delay
2694,Mumbai,Hyderabad,444.9,Cloudy,29.1,3.4,Severe,Mixed,3.1,Same-Day,2025-12-21 18:00:00,0.04,593.2,716.7,123.5,Moderate Delay
2695,Ahmedabad,Mumbai,1463.1,Clear,30.3,0.0,High,City Road,16.3,Same-Day,2025-05-24 18:00:00,0.12,1950.8,2024.4,73.6,Moderate Delay
2696,Jaipur,Mumbai,972.4,Cloudy,36.1,2.4,Low,Mixed,18.4,Express,2025-05-27 08:00:00,0.28,1296.5,1345.5,49.0,Slight Delay
2697,Raipur,Kolkata,1763.1,Cloudy,43.4,2.9,Low,Rural Road,37.8,Standard,2025-06-13 07:00:00,0.31,2350.8,2435.1,84.3,Moderate Delay
2698,Bangalore,Kolkata,438.0,Storm,26.3,78.5,High,Highway,28.0,Standard,2025-03-24 14:00:00,0.56,584.0,763.4,179.4,Moderate Delay
2699,Pune,Raipur,876.5,Rain,38.0,62.0,Medium,Mixed,16.0,Express,2025-03-23 12:00:00,0.42,1168.7,1243.4,74.7,Moderate Delay
2700,Chennai,Bangalore,444.9,Storm,29.1,16.1,Medium,City Road,41.0,Standard,2025-03-11 06:00:00,0.14,593.2,711.0,117.8,Moderate Delay
2701,Bangalore,Pune,1541.9,Heavy Rain,35.0,67.1,Low,City Road,5.5,Standard,2025-01-06 13:00:00,0.41,2055.9,2164.2,108.3,Moderate Delay
2702,Mumbai,Kolkata,262.1,Cloudy,13.4,1.9,High,Mixed,49.6,Express,2025-08-14 08:00:00,0.34,349.5,416.3,66.8,Moderate Delay
2703,Delhi,Raipur,148.8,Heavy Rain,27.3,79.5,High,Highway,19.7,Express,2025-08-07 10:00:00,0.36,198.4,282.9,84.5,Moderate Delay
2704,Raipur,Hyderabad,187.1,Rain,38.7,30.6,Medium,Highway,42.5,Standard,2025-05-23 17:00:00,0.6,249.5,306.3,56.8,Slight Delay
2705,Chennai,Mumbai,535.6,Clear,17.2,0.0,Medium,City Road,18.1,Same-Day,2025-10-25 14:00:00,0.04,714.1,757.3,43.2,Slight Delay
2706,Raipur,Bangalore,1030.5,Cloudy,32.1,3.5,Low,City Road,17.7,Express,2025-03-09 07:00:00,0.2,1374.0,1440.5,66.5,Moderate Delay
2707,Bangalore,Jaipur,1676.7,Rain,12.6,47.9,Severe,Highway,29.0,Same-Day,2025-01-09 08:00:00,0.23,2235.6,2416.4,180.8,Severe Delay
2708,Raipur,Bangalore,1233.6,Cloudy,28.4,4.8,Medium,Rural Road,14.5,Standard,2025-07-11 07:00:00,0.09,1644.8,1723.7,78.9,Moderate Delay
2709,Raipur,Pune,1702.9,Rain,18.7,28.5,Severe,Highway,3.4,Express,2025-11-25 21:00:00,0.15,2270.5,2434.0,163.5,Moderate Delay
2710,Hyderabad,Kolkata,150.5,Heavy Rain,40.9,61.5,Low,City Road,19.2,Express,2025-01-26 18:00:00,0.38,200.7,269.7,69.0,Moderate Delay
2711,Hyderabad,Jaipur,542.2,Cloudy,28.2,4.8,Severe,City Road,46.1,Same-Day,2025-08-29 10:00:00,0.22,722.9,849.6,126.7,Moderate Delay
2712,Hyderabad,Jaipur,1024.0,Clear,39.5,0.0,Medium,City Road,26.6,Express,2025-11-03 07:00:00,0.07,1365.3,1415.6,50.3,Slight Delay
2713,Jaipur,Hyderabad,1512.3,Heavy Rain,41.8,43.3,Severe,Rural Road,36.1,Same-Day,2025-05-11 22:00:00,0.55,2016.4,2214.5,198.1,Severe Delay
2714,Bangalore,Kolkata,1796.4,Heavy Rain,31.7,36.7,Medium,City Road,31.3,Express,2025-10-21 08:00:00,0.24,2395.2,2545.2,150.0,Moderate Delay
2715,Bangalore,Delhi,1995.5,Cloudy,15.1,3.7,Low,Highway,7.4,Standard,2025-03-03 22:00:00,0.5,2660.7,2712.5,51.8,Slight Delay
2716,Raipur,Jaipur,353.8,Clear,14.5,0.0,Medium,Rural Road,28.4,Same-Day,2025-10-11 19:00:00,0.03,471.7,526.4,54.7,Slight Delay
2717,Jaipur,Mumbai,1108.7,Fog,44.8,0.0,Low,Mixed,17.4,Standard,2025-09-06 15:00:00,0.21,1478.3,1537.3,59.0,Slight Delay
2718,Mumbai,Kolkata,1355.2,Storm,38.6,56.4,Medium,Rural Road,31.0,Standard,2025-10-28 14:00:00,0.51,1806.9,1998.3,191.4,Severe Delay
2719,Hyderabad,Bangalore,1859.3,Storm,10.8,74.1,High,Highway,29.7,Express,2025-02-22 11:00:00,0.46,2479.1,2634.6,155.5,Moderate Delay
2720,Bangalore,Chennai,1356.2,Heavy Rain,34.1,70.6,Severe,Rural Road,33.4,Standard,2025-04-23 20:00:00,0.34,1808.3,1998.4,190.1,Severe Delay
2721,Bangalore,Chennai,760.6,Clear,27.4,0.0,High,Rural Road,31.0,Standard,2025-03-15 09:00:00,0.57,1014.1,1118.1,104.0,Moderate Delay
2722,Pune,Bangalore,656.0,Heavy Rain,31.7,68.1,High,Rural Road,36.7,Same-Day,2025-11-27 18:00:00,0.28,874.7,1009.7,135.0,Moderate Delay
2723,Chennai,Kolkata,1598.9,Fog,41.6,0.0,Low,City Road,11.1,Standard,2025-05-29 15:00:00,0.4,2131.9,2229.6,97.7,Moderate Delay
2724,Kolkata,Ahmedabad,1685.0,Clear,13.7,0.0,High,Mixed,47.5,Same-Day,2025-11-03 16:00:00,0.11,2246.7,2325.4,78.7,Moderate Delay
2725,Mumbai,Hyderabad,1370.1,Heavy Rain,16.5,33.7,Low,City Road,19.2,Standard,2025-07-11 18:00:00,0.14,1826.8,1927.7,100.9,Moderate Delay
2726,Ahmedabad,Hyderabad,569.9,Clear,34.5,0.0,High,City Road,20.9,Same-Day,2025-08-18 21:00:00,0.19,759.9,800.2,40.3,Slight Delay
2727,Kolkata,Bangalore,450.6,Heavy Rain,20.6,69.8,Severe,City Road,38.5,Standard,2025-11-03 16:00:00,0.41,600.8,760.9,160.1,Moderate Delay
2728,Pune,Chennai,194.7,Rain,19.2,32.5,Medium,Mixed,20.0,Express,2025-08-31 16:00:00,0.07,259.6,297.1,37.5,Slight Delay
2729,Bangalore,Chennai,1412.8,Rain,23.5,29.5,Medium,Highway,6.8,Express,2025-02-11 18:00:00,0.14,1883.7,1934.2,50.5,Slight Delay
2730,Hyderabad,Jaipur,1417.1,Clear,14.6,0.0,Medium,City Road,22.5,Standard,2025-12-01 17:00:00,0.38,1889.5,1985.0,95.5,Moderate Delay
2731,Jaipur,Bangalore,36.6,Cloudy,35.7,5.0,High,Highway,20.6,Standard,2025-06-15 19:00:00,0.59,48.8,141.3,92.5,Moderate Delay
2732,Chennai,Mumbai,1098.8,Cloudy,26.3,3.9,High,Rural Road,5.5,Same-Day,2025-12-25 18:00:00,0.46,1465.1,1567.8,102.7,Moderate Delay
2733,Chennai,Raipur,1304.9,Cloudy,37.2,1.3,Severe,City Road,41.4,Same-Day,2025-07-29 11:00:00,0.25,1739.9,1859.8,119.9,Moderate Delay
2734,Jaipur,Kolkata,1168.4,Fog,32.7,0.0,Medium,Highway,17.5,Express,2025-07-13 08:00:00,0.46,1557.9,1628.5,70.6,Moderate Delay
2735,Hyderabad,Kolkata,1585.2,Storm,41.2,60.7,Low,Rural Road,9.2,Standard,2025-04-10 12:00:00,0.16,2113.6,2264.6,151.0,Moderate Delay
2736,Delhi,Kolkata,37.5,Fog,24.0,0.0,Low,Highway,45.6,Express,2025-10-21 13:00:00,0.53,50.0,118.8,68.8,Moderate Delay
2737,Bangalore,Delhi,1656.6,Fog,41.8,0.0,Low,City Road,6.3,Standard,2025-02-18 11:00:00,0.09,2208.8,2285.2,76.4,Moderate Delay
2738,Delhi,Pune,1476.2,Fog,34.1,0.0,High,Highway,1.6,Same-Day,2025-07-10 10:00:00,0.55,1968.3,2055.0,86.7,Moderate Delay
2739,Pune,Jaipur,1140.5,Heavy Rain,32.0,8.8,Severe,Mixed,14.9,Express,2025-01-05 09:00:00,0.51,1520.7,1670.3,149.6,Moderate Delay
2740,Jaipur,Delhi,1366.8,Storm,18.5,52.2,High,Rural Road,11.5,Same-Day,2025-10-03 07:00:00,0.23,1822.4,1998.1,175.7,Moderate Delay
2741,Pune,Kolkata,199.3,Rain,26.3,24.6,Medium,Highway,23.6,Standard,2025-07-18 11:00:00,0.47,265.7,333.6,67.9,Moderate Delay
2742,Jaipur,Ahmedabad,529.6,Heavy Rain,32.3,39.4,Severe,Mixed,48.2,Standard,2025-06-10 22:00:00,0.13,706.1,871.2,165.1,Moderate Delay
2743,Hyderabad,Raipur,620.3,Fog,25.2,0.0,Severe,Rural Road,44.8,Express,2025-06-09 09:00:00,0.57,827.1,962.4,135.3,Moderate Delay
2744,Jaipur,Pune,1903.7,Fog,25.3,0.0,Medium,City Road,21.8,Express,2025-12-04 11:00:00,0.41,2538.3,2677.9,139.6,Moderate Delay
2745,Delhi,Chennai,366.7,Fog,32.1,0.0,Severe,City Road,5.0,Standard,2025-02-08 12:00:00,0.58,488.9,667.5,178.6,Moderate Delay
2746,Bangalore,Mumbai,1034.1,Rain,21.5,30.2,Low,Highway,32.0,Express,2025-03-25 14:00:00,0.1,1378.8,1423.1,44.3,Slight Delay
2747,Ahmedabad,Chennai,1160.1,Clear,44.1,0.0,High,Mixed,1.8,Same-Day,2025-10-18 09:00:00,0.44,1546.8,1636.5,89.7,Moderate Delay
2748,Delhi,Ahmedabad,140.0,Storm,38.6,8.2,Severe,City Road,7.3,Express,2025-10-29 14:00:00,0.17,186.7,382.3,195.6,Severe Delay
2749,Jaipur,Ahmedabad,1675.7,Clear,26.4,0.0,Medium,City Road,16.4,Standard,2025-10-09 06:00:00,0.34,2234.3,2335.5,101.2,Moderate Delay
2750,Mumbai,Kolkata,1018.6,Heavy Rain,14.4,61.0,Severe,Mixed,30.0,Standard,2025-12-19 11:00:00,0.54,1358.1,1567.5,209.4,Severe Delay
2751,Mumbai,Delhi,1850.3,Clear,42.1,0.0,High,City Road,36.1,Same-Day,2025-03-24 16:00:00,0.03,2467.1,2541.0,73.9,Moderate Delay
2752,Chennai,Jaipur,355.1,Heavy Rain,11.5,19.2,Medium,Highway,34.1,Standard,2025-06-14 07:00:00,0.05,473.5,515.3,41.8,Slight Delay
2753,Hyderabad,Bangalore,362.9,Rain,22.2,29.7,Medium,City Road,37.6,Same-Day,2025-12-30 06:00:00,0.04,483.9,546.3,62.4,Moderate Delay
2754,Hyderabad,Jaipur,109.0,Fog,42.9,0.0,Medium,Mixed,15.7,Same-Day,2025-03-29 07:00:00,0.55,145.3,226.6,81.3,Moderate Delay
2755,Mumbai,Ahmedabad,1734.6,Heavy Rain,43.3,29.3,Severe,City Road,21.2,Express,2025-08-12 13:00:00,0.43,2312.8,2495.8,183.0,Severe Delay
2756,Chennai,Bangalore,1681.1,Storm,16.8,65.6,Medium,Mixed,39.8,Same-Day,2025-04-15 12:00:00,0.3,2241.5,2339.6,98.1,Moderate Delay
2757,Raipur,Pune,1906.5,Fog,15.4,0.0,Low,Rural Road,28.9,Same-Day,2025-02-28 18:00:00,0.58,2542.0,2665.6,123.6,Moderate Delay
2758,Bangalore,Raipur,722.1,Heavy Rain,24.5,30.1,Low,City Road,11.0,Express,2025-10-10 15:00:00,0.37,962.8,1060.4,97.6,Moderate Delay
2759,Delhi,Mumbai,246.8,Clear,31.8,0.0,Medium,City Road,20.2,Same-Day,2025-09-16 11:00:00,0.04,329.1,372.3,43.2,Slight Delay
2760,Chennai,Kolkata,1299.6,Fog,38.5,0.0,Medium,Highway,26.3,Same-Day,2025-10-04 22:00:00,0.43,1732.8,1840.7,107.9,Moderate Delay
2761,Chennai,Pune,1250.7,Cloudy,40.5,0.2,Severe,Highway,33.1,Same-Day,2025-09-02 16:00:00,0.51,1667.6,1804.2,136.6,Moderate Delay
2762,Mumbai,Raipur,97.6,Heavy Rain,13.5,12.5,Severe,Mixed,13.5,Standard,2025-11-30 07:00:00,0.15,130.1,313.5,183.4,Severe Delay
2763,Pune,Hyderabad,661.1,Storm,39.7,58.1,Medium,Highway,43.5,Same-Day,2025-10-03 22:00:00,0.03,881.5,982.8,101.3,Moderate Delay
2764,Delhi,Hyderabad,560.8,Cloudy,10.7,0.3,Low,City Road,47.9,Express,2025-11-07 20:00:00,0.21,747.7,803.3,55.6,Slight Delay
2765,Pune,Delhi,592.2,Heavy Rain,15.3,52.9,Low,Rural Road,24.7,Same-Day,2025-08-03 13:00:00,0.06,789.6,849.7,60.1,Moderate Delay
2766,Ahmedabad,Kolkata,1909.7,Rain,14.8,38.5,Severe,City Road,33.0,Same-Day,2025-12-12 06:00:00,0.26,2546.3,2670.2,123.9,Moderate Delay
2767,Bangalore,Raipur,1020.3,Heavy Rain,18.4,33.8,High,Mixed,5.7,Same-Day,2025-07-16 11:00:00,0.54,1360.4,1489.4,129.0,Moderate Delay
2768,Jaipur,Hyderabad,898.2,Storm,38.7,23.6,Low,City Road,15.8,Express,2025-08-18 12:00:00,0.51,1197.6,1326.3,128.7,Moderate Delay
2769,Kolkata,Jaipur,1834.4,Storm,41.4,78.8,Medium,Rural Road,20.4,Express,2025-04-25 14:00:00,0.49,2445.9,2596.3,150.4,Moderate Delay
2770,Pune,Mumbai,757.9,Heavy Rain,22.5,79.9,High,City Road,19.5,Same-Day,2025-11-08 06:00:00,0.15,1010.5,1126.0,115.5,Moderate Delay
2771,Raipur,Kolkata,1062.1,Fog,19.0,0.0,Severe,City Road,15.7,Same-Day,2025-07-30 19:00:00,0.28,1416.1,1596.7,180.6,Severe Delay
2772,Jaipur,Kolkata,1294.0,Clear,44.4,0.0,Severe,Mixed,8.2,Express,2025-01-12 06:00:00,0.18,1725.3,1834.7,109.4,Moderate Delay
2773,Ahmedabad,Raipur,636.3,Rain,12.8,58.1,Severe,Rural Road,23.2,Same-Day,2025-06-30 15:00:00,0.33,848.4,1000.8,152.4,Moderate Delay
2774,Pune,Kolkata,1053.8,Clear,28.5,0.0,Medium,Rural Road,34.5,Standard,2025-07-30 20:00:00,0.13,1405.1,1458.0,52.9,Slight Delay
2775,Chennai,Hyderabad,821.5,Heavy Rain,13.7,66.6,High,City Road,11.0,Express,2025-10-25 09:00:00,0.43,1095.3,1207.2,111.9,Moderate Delay
2776,Pune,Kolkata,1544.4,Storm,38.6,68.1,Low,Rural Road,21.3,Express,2025-06-11 06:00:00,0.52,2059.2,2197.5,138.3,Moderate Delay
2777,Jaipur,Bangalore,870.3,Fog,14.5,0.0,Severe,Highway,6.4,Express,2025-03-29 09:00:00,0.1,1160.4,1309.1,148.7,Moderate Delay
2778,Mumbai,Chennai,1849.7,Heavy Rain,33.4,72.3,Medium,Mixed,27.9,Standard,2025-07-23 18:00:00,0.41,2466.3,2618.2,151.9,Moderate Delay
2779,Kolkata,Jaipur,1845.3,Storm,42.5,54.8,Low,Highway,0.9,Same-Day,2025-04-02 14:00:00,0.06,2460.4,2549.5,89.1,Moderate Delay
2780,Ahmedabad,Kolkata,431.1,Rain,36.8,75.2,Low,City Road,3.1,Standard,2025-10-12 12:00:00,0.08,574.8,643.3,68.5,Moderate Delay
2781,Mumbai,Pune,450.4,Heavy Rain,13.8,51.2,High,City Road,41.2,Same-Day,2025-11-01 21:00:00,0.35,600.5,729.0,128.5,Moderate Delay
2782,Kolkata,Delhi,77.1,Storm,41.9,71.8,High,Mixed,11.3,Standard,2025-01-08 10:00:00,0.47,102.8,221.7,118.9,Moderate Delay
2783,Raipur,Hyderabad,665.9,Clear,17.5,0.0,Low,Highway,49.9,Standard,2025-01-24 17:00:00,0.4,887.9,917.0,29.1,Slight Delay
2784,Pune,Raipur,709.9,Clear,28.2,0.0,High,City Road,46.9,Standard,2025-07-03 18:00:00,0.44,946.5,1035.6,89.1,Moderate Delay
2785,Kolkata,Delhi,1507.0,Storm,17.9,12.5,High,City Road,19.5,Express,2025-10-05 15:00:00,0.55,2009.3,2168.2,158.9,Moderate Delay
2786,Pune,Ahmedabad,1372.2,Storm,36.5,10.4,Low,Mixed,42.6,Same-Day,2025-01-10 09:00:00,0.5,1829.6,1947.6,118.0,Moderate Delay
2787,Ahmedabad,Raipur,262.4,Cloudy,15.7,3.8,Severe,Highway,22.3,Standard,2025-02-27 12:00:00,0.33,349.9,452.5,102.6,Moderate Delay
2788,Pune,Hyderabad,1548.5,Fog,10.7,0.0,Low,Highway,47.9,Standard,2025-05-19 15:00:00,0.47,2064.7,2153.9,89.2,Moderate Delay
2789,Kolkata,Hyderabad,566.2,Cloudy,25.6,1.1,Low,Mixed,3.0,Express,2025-05-21 16:00:00,0.31,754.9,783.0,28.1,Slight Delay
2790,Pune,Jaipur,1419.7,Heavy Rain,30.3,42.1,High,City Road,18.0,Express,2025-01-20 18:00:00,0.19,1892.9,2028.6,135.7,Moderate Delay
2791,Bangalore,Chennai,552.9,Clear,27.5,0.0,High,Rural Road,48.2,Same-Day,2025-11-02 19:00:00,0.01,737.2,799.6,62.4,Moderate Delay
2792,Raipur,Bangalore,672.0,Rain,39.0,33.4,Severe,City Road,13.0,Standard,2025-04-03 09:00:00,0.55,896.0,1089.5,193.5,Severe Delay
2793,Jaipur,Mumbai,1519.8,Rain,10.2,42.3,Medium,City Road,37.0,Same-Day,2025-11-28 15:00:00,0.47,2026.4,2104.5,78.1,Moderate Delay
2794,Raipur,Mumbai,876.5,Rain,43.6,7.4,Severe,Rural Road,29.8,Express,2025-07-19 15:00:00,0.45,1168.7,1341.3,172.6,Moderate Delay
2795,Ahmedabad,Kolkata,1570.3,Fog,13.3,0.0,High,Rural Road,1.1,Same-Day,2025-04-25 19:00:00,0.49,2093.7,2257.0,163.3,Moderate Delay
2796,Hyderabad,Bangalore,1514.3,Clear,33.4,0.0,Medium,City Road,40.7,Express,2025-01-04 21:00:00,0.47,2019.1,2128.6,109.5,Moderate Delay
2797,Delhi,Chennai,1000.8,Rain,30.3,67.0,High,Rural Road,16.0,Standard,2025-02-22 11:00:00,0.03,1334.4,1450.6,116.2,Moderate Delay
2798,Jaipur,Mumbai,1336.6,Clear,24.9,0.0,Medium,Mixed,6.6,Standard,2025-12-04 11:00:00,0.55,1782.1,1888.7,106.6,Moderate Delay
2799,Delhi,Bangalore,1257.1,Fog,21.2,0.0,Severe,City Road,1.5,Same-Day,2025-03-15 20:00:00,0.12,1676.1,1835.0,158.9,Moderate Delay
2800,Raipur,Bangalore,668.3,Heavy Rain,40.6,38.3,High,City Road,35.2,Same-Day,2025-06-27 16:00:00,0.38,891.1,1032.4,141.3,Moderate Delay
2801,Hyderabad,Jaipur,318.9,Rain,12.9,27.1,Medium,City Road,49.3,Same-Day,2025-12-09 15:00:00,0.01,425.2,471.2,46.0,Slight Delay
2802,Bangalore,Pune,167.7,Cloudy,13.1,2.9,High,Highway,20.2,Express,2025-03-01 22:00:00,0.18,223.6,269.8,46.2,Slight Delay
2803,Hyderabad,Ahmedabad,265.4,Rain,43.2,11.7,Low,Mixed,47.2,Standard,2025-01-29 16:00:00,0.5,353.9,402.0,48.1,Slight Delay
2804,Mumbai,Jaipur,1159.7,Fog,11.0,0.0,Low,Rural Road,19.4,Express,2025-11-03 08:00:00,0.15,1546.3,1606.8,60.5,Moderate Delay
2805,Kolkata,Ahmedabad,1574.2,Heavy Rain,12.5,77.0,High,Rural Road,21.2,Express,2025-04-28 17:00:00,0.19,2098.9,2238.2,139.3,Moderate Delay
2806,Chennai,Pune,334.3,Cloudy,28.3,3.7,High,Mixed,14.0,Same-Day,2025-06-01 09:00:00,0.56,445.7,522.2,76.5,Moderate Delay
2807,Raipur,Delhi,1539.0,Rain,17.0,78.3,High,Mixed,46.0,Standard,2025-05-14 15:00:00,0.1,2052.0,2160.5,108.5,Moderate Delay
2808,Jaipur,Chennai,1064.1,Clear,37.3,0.0,High,City Road,12.7,Express,2025-09-19 06:00:00,0.24,1418.8,1514.9,96.1,Moderate Delay
2809,Chennai,Kolkata,1552.6,Clear,38.7,0.0,Medium,Mixed,12.6,Standard,2025-02-05 12:00:00,0.4,2070.1,2127.3,57.2,Slight Delay
2810,Chennai,Jaipur,1596.6,Storm,33.2,59.7,Medium,Mixed,15.7,Standard,2025-09-20 21:00:00,0.16,2128.8,2284.5,155.7,Moderate Delay
2811,Ahmedabad,Jaipur,1257.8,Cloudy,43.1,0.4,Low,Rural Road,5.9,Standard,2025-09-03 21:00:00,0.51,1677.1,1760.3,83.2,Moderate Delay
2812,Chennai,Mumbai,1542.0,Rain,44.4,40.7,Severe,City Road,4.7,Express,2025-12-17 08:00:00,0.57,2056.0,2260.9,204.9,Severe Delay
2813,Hyderabad,Bangalore,790.7,Clear,18.4,0.0,Severe,Rural Road,11.7,Express,2025-06-17 12:00:00,0.3,1054.3,1170.4,116.1,Moderate Delay
2814,Hyderabad,Chennai,1421.4,Heavy Rain,40.9,25.8,Low,Highway,9.4,Same-Day,2025-10-17 09:00:00,0.46,1895.2,1962.6,67.4,Moderate Delay
2815,Hyderabad,Raipur,1963.6,Fog,20.2,0.0,Severe,City Road,45.2,Express,2025-05-23 18:00:00,0.11,2618.1,2806.6,188.5,Severe Delay
2816,Raipur,Delhi,901.2,Fog,36.4,0.0,Severe,Mixed,35.8,Same-Day,2025-07-13 11:00:00,0.02,1201.6,1316.0,114.4,Moderate Delay
2817,Jaipur,Pune,43.9,Storm,34.9,50.2,Low,Rural Road,35.9,Standard,2025-04-18 18:00:00,0.54,58.5,182.5,124.0,Moderate Delay
2818,Bangalore,Hyderabad,470.3,Heavy Rain,17.5,55.0,Severe,Rural Road,9.7,Express,2025-01-27 06:00:00,0.4,627.1,803.9,176.8,Moderate Delay
2819,Mumbai,Bangalore,1131.3,Clear,43.2,0.0,High,Mixed,32.9,Standard,2025-10-23 06:00:00,0.57,1508.4,1635.5,127.1,Moderate Delay
2820,Ahmedabad,Chennai,1457.5,Fog,13.5,0.0,High,City Road,37.9,Standard,2025-12-27 08:00:00,0.07,1943.3,2041.9,98.6,Moderate Delay
2821,Ahmedabad,Pune,819.8,Fog,27.0,0.0,High,Rural Road,0.5,Standard,2025-11-30 15:00:00,0.53,1093.1,1222.8,129.7,Moderate Delay
2822,Pune,Kolkata,345.2,Fog,18.3,0.0,High,Mixed,3.8,Same-Day,2025-07-09 20:00:00,0.04,460.3,546.6,86.3,Moderate Delay
2823,Bangalore,Jaipur,281.2,Rain,30.1,30.7,Severe,Rural Road,34.0,Same-Day,2025-12-30 17:00:00,0.44,374.9,511.1,136.2,Moderate Delay
2824,Ahmedabad,Bangalore,1931.6,Storm,29.1,29.6,Low,Highway,5.2,Standard,2025-03-15 08:00:00,0.33,2575.5,2733.8,158.3,Moderate Delay
2825,Raipur,Ahmedabad,1529.0,Fog,24.4,0.0,Low,City Road,24.1,Express,2025-09-28 12:00:00,0.41,2038.7,2133.4,94.7,Moderate Delay
2826,Jaipur,Raipur,1176.9,Clear,41.7,0.0,Severe,Highway,45.6,Express,2025-10-25 22:00:00,0.47,1569.2,1717.6,148.4,Moderate Delay
2827,Kolkata,Hyderabad,1331.5,Rain,31.4,63.3,Low,Rural Road,27.8,Standard,2025-08-06 21:00:00,0.04,1775.3,1855.8,80.5,Moderate Delay
2828,Bangalore,Jaipur,1544.5,Heavy Rain,36.3,54.3,Low,Highway,49.9,Standard,2025-04-22 06:00:00,0.28,2059.3,2182.5,123.2,Moderate Delay
2829,Chennai,Jaipur,83.9,Storm,21.7,41.5,High,Mixed,0.6,Same-Day,2025-02-28 08:00:00,0.54,111.9,252.9,141.0,Moderate Delay
2830,Jaipur,Chennai,1568.3,Storm,13.1,11.0,Severe,Highway,15.7,Express,2025-06-22 06:00:00,0.02,2091.1,2262.8,171.7,Moderate Delay
2831,Mumbai,Chennai,682.8,Clear,16.8,0.0,Severe,Mixed,32.6,Same-Day,2025-01-25 17:00:00,0.4,910.4,1039.3,128.9,Moderate Delay
2832,Hyderabad,Bangalore,481.2,Storm,22.4,15.9,Severe,Mixed,10.2,Same-Day,2025-04-17 13:00:00,0.47,641.6,822.9,181.3,Severe Delay
2833,Hyderabad,Delhi,736.2,Fog,37.5,0.0,High,Highway,12.4,Same-Day,2025-08-26 06:00:00,0.42,981.6,1075.8,94.2,Moderate Delay
2834,Hyderabad,Chennai,1809.4,Cloudy,16.8,4.9,Severe,Highway,40.6,Same-Day,2025-03-04 09:00:00,0.53,2412.5,2549.4,136.9,Moderate Delay
2835,Jaipur,Chennai,1866.3,Storm,23.2,8.1,Low,Highway,38.3,Standard,2025-09-30 10:00:00,0.34,2488.4,2620.9,132.5,Moderate Delay
2836,Jaipur,Raipur,1260.5,Rain,14.6,37.8,Medium,Rural Road,10.6,Express,2025-03-04 13:00:00,0.51,1680.7,1786.0,105.3,Moderate Delay
2837,Pune,Mumbai,1792.5,Storm,12.2,68.1,Low,Rural Road,39.1,Same-Day,2025-02-21 22:00:00,0.54,2390.0,2541.2,151.2,Moderate Delay
2838,Delhi,Mumbai,724.7,Rain,37.7,52.5,High,Highway,34.6,Standard,2025-06-03 12:00:00,0.14,966.3,1037.3,71.0,Moderate Delay
2839,Raipur,Chennai,145.5,Heavy Rain,28.5,46.5,Low,Rural Road,9.9,Same-Day,2025-09-29 21:00:00,0.21,194.0,256.4,62.4,Moderate Delay
2840,Chennai,Raipur,1109.2,Heavy Rain,23.5,77.1,Medium,Mixed,21.9,Standard,2025-04-22 17:00:00,0.35,1478.9,1618.4,139.5,Moderate Delay
2841,Ahmedabad,Pune,1197.8,Storm,23.1,35.1,Medium,City Road,8.4,Express,2025-05-04 07:00:00,0.34,1597.1,1765.4,168.3,Moderate Delay
2842,Mumbai,Pune,1159.1,Storm,14.7,46.1,High,Mixed,9.5,Standard,2025-07-07 15:00:00,0.46,1545.5,1724.0,178.5,Moderate Delay
2843,Raipur,Chennai,1592.5,Clear,31.6,0.0,High,Mixed,3.7,Express,2025-05-03 21:00:00,0.5,2123.3,2243.0,119.7,Moderate Delay
2844,Jaipur,Bangalore,964.9,Rain,41.7,48.1,High,Highway,46.5,Standard,2025-07-14 15:00:00,0.59,1286.5,1404.0,117.5,Moderate Delay
2845,Chennai,Raipur,1192.0,Fog,35.4,0.0,Low,City Road,4.5,Same-Day,2025-05-03 21:00:00,0.46,1589.3,1698.7,109.4,Moderate Delay
2846,Raipur,Bangalore,1230.9,Heavy Rain,34.1,7.9,Low,City Road,14.9,Same-Day,2025-11-01 19:00:00,0.55,1641.2,1754.3,113.1,Moderate Delay
2847,Pune,Raipur,1557.3,Clear,23.9,0.0,High,City Road,45.4,Express,2025-04-01 22:00:00,0.33,2076.4,2171.8,95.4,Moderate Delay
2848,Delhi,Raipur,1324.0,Rain,11.0,41.2,High,Highway,14.0,Same-Day,2025-12-16 19:00:00,0.28,1765.3,1843.3,78.0,Moderate Delay
2849,Delhi,Mumbai,481.7,Clear,32.6,0.0,Severe,Rural Road,44.3,Same-Day,2025-04-15 16:00:00,0.17,642.3,740.4,98.1,Moderate Delay
2850,Ahmedabad,Kolkata,1965.8,Heavy Rain,34.0,33.0,High,Highway,5.3,Express,2025-03-05 07:00:00,0.11,2621.1,2763.5,142.4,Moderate Delay
2851,Chennai,Jaipur,1198.0,Storm,10.7,34.9,Low,City Road,38.3,Express,2025-04-20 06:00:00,0.24,1597.3,1730.3,133.0,Moderate Delay
2852,Kolkata,Bangalore,1576.5,Heavy Rain,38.0,68.8,Severe,City Road,13.7,Express,2025-03-10 22:00:00,0.52,2102.0,2332.4,230.4,Severe Delay
2853,Delhi,Hyderabad,1689.6,Fog,19.2,0.0,High,Rural Road,21.1,Express,2025-03-01 22:00:00,0.11,2252.8,2372.6,119.8,Moderate Delay
2854,Jaipur,Chennai,831.5,Storm,21.2,24.3,High,City Road,17.3,Standard,2025-10-22 19:00:00,0.1,1108.7,1258.5,149.8,Moderate Delay
2855,Jaipur,Mumbai,720.7,Heavy Rain,21.2,75.3,Severe,Mixed,21.7,Express,2025-12-22 06:00:00,0.41,960.9,1094.3,133.4,Moderate Delay
2856,Jaipur,Bangalore,203.6,Cloudy,31.7,1.7,High,Mixed,31.6,Express,2025-06-13 17:00:00,0.0,271.5,308.4,36.9,Slight Delay
2857,Delhi,Kolkata,241.2,Rain,15.3,23.5,Severe,City Road,8.8,Express,2025-03-05 20:00:00,0.4,321.6,448.5,126.9,Moderate Delay
2858,Kolkata,Chennai,290.9,Clear,33.3,0.0,Severe,Highway,34.8,Standard,2025-07-16 14:00:00,0.41,387.9,511.5,123.6,Moderate Delay
2859,Mumbai,Kolkata,215.7,Rain,29.2,28.6,Medium,Highway,26.4,Same-Day,2025-09-10 12:00:00,0.12,287.6,329.0,41.4,Slight Delay
2860,Ahmedabad,Raipur,1257.1,Heavy Rain,34.7,60.6,High,City Road,10.8,Same-Day,2025-04-30 12:00:00,0.51,1676.1,1849.3,173.2,Moderate Delay
2861,Pune,Kolkata,1501.5,Heavy Rain,10.2,15.1,Severe,Highway,4.3,Express,2025-02-18 13:00:00,0.06,2002.0,2151.4,149.4,Moderate Delay
2862,Mumbai,Delhi,832.3,Storm,21.1,37.9,Low,Rural Road,30.7,Standard,2025-09-20 19:00:00,0.3,1109.7,1259.1,149.4,Moderate Delay
2863,Mumbai,Chennai,1475.4,Storm,32.4,60.9,Medium,Mixed,4.3,Standard,2025-06-28 14:00:00,0.04,1967.2,2047.9,80.7,Moderate Delay
2864,Bangalore,Mumbai,157.9,Rain,30.7,13.7,Low,City Road,37.3,Standard,2025-02-13 07:00:00,0.48,210.5,288.9,78.4,Moderate Delay
2865,Hyderabad,Ahmedabad,951.7,Heavy Rain,42.3,27.3,Medium,Highway,45.3,Express,2025-05-24 08:00:00,0.03,1268.9,1318.9,50.0,Slight Delay
2866,Mumbai,Delhi,1477.9,Fog,34.6,0.0,Severe,Rural Road,47.8,Standard,2025-10-17 12:00:00,0.43,1970.5,2146.6,176.1,Moderate Delay
2867,Bangalore,Hyderabad,1487.6,Rain,18.0,73.4,Medium,Highway,27.0,Standard,2025-11-15 21:00:00,0.18,1983.5,2073.6,90.1,Moderate Delay
2868,Jaipur,Kolkata,1040.5,Clear,39.8,0.0,Medium,City Road,9.7,Express,2025-10-06 20:00:00,0.06,1387.3,1430.5,43.2,Slight Delay
2869,Mumbai,Jaipur,1392.6,Heavy Rain,38.9,65.6,Medium,Mixed,39.4,Express,2025-10-22 19:00:00,0.08,1856.8,1962.1,105.3,Moderate Delay
2870,Chennai,Bangalore,291.0,Cloudy,33.4,4.8,High,Highway,35.0,Express,2025-06-02 10:00:00,0.48,388.0,461.5,73.5,Moderate Delay
2871,Bangalore,Hyderabad,43.8,Clear,43.4,0.0,High,City Road,25.1,Standard,2025-08-03 09:00:00,0.5,58.4,122.9,64.5,Moderate Delay
2872,Delhi,Jaipur,799.9,Storm,23.0,72.4,Low,Highway,25.5,Standard,2025-06-06 18:00:00,0.27,1066.5,1183.5,117.0,Moderate Delay
2873,Ahmedabad,Pune,1060.7,Clear,40.7,0.0,Severe,City Road,25.2,Standard,2025-09-01 06:00:00,0.13,1414.3,1524.3,110.0,Moderate Delay
2874,Bangalore,Jaipur,92.1,Heavy Rain,27.4,21.1,Severe,City Road,1.0,Standard,2025-03-19 07:00:00,0.18,122.8,272.7,149.9,Moderate Delay
2875,Mumbai,Pune,1357.6,Cloudy,23.8,0.7,Severe,Mixed,25.2,Same-Day,2025-03-11 08:00:00,0.53,1810.1,1945.4,135.3,Moderate Delay
2876,Jaipur,Hyderabad,1792.5,Cloudy,16.2,2.7,Severe,Highway,35.8,Standard,2025-06-23 20:00:00,0.24,2390.0,2505.8,115.8,Moderate Delay
2877,Raipur,Hyderabad,1120.3,Clear,43.0,0.0,Low,Highway,45.5,Express,2025-05-05 10:00:00,0.29,1493.7,1528.7,35.0,Slight Delay
2878,Hyderabad,Mumbai,1379.0,Clear,18.6,0.0,Severe,City Road,22.3,Same-Day,2025-08-25 08:00:00,0.58,1838.7,2014.4,175.7,Moderate Delay
2879,Chennai,Mumbai,301.6,Fog,28.2,0.0,Severe,City Road,13.0,Standard,2025-02-17 09:00:00,0.6,402.1,543.7,141.6,Moderate Delay
2880,Chennai,Jaipur,977.7,Heavy Rain,15.1,39.9,Low,Mixed,13.0,Standard,2025-12-02 18:00:00,0.13,1303.6,1404.3,100.7,Moderate Delay
2881,Raipur,Bangalore,523.7,Cloudy,24.3,4.3,Low,Highway,18.2,Express,2025-06-11 14:00:00,0.34,698.3,718.4,20.1,Slight Delay
2882,Pune,Delhi,938.9,Heavy Rain,30.3,57.9,Low,City Road,20.8,Same-Day,2025-02-05 21:00:00,0.44,1251.9,1356.1,104.2,Moderate Delay
2883,Mumbai,Ahmedabad,639.5,Rain,15.7,30.9,High,City Road,27.2,Express,2025-01-28 10:00:00,0.12,852.7,961.5,108.8,Moderate Delay
2884,Chennai,Hyderabad,823.9,Rain,16.9,51.1,Medium,City Road,49.7,Express,2025-03-15 08:00:00,0.22,1098.5,1167.2,68.7,Moderate Delay
2885,Pune,Mumbai,1801.9,Cloudy,15.3,0.5,High,City Road,32.8,Standard,2025-10-28 14:00:00,0.23,2402.5,2515.3,112.8,Moderate Delay
2886,Delhi,Chennai,1909.5,Fog,20.5,0.0,Low,Rural Road,42.8,Express,2025-08-17 21:00:00,0.3,2546.0,2648.1,102.1,Moderate Delay
2887,Bangalore,Raipur,928.2,Storm,28.6,65.4,Low,City Road,36.3,Same-Day,2025-04-04 19:00:00,0.37,1237.6,1356.8,119.2,Moderate Delay
2888,Hyderabad,Pune,1605.6,Clear,41.3,0.0,Medium,City Road,37.7,Express,2025-07-29 08:00:00,0.43,2140.8,2224.6,83.8,Moderate Delay
2889,Raipur,Kolkata,1122.4,Fog,34.8,0.0,Low,City Road,15.5,Express,2025-06-26 17:00:00,0.06,1496.5,1564.8,68.3,Moderate Delay
2890,Jaipur,Ahmedabad,764.1,Rain,33.3,31.9,Low,Mixed,1.5,Standard,2025-03-09 09:00:00,0.26,1018.8,1053.6,34.8,Slight Delay
2891,Delhi,Bangalore,569.9,Rain,31.1,79.3,Low,City Road,27.6,Express,2025-10-04 18:00:00,0.39,759.9,830.3,70.4,Moderate Delay
2892,Kolkata,Jaipur,422.6,Heavy Rain,41.4,28.7,High,Mixed,16.7,Same-Day,2025-08-08 22:00:00,0.55,563.5,668.0,104.5,Moderate Delay
2893,Pune,Bangalore,1345.4,Cloudy,40.8,0.6,Severe,Mixed,26.3,Standard,2025-01-05 22:00:00,0.44,1793.9,1907.3,113.4,Moderate Delay
2894,Ahmedabad,Kolkata,863.6,Rain,16.3,63.4,Severe,Rural Road,43.6,Standard,2025-09-19 13:00:00,0.23,1151.5,1320.1,168.6,Moderate Delay
2895,Raipur,Jaipur,1727.2,Clear,27.4,0.0,Low,Highway,1.6,Express,2025-05-30 10:00:00,0.58,2302.9,2355.1,52.2,Slight Delay
2896,Delhi,Raipur,1563.1,Rain,23.2,5.5,Low,Highway,21.0,Express,2025-10-20 22:00:00,0.14,2084.1,2125.4,41.3,Slight Delay
2897,Chennai,Raipur,610.1,Storm,32.5,12.6,Medium,City Road,24.2,Express,2025-04-28 14:00:00,0.2,813.5,943.6,130.1,Moderate Delay
2898,Ahmedabad,Kolkata,1051.5,Storm,44.6,7.6,Severe,Rural Road,23.3,Express,2025-01-21 22:00:00,0.23,1402.0,1578.2,176.2,Moderate Delay
2899,Bangalore,Delhi,520.8,Cloudy,23.4,2.1,Severe,Rural Road,15.6,Express,2025-08-10 11:00:00,0.06,694.4,798.9,104.5,Moderate Delay
2900,Bangalore,Mumbai,868.1,Cloudy,16.0,4.9,Low,City Road,9.2,Standard,2025-09-09 10:00:00,0.34,1157.5,1235.1,77.6,Moderate Delay
2901,Mumbai,Pune,1948.8,Rain,26.0,12.3,Low,City Road,38.4,Standard,2025-01-02 07:00:00,0.23,2598.4,2674.0,75.6,Moderate Delay
2902,Mumbai,Delhi,1699.8,Storm,43.9,26.8,Severe,City Road,15.5,Express,2025-07-26 20:00:00,0.23,2266.4,2468.9,202.5,Severe Delay
2903,Chennai,Delhi,674.0,Storm,40.5,73.8,Low,Highway,47.4,Same-Day,2025-09-24 08:00:00,0.16,898.7,1006.3,107.6,Moderate Delay
2904,Delhi,Hyderabad,1582.9,Clear,16.0,0.0,Severe,Highway,31.6,Standard,2025-10-24 08:00:00,0.11,2110.5,2237.4,126.9,Moderate Delay
2905,Pune,Bangalore,963.8,Cloudy,35.8,1.4,Medium,Mixed,33.1,Standard,2025-08-22 20:00:00,0.11,1285.1,1345.4,60.3,Moderate Delay
2906,Jaipur,Mumbai,1074.4,Heavy Rain,20.3,18.3,Low,Rural Road,9.3,Express,2025-10-06 08:00:00,0.52,1432.5,1546.9,114.4,Moderate Delay
2907,Ahmedabad,Pune,888.7,Heavy Rain,24.3,32.4,High,Mixed,26.5,Standard,2025-01-21 07:00:00,0.36,1184.9,1319.8,134.9,Moderate Delay
2908,Mumbai,Jaipur,393.6,Rain,38.0,18.7,Medium,City Road,31.5,Express,2025-03-02 09:00:00,0.58,524.8,612.8,88.0,Moderate Delay
2909,Chennai,Ahmedabad,1452.6,Clear,37.2,0.0,Low,Highway,25.3,Express,2025-02-17 17:00:00,0.47,1936.8,1986.1,49.3,Slight Delay
2910,Kolkata,Pune,996.7,Storm,37.8,41.2,Medium,Rural Road,44.1,Standard,2025-01-10 12:00:00,0.44,1328.9,1480.2,151.3,Moderate Delay
2911,Kolkata,Mumbai,1039.0,Clear,14.2,0.0,High,City Road,14.3,Express,2025-05-03 14:00:00,0.41,1385.3,1499.1,113.8,Moderate Delay
2912,Pune,Raipur,200.9,Clear,24.5,0.0,Severe,Rural Road,46.0,Express,2025-10-22 14:00:00,0.12,267.9,366.5,98.6,Moderate Delay
2913,Kolkata,Hyderabad,578.8,Heavy Rain,29.0,41.3,Severe,Mixed,24.4,Standard,2025-01-28 09:00:00,0.05,771.7,929.6,157.9,Moderate Delay
2914,Mumbai,Jaipur,1409.4,Cloudy,10.7,0.1,High,Highway,26.5,Standard,2025-12-28 08:00:00,0.06,1879.2,1956.6,77.4,Moderate Delay
2915,Ahmedabad,Bangalore,756.0,Cloudy,26.8,0.8,Medium,Mixed,29.1,Same-Day,2025-05-28 06:00:00,0.26,1008.0,1063.6,55.6,Slight Delay
2916,Bangalore,Raipur,1404.3,Cloudy,16.6,2.9,Low,Rural Road,46.8,Same-Day,2025-02-05 21:00:00,0.21,1872.4,1914.7,42.3,Slight Delay
2917,Kolkata,Pune,1785.3,Cloudy,39.6,2.0,Severe,City Road,2.0,Express,2025-11-23 12:00:00,0.27,2380.4,2504.8,124.4,Moderate Delay
2918,Pune,Kolkata,342.2,Cloudy,34.1,0.4,Medium,Rural Road,27.6,Express,2025-01-09 06:00:00,0.46,456.3,518.4,62.1,Moderate Delay
2919,Kolkata,Delhi,446.4,Cloudy,25.7,4.9,Low,City Road,41.1,Same-Day,2025-12-26 16:00:00,0.51,595.2,674.2,79.0,Moderate Delay
2920,Delhi,Jaipur,578.5,Clear,13.9,0.0,Severe,Highway,28.6,Same-Day,2025-04-01 16:00:00,0.21,771.3,847.2,75.9,Moderate Delay
2921,Hyderabad,Mumbai,1627.8,Rain,21.0,38.3,Severe,Highway,24.9,Standard,2025-02-01 20:00:00,0.52,2170.4,2351.6,181.2,Severe Delay
2922,Jaipur,Bangalore,967.9,Cloudy,35.8,4.4,Low,Rural Road,44.6,Express,2025-07-29 06:00:00,0.27,1290.5,1339.8,49.3,Slight Delay
2923,Mumbai,Bangalore,322.9,Cloudy,26.5,0.5,Medium,City Road,30.3,Express,2025-02-14 06:00:00,0.51,430.5,519.6,89.1,Moderate Delay
2924,Delhi,Chennai,746.4,Cloudy,33.9,3.0,Medium,Mixed,31.7,Standard,2025-06-29 08:00:00,0.21,995.2,1067.4,72.2,Moderate Delay
2925,Bangalore,Mumbai,506.2,Fog,10.9,0.0,High,Rural Road,0.9,Standard,2025-09-12 19:00:00,0.13,674.9,795.5,120.6,Moderate Delay
2926,Pune,Hyderabad,1426.8,Cloudy,20.8,4.3,High,Rural Road,22.9,Express,2025-01-24 15:00:00,0.6,1902.4,2000.7,98.3,Moderate Delay
2927,Bangalore,Chennai,124.5,Heavy Rain,36.2,8.9,Severe,City Road,13.0,Same-Day,2025-06-03 18:00:00,0.5,166.0,338.7,172.7,Moderate Delay
2928,Mumbai,Bangalore,546.3,Storm,33.0,34.3,Low,Rural Road,7.2,Standard,2025-01-04 17:00:00,0.04,728.4,851.4,123.0,Moderate Delay
2929,Raipur,Chennai,1426.4,Fog,41.8,0.0,High,Mixed,42.1,Standard,2025-05-13 13:00:00,0.31,1901.9,2033.4,131.5,Moderate Delay
2930,Hyderabad,Jaipur,70.6,Heavy Rain,16.9,39.5,Low,Mixed,33.5,Express,2025-10-01 11:00:00,0.1,94.1,142.4,48.3,Slight Delay
2931,Bangalore,Pune,1333.8,Clear,14.6,0.0,Medium,Mixed,12.2,Same-Day,2025-04-04 18:00:00,0.32,1778.4,1843.4,65.0,Moderate Delay
2932,Raipur,Mumbai,1695.3,Storm,44.6,57.4,Severe,Mixed,19.3,Same-Day,2025-07-18 17:00:00,0.25,2260.4,2461.6,201.2,Severe Delay
2933,Pune,Bangalore,1439.1,Cloudy,42.1,4.6,High,Highway,35.3,Same-Day,2025-08-15 19:00:00,0.38,1918.8,2008.3,89.5,Moderate Delay
2934,Ahmedabad,Raipur,1060.7,Storm,11.3,9.3,High,Rural Road,6.1,Express,2025-08-28 08:00:00,0.09,1414.3,1577.0,162.7,Moderate Delay
2935,Bangalore,Mumbai,1311.3,Fog,16.1,0.0,Medium,Rural Road,46.0,Standard,2025-01-19 19:00:00,0.48,1748.4,1861.2,112.8,Moderate Delay
2936,Delhi,Jaipur,867.5,Rain,26.4,69.6,Severe,Rural Road,11.3,Standard,2025-03-06 13:00:00,0.06,1156.7,1263.1,106.4,Moderate Delay
2937,Hyderabad,Kolkata,735.2,Cloudy,19.1,0.5,High,Highway,28.2,Express,2025-08-03 18:00:00,0.02,980.3,1045.0,64.7,Moderate Delay
2938,Ahmedabad,Bangalore,497.8,Clear,44.7,0.0,Medium,Highway,1.5,Express,2025-11-23 19:00:00,0.13,663.7,701.0,37.3,Slight Delay
2939,Kolkata,Pune,959.0,Cloudy,44.0,2.1,High,Rural Road,11.3,Same-Day,2025-03-30 06:00:00,0.31,1278.7,1365.4,86.7,Moderate Delay
2940,Pune,Kolkata,521.3,Rain,36.6,30.3,Low,Highway,40.9,Standard,2025-12-10 21:00:00,0.03,695.1,733.1,38.0,Slight Delay
2941,Chennai,Jaipur,1745.5,Storm,28.1,27.2,Low,City Road,36.2,Express,2025-05-08 06:00:00,0.37,2327.3,2489.7,162.4,Moderate Delay
2942,Pune,Chennai,732.7,Rain,31.4,32.3,Medium,Rural Road,5.2,Same-Day,2025-10-28 15:00:00,0.27,976.9,1043.5,66.6,Moderate Delay
2943,Ahmedabad,Jaipur,605.3,Cloudy,38.4,4.6,Low,Rural Road,20.9,Same-Day,2025-08-03 06:00:00,0.53,807.1,868.0,60.9,Moderate Delay
2944,Pune,Raipur,1029.8,Rain,25.9,48.8,Low,Rural Road,44.6,Standard,2025-02-21 07:00:00,0.05,1373.1,1431.1,58.0,Slight Delay
2945,Bangalore,Delhi,48.6,Cloudy,18.1,3.0,High,Rural Road,25.4,Standard,2025-12-03 14:00:00,0.32,64.8,137.3,72.5,Moderate Delay
2946,Delhi,Chennai,427.0,Cloudy,17.0,0.5,Low,Highway,10.8,Same-Day,2025-07-25 07:00:00,0.36,569.3,603.9,34.6,Slight Delay
2947,Kolkata,Jaipur,352.8,Heavy Rain,33.4,73.5,Low,City Road,35.0,Express,2025-03-14 09:00:00,0.13,470.4,537.8,67.4,Moderate Delay
2948,Ahmedabad,Pune,708.3,Clear,32.3,0.0,Low,City Road,25.0,Standard,2025-02-01 12:00:00,0.07,944.4,979.6,35.2,Slight Delay
2949,Delhi,Ahmedabad,1232.0,Storm,31.2,41.0,Low,Highway,28.7,Standard,2025-05-22 07:00:00,0.36,1642.7,1761.3,118.6,Moderate Delay
2950,Mumbai,Kolkata,741.8,Rain,16.3,29.9,Severe,Highway,47.6,Standard,2025-02-24 21:00:00,0.41,989.1,1114.4,125.3,Moderate Delay
2951,Delhi,Ahmedabad,1988.2,Fog,35.7,0.0,Severe,Highway,26.1,Same-Day,2025-02-23 18:00:00,0.48,2650.9,2806.4,155.5,Moderate Delay
2952,Bangalore,Pune,576.5,Fog,10.4,0.0,Low,Rural Road,45.9,Standard,2025-10-25 15:00:00,0.41,768.7,851.5,82.8,Moderate Delay
2953,Raipur,Jaipur,1430.8,Rain,22.6,69.1,High,Highway,43.0,Same-Day,2025-03-03 08:00:00,0.54,1907.7,2015.1,107.4,Moderate Delay
2954,Chennai,Ahmedabad,554.1,Rain,39.9,18.3,Medium,Rural Road,18.7,Same-Day,2025-03-26 09:00:00,0.37,738.8,812.5,73.7,Moderate Delay
2955,Mumbai,Ahmedabad,1737.9,Cloudy,29.1,4.6,Severe,Highway,42.5,Express,2025-03-12 20:00:00,0.57,2317.2,2477.0,159.8,Moderate Delay
2956,Jaipur,Mumbai,695.2,Fog,34.0,0.0,Medium,Mixed,24.2,Standard,2025-08-01 09:00:00,0.05,926.9,1004.3,77.4,Moderate Delay
2957,Pune,Mumbai,1507.3,Storm,15.8,12.4,Low,Mixed,29.8,Standard,2025-03-08 12:00:00,0.44,2009.7,2144.2,134.5,Moderate Delay
2958,Jaipur,Pune,481.3,Rain,18.4,42.0,Severe,Mixed,29.4,Standard,2025-10-02 12:00:00,0.07,641.7,778.8,137.1,Moderate Delay
2959,Raipur,Hyderabad,1859.3,Cloudy,20.0,1.2,Low,Mixed,26.1,Express,2025-10-14 09:00:00,0.31,2479.1,2545.2,66.1,Moderate Delay
2960,Mumbai,Chennai,1955.1,Rain,21.7,78.7,Low,Rural Road,3.7,Express,2025-08-27 22:00:00,0.41,2606.8,2723.8,117.0,Moderate Delay
2961,Mumbai,Delhi,1648.3,Cloudy,17.5,0.1,High,Rural Road,11.3,Standard,2025-03-11 12:00:00,0.29,2197.7,2328.0,130.3,Moderate Delay
2962,Pune,Bangalore,1131.1,Cloudy,37.4,4.9,Low,Mixed,27.4,Same-Day,2025-01-20 18:00:00,0.25,1508.1,1564.3,56.2,Slight Delay
2963,Jaipur,Pune,1076.0,Storm,24.3,54.1,High,Mixed,13.9,Express,2025-07-23 21:00:00,0.21,1434.7,1613.6,178.9,Moderate Delay
2964,Mumbai,Raipur,1281.5,Heavy Rain,30.7,51.7,High,Highway,8.8,Express,2025-11-14 09:00:00,0.17,1708.7,1838.0,129.3,Moderate Delay
2965,Chennai,Pune,623.6,Fog,11.3,0.0,Medium,Highway,20.2,Express,2025-01-29 09:00:00,0.5,831.5,916.5,85.0,Moderate Delay
2966,Pune,Kolkata,1576.2,Cloudy,30.4,1.3,Severe,Highway,11.8,Standard,2025-09-03 06:00:00,0.01,2101.6,2234.2,132.6,Moderate Delay
2967,Chennai,Kolkata,110.6,Rain,13.7,38.0,Low,Rural Road,24.1,Standard,2025-05-25 12:00:00,0.49,147.5,212.3,64.8,Moderate Delay
2968,Delhi,Jaipur,498.0,Cloudy,39.2,2.3,Medium,Rural Road,16.5,Same-Day,2025-05-30 22:00:00,0.25,664.0,698.7,34.7,Slight Delay
2969,Delhi,Kolkata,1878.5,Clear,11.0,0.0,Low,Rural Road,38.7,Standard,2025-08-06 08:00:00,0.32,2504.7,2570.5,65.8,Moderate Delay
2970,Mumbai,Pune,138.7,Cloudy,33.9,1.4,Low,City Road,3.2,Standard,2025-07-08 08:00:00,0.4,184.9,226.3,41.4,Slight Delay
2971,Pune,Ahmedabad,1734.6,Fog,20.9,0.0,High,Mixed,4.9,Same-Day,2025-05-29 18:00:00,0.46,2312.8,2442.2,129.4,Moderate Delay
2972,Chennai,Kolkata,1263.8,Fog,32.8,0.0,High,City Road,39.7,Express,2025-10-09 08:00:00,0.38,1685.1,1813.7,128.6,Moderate Delay
2973,Delhi,Mumbai,507.7,Rain,40.2,49.2,Low,Highway,24.2,Express,2025-09-13 19:00:00,0.01,676.9,704.9,28.0,Slight Delay
2974,Kolkata,Bangalore,1075.4,Heavy Rain,11.5,76.8,Severe,Highway,46.4,Express,2025-08-30 13:00:00,0.41,1433.9,1586.0,152.1,Moderate Delay
2975,Ahmedabad,Hyderabad,1397.7,Rain,29.1,6.3,Low,City Road,37.3,Same-Day,2025-02-09 20:00:00,0.11,1863.6,1906.7,43.1,Slight Delay
2976,Raipur,Hyderabad,211.3,Clear,34.5,0.0,Medium,City Road,14.5,Same-Day,2025-07-10 21:00:00,0.59,281.7,363.4,81.7,Moderate Delay
2977,Ahmedabad,Delhi,521.4,Rain,12.5,77.9,High,Rural Road,3.5,Standard,2025-07-12 07:00:00,0.51,695.2,761.9,66.7,Moderate Delay
2978,Jaipur,Raipur,1178.9,Cloudy,37.0,1.9,Medium,Mixed,8.4,Standard,2025-03-20 15:00:00,0.48,1571.9,1671.1,99.2,Moderate Delay
2979,Kolkata,Raipur,292.1,Fog,27.6,0.0,High,Rural Road,5.1,Express,2025-08-25 20:00:00,0.58,389.5,510.5,121.0,Moderate Delay
2980,Bangalore,Mumbai,1636.9,Rain,30.0,14.9,Low,Mixed,9.0,Standard,2025-01-14 20:00:00,0.52,2182.5,2281.4,98.9,Moderate Delay
2981,Chennai,Mumbai,672.8,Storm,33.6,17.9,Severe,Highway,6.5,Express,2025-07-16 14:00:00,0.47,897.1,1123.0,225.9,Severe Delay
2982,Raipur,Jaipur,586.2,Fog,42.9,0.0,Medium,Mixed,45.8,Same-Day,2025-02-01 12:00:00,0.03,781.6,834.3,52.7,Slight Delay
2983,Delhi,Ahmedabad,665.1,Rain,30.1,17.8,High,City Road,1.6,Same-Day,2025-01-09 11:00:00,0.34,886.8,1004.0,117.2,Moderate Delay
2984,Raipur,Kolkata,1384.8,Clear,21.3,0.0,High,Rural Road,7.9,Same-Day,2025-08-24 11:00:00,0.4,1846.4,1964.0,117.6,Moderate Delay
2985,Pune,Mumbai,78.3,Cloudy,44.6,3.6,Medium,Rural Road,21.6,Express,2025-07-21 22:00:00,0.11,104.4,157.1,52.7,Slight Delay
2986,Pune,Bangalore,1297.4,Heavy Rain,40.2,21.4,Medium,Rural Road,32.0,Standard,2025-08-18 19:00:00,0.06,1729.9,1841.5,111.6,Moderate Delay
2987,Pune,Kolkata,313.8,Cloudy,25.2,4.7,Low,Mixed,25.5,Same-Day,2025-07-13 12:00:00,0.44,418.4,462.0,43.6,Slight Delay
2988,Bangalore,Ahmedabad,809.1,Clear,39.0,0.0,Medium,Rural Road,21.4,Standard,2025-10-08 18:00:00,0.56,1078.8,1142.0,63.2,Moderate Delay
2989,Raipur,Pune,1154.8,Fog,22.7,0.0,Medium,Rural Road,17.9,Same-Day,2025-03-06 12:00:00,0.41,1539.7,1624.3,84.6,Moderate Delay
2990,Ahmedabad,Pune,1857.0,Fog,14.3,0.0,Severe,Highway,13.1,Express,2025-12-10 06:00:00,0.16,2476.0,2612.9,136.9,Moderate Delay
2991,Kolkata,Jaipur,1220.7,Storm,27.7,42.0,Severe,City Road,3.8,Standard,2025-01-30 16:00:00,0.38,1627.6,1827.0,199.4,Severe Delay
2992,Hyderabad,Chennai,1362.4,Rain,30.2,61.8,Low,Rural Road,37.2,Standard,2025-12-18 22:00:00,0.51,1816.5,1897.7,81.2,Moderate Delay
2993,Jaipur,Bangalore,404.8,Heavy Rain,42.0,35.6,Medium,Mixed,11.0,Same-Day,2025-02-12 16:00:00,0.42,539.7,631.6,91.9,Moderate Delay
2994,Jaipur,Raipur,221.7,Heavy Rain,42.3,51.8,High,Highway,43.5,Express,2025-04-09 16:00:00,0.41,295.6,401.9,106.3,Moderate Delay
2995,Pune,Ahmedabad,320.4,Clear,44.3,0.0,Severe,Mixed,45.1,Express,2025-12-30 16:00:00,0.54,427.2,575.0,147.8,Moderate Delay
2996,Hyderabad,Kolkata,1856.1,Cloudy,29.4,2.2,Severe,Highway,48.4,Same-Day,2025-12-27 06:00:00,0.28,2474.8,2613.5,138.7,Moderate Delay
2997,Chennai,Jaipur,1038.8,Rain,20.5,53.3,Medium,City Road,45.5,Express,2025-04-18 18:00:00,0.0,1385.1,1445.6,60.5,Moderate Delay
2998,Bangalore,Ahmedabad,1588.8,Fog,15.6,0.0,Medium,City Road,19.4,Standard,2025-12-28 11:00:00,0.28,2118.4,2233.4,115.0,Moderate Delay
2999,Bangalore,Chennai,1595.9,Heavy Rain,16.4,31.0,Low,Highway,3.7,Standard,2025-08-26 17:00:00,0.33,2127.9,2210.8,82.9,Moderate Delay
3000,Raipur,Pune,290.8,Storm,27.0,20.6,Low,Mixed,40.3,Standard,2025-08-05 11:00:00,0.34,387.7,503.2,115.5,Moderate Delay
